Spam version 2.11-3 (2026-01-05) is loaded.
Type 'help( Spam)' or 'demo( spam)' for a short introduction 
and overview of this package.
Help for individual functions is also obtained by adding the
suffix '.spam' to the function name, e.g. 'help( chol.spam)'.

Attaching package: 'spam'

The following object is masked from 'package:Matrix':

    det

The following objects are masked from 'package:base':

    backsolve, forwardsolve

Loading required package: viridisLite

Try help(fields) to get started.
Loading required package: spam64
Loading required package: fftwtools

Attaching package: 'xtable'

The following object is masked from 'package:spam':

    display

Loading required package: coda
Loading required package: MASS

Attaching package: 'MASS'

The following objects are masked from 'package:raster':

    area, select

##
## Markov Chain Monte Carlo Package (MCMCpack)
## Copyright (C) 2003-2026 Andrew D. Martin, Kevin M. Quinn, and Jong Hee Park
##
## Support provided by the U.S. National Science Foundation
## (Grants SES-0350646 and SES-0350613)
##

Attaching package: 'MCMCpack'

The following objects are masked from 'package:invgamma':

    dinvgamma, rinvgamma

This is INLA_25.03.13 built 2025-03-12 21:15:52 UTC.
 - See www.r-inla.org/contact-us for how to get help.
 - List available models/likelihoods/etc with inla.list.models()
 - Use inla.doc(<NAME>) to access documentation

Attaching package: 'INLA'

The following object is masked from 'package:spam':

    Oral


Attaching package: 'data.table'

The following object is masked from 'package:raster':

    shift

Loading required package: grid
Loading required package: survival

Attaching package: 'survival'

The following objects are masked from 'package:sampling':

    cluster, strata


Attaching package: 'survey'

The following object is masked from 'package:raster':

    cv

The following object is masked from 'package:graphics':

    dotchart

SUMMER version 1.4.1
  See latest changes with 'news(package = 'SUMMER')'
Loading required package: TraMineR

TraMineR stable version 2.2-11 (Built: 2025-03-22)
Website: http://traminer.unige.ch
Please type 'citation("TraMineR")' for citation information.

Loading required package: cluster
This is WeightedCluster stable version 1.8-1 (Built: 2025-03-22)

To access available manuals and short tutorials, please run:
   vignette("WeightedCluster") ## For the complete manual in English
   vignette(package="WeightedCluster") ## To list available documentation

To cite WeightedCluster in publications please use or references in the help pages:
Studer, Matthias (2013). WeightedCluster Library Manual: A practical
   guide to creating typologies of trajectories in the social sciences
   with R. LIVES Working Papers, 24. doi:
   10.12682/lives.2296-1658.2013.24
Loading required package: foreign

Attaching package: 'shapefiles'

The following objects are masked from 'package:foreign':

    read.dbf, write.dbf

Loading required package: usethis

Attaching package: 'colorspace'

The following object is masked from 'package:raster':

    RGB

Loading required package: Rcpp
Warning in CPL_crs_from_input(x) :
  GDAL Message 1: +init=epsg:XXXX syntax is deprecated. It might return a CRS with a non-EPSG compliant axis order.
[sim] loading cached savedOutput/simStudy1/simPopsSurveys_BYM2.RData

##### [BYM2] sim 1 #####
Loading required package: prodlim
  [Md_FE] fitting ... Warning in Matrix.DeprecatedCoerce(cd1, cd2) :
  'as(<dgTMatrix>, "dgCMatrix")' is deprecated.
Use 'as(., "CsparseMatrix")' instead.
See help("Deprecated") and help("Matrix-deprecated").
Warning in eigen.spam(tempQ, symmetric = TRUE) : 
 The eigenvalues are calculated with the function 'eigen' from the base package.
[1] "dyn.unload(dynlib('code/'))"
Warning in TMB::sdreport(obj, getJointPrecision = TRUE, bias.correct = TRUE,  :
  'bias.correct' does nothing without random effects
fit 0.0 min
  [Md] fitting ... Warning in Matrix.DeprecatedCoerce(cd1, cd2) :
  'as(<dgTMatrix>, "dgCMatrix")' is deprecated.
Use 'as(., "CsparseMatrix")' instead.
See help("Deprecated") and help("Matrix-deprecated").
Warning in eigen.spam(tempQ, symmetric = TRUE) : 
 The eigenvalues are calculated with the function 'eigen' from the base package.
[1] "dyn.unload(dynlib('code/'))"
[1] "compiling code/modM_DSepRepar.cpp..."
using C++ compiler: 'G__~1.EXE (GCC) 13.3.0'
make: Nothing to be done for 'all'.
[1] "optimizing for tol = 1e-06."
par:
   log_tau  logit_phi log_tauEps 
         0          0          0 
iter: 1  value: 3766.825 mgc: 751.2669 ustep: 1 
iter: 2  value: 3712.163 mgc: 304.7355 ustep: 1 
iter: 3  value: 3710.796 mgc: 39.60854 ustep: 1 
iter: 4  value: 3710.789 mgc: 2.346069 ustep: 1 
iter: 5  value: 3710.789 mgc: 0.01670239 ustep: 1 
iter: 6  value: 3710.789 mgc: 1.02469e-06 ustep: 1 
iter: 7  mgc: 2.019468e-13 
iter: 1  mgc: 2.019468e-13 
Matching hessian patterns... Done
outer mgc:  98.84119 
par:
    log_tau   logit_phi  log_tauEps 
 0.50512059  0.03041293 -3.95364765 
iter: 1  value: 5640.894 mgc: 2.341716 ustep: 1 
iter: 2  value: 5596.812 mgc: 39.65072 ustep: 1 
iter: 3  value: 5588.716 mgc: 9.9894 ustep: 1 
iter: 4  value: 5588.044 mgc: 2.009996 ustep: 1 
iter: 5  value: 5588.035 mgc: 0.1692619 ustep: 1 
iter: 6  value: 5588.035 mgc: 0.001716133 ustep: 1 
iter: 7  value: 5588.035 mgc: 1.068372e-06 ustep: 1 
iter: 8  mgc: 4.969672e-12 
par:
     log_tau    logit_phi   log_tauEps 
 0.101024118  0.006082586 -0.790729530 
iter: 1  value: 3920.206 mgc: 1.304746 ustep: 1 
iter: 2  value: 3919.629 mgc: 7.723842 ustep: 1 
iter: 3  value: 3919.629 mgc: 0.1060238 ustep: 1 
iter: 4  value: 3919.629 mgc: 2.267692e-05 ustep: 1 
iter: 5  mgc: 1.388486e-11 
par:
     log_tau    logit_phi   log_tauEps 
 0.020204824  0.001216517 -0.158145906 
iter: 1  value: 3744.173 mgc: 0.3492339 ustep: 1 
iter: 2  value: 3744.172 mgc: 0.3972932 ustep: 1 
iter: 3  value: 3744.172 mgc: 0.0001678267 ustep: 1 
iter: 4  mgc: 3.294841e-11 
iter: 1  mgc: 3.294841e-11 
outer mgc:  58.64219 
par:
   log_tau  logit_phi log_tauEps 
 2.3944486  0.1316789 -0.1825674 
iter: 1  value: 3734.659 mgc: 38.08931 ustep: 1 
iter: 2  value: 3734.656 mgc: 1.41453 ustep: 1 
iter: 3  value: 3734.656 mgc: 0.001617365 ustep: 1 
iter: 4  mgc: 6.842486e-09 
par:
   log_tau  logit_phi log_tauEps 
 0.4950536  0.0273090 -0.1630302 
iter: 1  value: 3738.769 mgc: 1.876935 ustep: 1 
iter: 2  value: 3738.769 mgc: 0.01612251 ustep: 1 
iter: 3  value: 3738.769 mgc: 2.358908e-07 ustep: 1 
iter: 4  mgc: 1.927662e-13 
iter: 1  mgc: 1.927662e-13 
outer mgc:  56.56573 
par:
   log_tau  logit_phi log_tauEps 
 1.5028166 -0.7386882 -0.3985514 
iter: 1  value: 3793.951 mgc: 7.153338 ustep: 1 
iter: 2  value: 3793.946 mgc: 1.029212 ustep: 1 
iter: 3  value: 3793.946 mgc: 0.001114382 ustep: 1 
iter: 4  mgc: 6.306508e-09 
iter: 1  mgc: 6.306508e-09 
outer mgc:  6.141416 
par:
   log_tau  logit_phi log_tauEps 
 1.1871600 -0.6385800 -0.3827361 
iter: 1  value: 3790.98 mgc: 2.476561 ustep: 1 
iter: 2  value: 3790.98 mgc: 0.03007565 ustep: 1 
iter: 3  value: 3790.98 mgc: 6.062024e-07 ustep: 1 
iter: 4  mgc: 7.048932e-13 
iter: 1  mgc: 7.048932e-13 
outer mgc:  1.842913 
par:
   log_tau  logit_phi log_tauEps 
 1.2540124 -0.8297087 -0.3732971 
iter: 1  value: 3789.208 mgc: 0.789118 ustep: 1 
iter: 2  value: 3789.208 mgc: 0.002302769 ustep: 1 
iter: 3  value: 3789.208 mgc: 1.554224e-08 ustep: 1 
mgc: 3.082509e-13 
iter: 1  mgc: 3.082509e-13 
outer mgc:  0.5685488 
par:
   log_tau  logit_phi log_tauEps 
 1.2589735 -0.9119478 -0.3754815 
iter: 1  value: 3790.205 mgc: 0.2421673 ustep: 1 
iter: 2  value: 3790.205 mgc: 0.0001245005 ustep: 1 
iter: 3  mgc: 1.621764e-11 
iter: 1  mgc: 1.621764e-11 
outer mgc:  0.057552 
par:
   log_tau  logit_phi log_tauEps 
 1.2554141 -0.9315642 -0.3754448 
iter: 1  value: 3790.325 mgc: 0.05791251 ustep: 1 
iter: 2  value: 3790.325 mgc: 6.629253e-06 ustep: 1 
iter: 3  mgc: 4.046862e-13 
par:
   log_tau  logit_phi log_tauEps 
 1.1978621 -0.9466868 -0.3624836 
iter: 1  value: 3787.423 mgc: 0.3538672 ustep: 1 
iter: 2  value: 3787.423 mgc: 0.003494879 ustep: 1 
iter: 3  value: 3787.423 mgc: 1.175423e-08 ustep: 1 
mgc: 6.973313e-14 
par:
   log_tau  logit_phi log_tauEps 
 1.2439037 -0.9345887 -0.3728525 
iter: 1  value: 3789.741 mgc: 0.07301901 ustep: 1 
iter: 2  value: 3789.741 mgc: 0.0001401579 ustep: 1 
iter: 3  mgc: 1.902244e-11 
par:
   log_tau  logit_phi log_tauEps 
 1.2531120 -0.9321691 -0.3749263 
iter: 1  value: 3790.208 mgc: 0.01469569 ustep: 1 
iter: 2  value: 3790.208 mgc: 5.609188e-06 ustep: 1 
iter: 3  mgc: 2.460371e-13 
par:
   log_tau  logit_phi log_tauEps 
 1.2549537 -0.9316852 -0.3753411 
iter: 1  value: 3790.302 mgc: 0.00294283 ustep: 1 
iter: 2  value: 3790.302 mgc: 2.243906e-07 ustep: 1 
iter: 3  mgc: 7.558754e-14 
par:
   log_tau  logit_phi log_tauEps 
 1.2553220 -0.9315884 -0.3754240 
iter: 1  value: 3790.321 mgc: 0.0005887139 ustep: 1 
iter: 2  mgc: 8.976218e-09 
[1] "completed optimization for tol = 1e-06"
iter: 1  mgc: 8.976218e-09 
outer mgc:  0.004604475 
iter: 1  value: 3790.314 mgc: 0.006747124 ustep: 1 
iter: 2  value: 3790.314 mgc: 2.350556e-07 ustep: 1 
mgc: 4.324562e-13 
outer mgc:  0.01678806 
iter: 1  value: 3790.327 mgc: 0.006738764 ustep: 1 
iter: 2  value: 3790.327 mgc: 2.347888e-07 ustep: 1 
mgc: 4.152272e-13 
outer mgc:  0.00880897 
iter: 1  value: 3790.315 mgc: 0.002967175 ustep: 1 
iter: 2  mgc: 7.980475e-09 
outer mgc:  0.004642061 
iter: 1  value: 3790.326 mgc: 0.002964975 ustep: 1 
iter: 2  mgc: 7.982045e-09 
outer mgc:  0.004566941 
iter: 1  value: 3790.06 mgc: 0.001787176 ustep: 1 
iter: 2  value: 3790.06 mgc: 1.486497e-05 ustep: 1 
iter: 3  mgc: 3.478619e-13 
outer mgc:  0.2673098 
iter: 1  value: 3790.582 mgc: 0.00178539 ustep: 1 
iter: 2  value: 3790.582 mgc: 1.485345e-05 ustep: 1 
iter: 3  mgc: 1.881381e-13 
outer mgc:  0.2581058 
Re-using symbolic Cholesky
iter: 1  mgc: 8.976218e-09 
Matching hessian patterns... Done
outer mgc:  0.004604475 
iter: 1  mgc: 8.976218e-09 
outer mgc:  0.004604475 
iter: 1  value: 3790.32 mgc: 0.000846522 ustep: 1 
iter: 2  mgc: 3.70236e-09 
outer mgc:  0.005594853 
iter: 1  value: 3790.321 mgc: 0.0008463908 ustep: 1 
iter: 2  mgc: 3.701457e-09 
outer mgc:  0.004716163 
iter: 1  value: 3790.32 mgc: 0.000276326 ustep: 1 
iter: 2  mgc: 6.953628e-11 
outer mgc:  0.004607976 
iter: 1  value: 3790.321 mgc: 0.0002763062 ustep: 1 
iter: 2  mgc: 6.965744e-11 
outer mgc:  0.004600978 
iter: 1  value: 3790.311 mgc: 6.70625e-05 ustep: 1 
iter: 2  value: 3790.311 mgc: 2.094276e-08 ustep: 1 
mgc: 2.382662e-13 
outer mgc:  0.01446716 
iter: 1  value: 3790.33 mgc: 6.70602e-05 ustep: 1 
iter: 2  value: 3790.33 mgc: 2.094247e-08 ustep: 1 
mgc: 4.464552e-13 
outer mgc:  0.005258209 
iter: 1  value: 3790.32 mgc: 0.0004232444 ustep: 1 
iter: 2  mgc: 9.257219e-10 
outer mgc:  0.004791524 
iter: 1  value: 3790.321 mgc: 0.000423212 ustep: 1 
iter: 2  mgc: 9.254176e-10 
outer mgc:  0.004660314 
iter: 1  value: 3790.32 mgc: 0.0001381608 ustep: 1 
iter: 2  mgc: 1.73548e-11 
outer mgc:  0.004606227 
iter: 1  value: 3790.321 mgc: 0.0001381553 ustep: 1 
iter: 2  mgc: 1.75566e-11 
outer mgc:  0.004602728 
iter: 1  value: 3790.316 mgc: 3.353088e-05 ustep: 1 
iter: 2  mgc: 5.235878e-09 
outer mgc:  0.009535815 
iter: 1  value: 3790.325 mgc: 3.353047e-05 ustep: 1 
iter: 2  mgc: 5.236049e-09 
outer mgc:  0.004004903 
iter: 1  value: 3790.32 mgc: 0.000211618 ustep: 1 
iter: 2  mgc: 2.313232e-10 
outer mgc:  0.004576563 
iter: 1  value: 3790.321 mgc: 0.0002116103 ustep: 1 
iter: 2  mgc: 2.310893e-10 
outer mgc:  0.004632394 
iter: 1  value: 3790.32 mgc: 6.908001e-05 ustep: 1 
iter: 2  mgc: 4.224518e-12 
outer mgc:  0.004605352 
iter: 1  value: 3790.321 mgc: 6.907804e-05 ustep: 1 
iter: 2  mgc: 4.545686e-12 
outer mgc:  0.004603602 
iter: 1  value: 3790.318 mgc: 1.676531e-05 ustep: 1 
iter: 2  mgc: 1.308937e-09 
outer mgc:  0.007070147 
iter: 1  value: 3790.323 mgc: 1.676537e-05 ustep: 1 
iter: 2  mgc: 1.308359e-09 
outer mgc:  0.003996554 
iter: 1  value: 3790.32 mgc: 0.0001058078 ustep: 1 
iter: 2  mgc: 5.77986e-11 
outer mgc:  0.00459052 
iter: 1  value: 3790.321 mgc: 0.0001058063 ustep: 1 
iter: 2  mgc: 5.728554e-11 
outer mgc:  0.004618435 
iter: 1  value: 3790.321 mgc: 3.454005e-05 ustep: 1 
iter: 2  mgc: 1.094892e-12 
outer mgc:  0.004604914 
iter: 1  value: 3790.321 mgc: 3.453898e-05 ustep: 1 
iter: 2  mgc: 6.692785e-13 
outer mgc:  0.00460404 
iter: 1  value: 3790.319 mgc: 8.382581e-06 ustep: 1 
iter: 2  mgc: 3.269948e-10 
outer mgc:  0.005837312 
iter: 1  value: 3790.322 mgc: 8.382756e-06 ustep: 1 
iter: 2  mgc: 3.27474e-10 
outer mgc:  0.00399238 
elapsed 
 0.5215 
[1] "optimization took 0.9125 minutes"
fit 1.0 min
Warning in sweep(gridDraws_tmb, 2, alpha_tmb_draws, "+") :
  length(STATS) or dim(STATS) do not match dim(x)[MARGIN]
Warning in sweep(gridDraws_tmb, 2, alpha_tmb_draws, "+") :
  length(STATS) or dim(STATS) do not match dim(x)[MARGIN]
  [M_D_FE] fitting ... Warning in Matrix.DeprecatedCoerce(cd1, cd2) :
  'as(<dgTMatrix>, "dgCMatrix")' is deprecated.
Use 'as(., "CsparseMatrix")' instead.
See help("Deprecated") and help("Matrix-deprecated").
Warning in eigen.spam(tempQ, symmetric = TRUE) : 
 The eigenvalues are calculated with the function 'eigen' from the base package.
[1] "dyn.unload(dynlib('code/'))"
Warning: 4 external pointers will be removed
[1] "dyn.unload(dynlib('code/'))"
Warning in TMB::sdreport(obj, getJointPrecision = TRUE, bias.correct = TRUE,  :
  'bias.correct' does nothing without random effects
fit 0.2 min
  [M_M_FE] fitting ... [1] "dyn.unload(dynlib('code/'))"
Warning in TMB::sdreport(obj, getJointPrecision = TRUE, bias.correct = TRUE,  :
  'bias.correct' does nothing without random effects
fit 0.5 min
  [M_DM_FE] fitting ... Warning in Matrix.DeprecatedCoerce(cd1, cd2) :
  'as(<dgTMatrix>, "dgCMatrix")' is deprecated.
Use 'as(., "CsparseMatrix")' instead.
See help("Deprecated") and help("Matrix-deprecated").
Warning in eigen.spam(tempQ, symmetric = TRUE) : 
 The eigenvalues are calculated with the function 'eigen' from the base package.
[1] "dyn.unload(dynlib('code/'))"
Warning: 2 external pointers will be removed
[1] "dyn.unload(dynlib('code/'))"
[modMDM_BYM2_GH_v2] sizes: nUrbM=741 nRurM=1442 nUrbD=572 nRurD=806 nAreas=41 KUrbM=100 KRurM=100 KUrbD=16 KRurD=21 Q=10
[modMDM_BYM2_GH_v2] about to multiply Q_bym2 by u_bym2 (nAreas=41)
[modMDM_BYM2_GH_v2] completed Q_bym2 * u_bym2 multiply
[modMDM_BYM2_GH_v2] add_dataset start: nObs=741 Kint=100 fe.size=74100 w.rows=741 w.cols=100 lchoose=741 areaidx.len=741 areaidx.range=0..40
[modMDM_BYM2_GH_v2] add_dataset start: nObs=1442 Kint=100 fe.size=144200 w.rows=1442 w.cols=100 lchoose=1442 areaidx.len=1442 areaidx.range=0..37
[modMDM_BYM2_GH_v2] add_dataset start: nObs=572 Kint=16 fe.size=9152 w.rows=572 w.cols=16 lchoose=572 areaidx.len=572 areaidx.range=0..40
[modMDM_BYM2_GH_v2] add_dataset start: nObs=806 Kint=21 fe.size=16926 w.rows=806 w.cols=21 lchoose=806 areaidx.len=806 areaidx.range=0..37
[modMDM_BYM2_GH_v2] sizes: nUrbM=741 nRurM=1442 nUrbD=572 nRurD=806 nAreas=41 KUrbM=100 KRurM=100 KUrbD=16 KRurD=21 Q=10
[modMDM_BYM2_GH_v2] about to multiply Q_bym2 by u_bym2 (nAreas=41)
[modMDM_BYM2_GH_v2] completed Q_bym2 * u_bym2 multiply
[modMDM_BYM2_GH_v2] add_dataset start: nObs=741 Kint=100 fe.size=74100 w.rows=741 w.cols=100 lchoose=741 areaidx.len=741 areaidx.range=0..40
[modMDM_BYM2_GH_v2] add_dataset start: nObs=1442 Kint=100 fe.size=144200 w.rows=1442 w.cols=100 lchoose=1442 areaidx.len=1442 areaidx.range=0..37
[modMDM_BYM2_GH_v2] add_dataset start: nObs=572 Kint=16 fe.size=9152 w.rows=572 w.cols=16 lchoose=572 areaidx.len=572 areaidx.range=0..40
[modMDM_BYM2_GH_v2] add_dataset start: nObs=806 Kint=21 fe.size=16926 w.rows=806 w.cols=21 lchoose=806 areaidx.len=806 areaidx.range=0..37
[modMDM_BYM2_GH_v2] sizes: nUrbM=741 nRurM=1442 nUrbD=572 nRurD=806 nAreas=41 KUrbM=100 KRurM=100 KUrbD=16 KRurD=21 Q=10
[modMDM_BYM2_GH_v2] about to multiply Q_bym2 by u_bym2 (nAreas=41)
[modMDM_BYM2_GH_v2] completed Q_bym2 * u_bym2 multiply
[modMDM_BYM2_GH_v2] add_dataset start: nObs=741 Kint=100 fe.size=74100 w.rows=741 w.cols=100 lchoose=741 areaidx.len=741 areaidx.range=0..40
[modMDM_BYM2_GH_v2] add_dataset start: nObs=1442 Kint=100 fe.size=144200 w.rows=1442 w.cols=100 lchoose=1442 areaidx.len=1442 areaidx.range=0..37
[modMDM_BYM2_GH_v2] add_dataset start: nObs=572 Kint=16 fe.size=9152 w.rows=572 w.cols=16 lchoose=572 areaidx.len=572 areaidx.range=0..40
[modMDM_BYM2_GH_v2] add_dataset start: nObs=806 Kint=21 fe.size=16926 w.rows=806 w.cols=21 lchoose=806 areaidx.len=806 areaidx.range=0..37
[modMDM_BYM2_GH_v2] sizes: nUrbM=741 nRurM=1442 nUrbD=572 nRurD=806 nAreas=41 KUrbM=100 KRurM=100 KUrbD=16 KRurD=21 Q=10
[modMDM_BYM2_GH_v2] about to multiply Q_bym2 by u_bym2 (nAreas=41)
[modMDM_BYM2_GH_v2] completed Q_bym2 * u_bym2 multiply
[modMDM_BYM2_GH_v2] add_dataset start: nObs=741 Kint=100 fe.size=74100 w.rows=741 w.cols=100 lchoose=741 areaidx.len=741 areaidx.range=0..40
[modMDM_BYM2_GH_v2] add_dataset start: nObs=1442 Kint=100 fe.size=144200 w.rows=1442 w.cols=100 lchoose=1442 areaidx.len=1442 areaidx.range=0..37
[modMDM_BYM2_GH_v2] add_dataset start: nObs=572 Kint=16 fe.size=9152 w.rows=572 w.cols=16 lchoose=572 areaidx.len=572 areaidx.range=0..40
[modMDM_BYM2_GH_v2] add_dataset start: nObs=806 Kint=21 fe.size=16926 w.rows=806 w.cols=21 lchoose=806 areaidx.len=806 areaidx.range=0..37
[modMDM_BYM2_GH_v2] sizes: nUrbM=741 nRurM=1442 nUrbD=572 nRurD=806 nAreas=41 KUrbM=100 KRurM=100 KUrbD=16 KRurD=21 Q=10
[modMDM_BYM2_GH_v2] about to multiply Q_bym2 by u_bym2 (nAreas=41)
[modMDM_BYM2_GH_v2] completed Q_bym2 * u_bym2 multiply
[modMDM_BYM2_GH_v2] add_dataset start: nObs=741 Kint=100 fe.size=74100 w.rows=741 w.cols=100 lchoose=741 areaidx.len=741 areaidx.range=0..40
[modMDM_BYM2_GH_v2] add_dataset start: nObs=1442 Kint=100 fe.size=144200 w.rows=1442 w.cols=100 lchoose=1442 areaidx.len=1442 areaidx.range=0..37
[modMDM_BYM2_GH_v2] add_dataset start: nObs=572 Kint=16 fe.size=9152 w.rows=572 w.cols=16 lchoose=572 areaidx.len=572 areaidx.range=0..40
[modMDM_BYM2_GH_v2] add_dataset start: nObs=806 Kint=21 fe.size=16926 w.rows=806 w.cols=21 lchoose=806 areaidx.len=806 areaidx.range=0..37
[modMDM_BYM2_GH_v2] sizes: nUrbM=741 nRurM=1442 nUrbD=572 nRurD=806 nAreas=41 KUrbM=100 KRurM=100 KUrbD=16 KRurD=21 Q=10
[modMDM_BYM2_GH_v2] about to multiply Q_bym2 by u_bym2 (nAreas=41)
[modMDM_BYM2_GH_v2] completed Q_bym2 * u_bym2 multiply
[modMDM_BYM2_GH_v2] add_dataset start: nObs=741 Kint=100 fe.size=74100 w.rows=741 w.cols=100 lchoose=741 areaidx.len=741 areaidx.range=0..40
[modMDM_BYM2_GH_v2] add_dataset start: nObs=1442 Kint=100 fe.size=144200 w.rows=1442 w.cols=100 lchoose=1442 areaidx.len=1442 areaidx.range=0..37
[modMDM_BYM2_GH_v2] add_dataset start: nObs=572 Kint=16 fe.size=9152 w.rows=572 w.cols=16 lchoose=572 areaidx.len=572 areaidx.range=0..40
[modMDM_BYM2_GH_v2] add_dataset start: nObs=806 Kint=21 fe.size=16926 w.rows=806 w.cols=21 lchoose=806 areaidx.len=806 areaidx.range=0..37
[modMDM_BYM2_GH_v2] sizes: nUrbM=741 nRurM=1442 nUrbD=572 nRurD=806 nAreas=41 KUrbM=100 KRurM=100 KUrbD=16 KRurD=21 Q=10
[modMDM_BYM2_GH_v2] about to multiply Q_bym2 by u_bym2 (nAreas=41)
[modMDM_BYM2_GH_v2] completed Q_bym2 * u_bym2 multiply
[modMDM_BYM2_GH_v2] add_dataset start: nObs=741 Kint=100 fe.size=74100 w.rows=741 w.cols=100 lchoose=741 areaidx.len=741 areaidx.range=0..40
[modMDM_BYM2_GH_v2] add_dataset start: nObs=1442 Kint=100 fe.size=144200 w.rows=1442 w.cols=100 lchoose=1442 areaidx.len=1442 areaidx.range=0..37
[modMDM_BYM2_GH_v2] add_dataset start: nObs=572 Kint=16 fe.size=9152 w.rows=572 w.cols=16 lchoose=572 areaidx.len=572 areaidx.range=0..40
[modMDM_BYM2_GH_v2] add_dataset start: nObs=806 Kint=21 fe.size=16926 w.rows=806 w.cols=21 lchoose=806 areaidx.len=806 areaidx.range=0..37
Warning in TMB::sdreport(obj, getJointPrecision = TRUE, bias.correct = TRUE,  :
  'bias.correct' does nothing without random effects
fit 3.4 min
  [M_D_BYM2] fitting ... Warning in Matrix.DeprecatedCoerce(cd1, cd2) :
  'as(<dgTMatrix>, "dgCMatrix")' is deprecated.
Use 'as(., "CsparseMatrix")' instead.
See help("Deprecated") and help("Matrix-deprecated").
Warning in eigen.spam(tempQ, symmetric = TRUE) : 
 The eigenvalues are calculated with the function 'eigen' from the base package.
Warning in Matrix.DeprecatedCoerce(cd1, cd2) :
  'as(<dgTMatrix>, "dgCMatrix")' is deprecated.
Use 'as(., "CsparseMatrix")' instead.
See help("Deprecated") and help("Matrix-deprecated").
Warning in eigen.spam(tempQ, symmetric = TRUE) : 
 The eigenvalues are calculated with the function 'eigen' from the base package.
[1] "dyn.unload(dynlib('code/'))"
Warning: 2 external pointers will be removed
[1] "dyn.unload(dynlib('code/'))"
[1] "dyn.unload(dynlib('code/'))"
fit 0.9 min
Warning in .local(A, ...) :
  CHOLMOD warning 'matrix not positive definite' at file 'Supernodal/t_cholmod_super_numeric_worker.c', line 1114
  [M_M_BYM2] fitting ... Warning in Matrix.DeprecatedCoerce(cd1, cd2) :
  'as(<dgTMatrix>, "dgCMatrix")' is deprecated.
Use 'as(., "CsparseMatrix")' instead.
See help("Deprecated") and help("Matrix-deprecated").
Warning in eigen.spam(tempQ, symmetric = TRUE) : 
 The eigenvalues are calculated with the function 'eigen' from the base package.
[1] "dyn.unload(dynlib('code/'))"
[1] "dyn.unload(dynlib('code/'))"
Warning: 3 external pointers will be removed
[1] "dyn.unload(dynlib('code/'))"
fit 8.4 min
% latex table generated in R 4.4.3 by xtable 1.8-4 package
% Wed May 20 01:31:07 2026
\begin{table}[ht]
\centering
\begin{tabular}{rrrrrr}
  \hline
 & Est & Q0.025 & Q0.1 & Q0.9 & Q0.975 \\ 
  \hline
(Int) & -1.43 & -1.80 & -1.67 & -1.19 & -1.05 \\ 
  urb & 1.10 & 0.69 & 0.83 & 1.36 & 1.51 \\ 
  access & 0.06 & -0.32 & -0.19 & 0.31 & 0.45 \\ 
  elev & -0.02 & -0.22 & -0.15 & 0.12 & 0.19 \\ 
  distRiversLakes & -0.12 & -0.30 & -0.24 & -0.00 & 0.07 \\ 
  popValsNorm & 0.61 & 0.03 & 0.22 & 0.99 & 1.20 \\ 
  sigmaSq & 0.24 & 0.13 & 0.16 & 0.33 & 0.39 \\ 
  phi & 0.26 & 0.01 & 0.04 & 0.61 & 0.80 \\ 
  sigmaEpsSq & 1.49 & 1.32 & 1.37 & 1.61 & 1.68 \\ 
   \hline
\end{tabular}
\end{table}
% latex table generated in R 4.4.3 by xtable 1.8-4 package
% Wed May 20 01:38:37 2026
\begin{table}[ht]
\centering
\begin{tabular}{rrrrrr}
  \hline
 & Est & Q0.025 & Q0.1 & Q0.9 & Q0.975 \\ 
  \hline
(Int) & -1.43 & -1.79 & -1.67 & -1.19 & -1.06 \\ 
  urb & 1.09 & 0.67 & 0.82 & 1.35 & 1.49 \\ 
  access & 0.06 & -0.33 & -0.20 & 0.31 & 0.44 \\ 
  elev & -0.02 & -0.22 & -0.15 & 0.11 & 0.19 \\ 
  distRiversLakes & -0.12 & -0.31 & -0.25 & 0.00 & 0.07 \\ 
  popValsNorm & 0.60 & 0.01 & 0.22 & 0.99 & 1.19 \\ 
  sigmaSq & 0.23 & 0.13 & 0.16 & 0.32 & 0.39 \\ 
  phi & 0.26 & 0.01 & 0.04 & 0.61 & 0.79 \\ 
  sigmaEpsSq & 1.49 & 1.32 & 1.37 & 1.61 & 1.67 \\ 
   \hline
\end{tabular}
\end{table}
  [M_DM_BYM2] fitting ... Warning in Matrix.DeprecatedCoerce(cd1, cd2) :
  'as(<dgTMatrix>, "dgCMatrix")' is deprecated.
Use 'as(., "CsparseMatrix")' instead.
See help("Deprecated") and help("Matrix-deprecated").
Warning in eigen.spam(tempQ, symmetric = TRUE) : 
 The eigenvalues are calculated with the function 'eigen' from the base package.
Warning in Matrix.DeprecatedCoerce(cd1, cd2) :
  'as(<dgTMatrix>, "dgCMatrix")' is deprecated.
Use 'as(., "CsparseMatrix")' instead.
See help("Deprecated") and help("Matrix-deprecated").
Warning in eigen.spam(tempQ, symmetric = TRUE) : 
 The eigenvalues are calculated with the function 'eigen' from the base package.
[1] "dyn.unload(dynlib('code/'))"
Warning: 4 external pointers will be removed
[1] "dyn.unload(dynlib('code/'))"
[modMDM_BYM2_GH_v2] sizes: nUrbM=741 nRurM=1442 nUrbD=572 nRurD=806 nAreas=41 KUrbM=100 KRurM=100 KUrbD=16 KRurD=21 Q=10
[modMDM_BYM2_GH_v2] about to multiply Q_bym2 by u_bym2 (nAreas=41)
[modMDM_BYM2_GH_v2] completed Q_bym2 * u_bym2 multiply
[modMDM_BYM2_GH_v2] add_dataset start: nObs=741 Kint=100 fe.size=74100 w.rows=741 w.cols=100 lchoose=741 areaidx.len=741 areaidx.range=0..40
[modMDM_BYM2_GH_v2] add_dataset start: nObs=1442 Kint=100 fe.size=144200 w.rows=1442 w.cols=100 lchoose=1442 areaidx.len=1442 areaidx.range=0..37
[modMDM_BYM2_GH_v2] add_dataset start: nObs=572 Kint=16 fe.size=9152 w.rows=572 w.cols=16 lchoose=572 areaidx.len=572 areaidx.range=0..40
[modMDM_BYM2_GH_v2] add_dataset start: nObs=806 Kint=21 fe.size=16926 w.rows=806 w.cols=21 lchoose=806 areaidx.len=806 areaidx.range=0..37
[modMDM_BYM2_GH_v2] sizes: nUrbM=741 nRurM=1442 nUrbD=572 nRurD=806 nAreas=41 KUrbM=100 KRurM=100 KUrbD=16 KRurD=21 Q=10
[modMDM_BYM2_GH_v2] about to multiply Q_bym2 by u_bym2 (nAreas=41)
[modMDM_BYM2_GH_v2] completed Q_bym2 * u_bym2 multiply
[modMDM_BYM2_GH_v2] add_dataset start: nObs=741 Kint=100 fe.size=74100 w.rows=741 w.cols=100 lchoose=741 areaidx.len=741 areaidx.range=0..40
[modMDM_BYM2_GH_v2] add_dataset start: nObs=1442 Kint=100 fe.size=144200 w.rows=1442 w.cols=100 lchoose=1442 areaidx.len=1442 areaidx.range=0..37
[modMDM_BYM2_GH_v2] add_dataset start: nObs=572 Kint=16 fe.size=9152 w.rows=572 w.cols=16 lchoose=572 areaidx.len=572 areaidx.range=0..40
[modMDM_BYM2_GH_v2] add_dataset start: nObs=806 Kint=21 fe.size=16926 w.rows=806 w.cols=21 lchoose=806 areaidx.len=806 areaidx.range=0..37
[modMDM_BYM2_GH_v2] sizes: nUrbM=741 nRurM=1442 nUrbD=572 nRurD=806 nAreas=41 KUrbM=100 KRurM=100 KUrbD=16 KRurD=21 Q=10
[modMDM_BYM2_GH_v2] about to multiply Q_bym2 by u_bym2 (nAreas=41)
[modMDM_BYM2_GH_v2] completed Q_bym2 * u_bym2 multiply
[modMDM_BYM2_GH_v2] add_dataset start: nObs=741 Kint=100 fe.size=74100 w.rows=741 w.cols=100 lchoose=741 areaidx.len=741 areaidx.range=0..40
[modMDM_BYM2_GH_v2] add_dataset start: nObs=1442 Kint=100 fe.size=144200 w.rows=1442 w.cols=100 lchoose=1442 areaidx.len=1442 areaidx.range=0..37
[modMDM_BYM2_GH_v2] add_dataset start: nObs=572 Kint=16 fe.size=9152 w.rows=572 w.cols=16 lchoose=572 areaidx.len=572 areaidx.range=0..40
[modMDM_BYM2_GH_v2] add_dataset start: nObs=806 Kint=21 fe.size=16926 w.rows=806 w.cols=21 lchoose=806 areaidx.len=806 areaidx.range=0..37
[modMDM_BYM2_GH_v2] sizes: nUrbM=741 nRurM=1442 nUrbD=572 nRurD=806 nAreas=41 KUrbM=100 KRurM=100 KUrbD=16 KRurD=21 Q=10
[modMDM_BYM2_GH_v2] about to multiply Q_bym2 by u_bym2 (nAreas=41)
[modMDM_BYM2_GH_v2] completed Q_bym2 * u_bym2 multiply
[modMDM_BYM2_GH_v2] add_dataset start: nObs=741 Kint=100 fe.size=74100 w.rows=741 w.cols=100 lchoose=741 areaidx.len=741 areaidx.range=0..40
[modMDM_BYM2_GH_v2] add_dataset start: nObs=1442 Kint=100 fe.size=144200 w.rows=1442 w.cols=100 lchoose=1442 areaidx.len=1442 areaidx.range=0..37
[modMDM_BYM2_GH_v2] add_dataset start: nObs=572 Kint=16 fe.size=9152 w.rows=572 w.cols=16 lchoose=572 areaidx.len=572 areaidx.range=0..40
[modMDM_BYM2_GH_v2] add_dataset start: nObs=806 Kint=21 fe.size=16926 w.rows=806 w.cols=21 lchoose=806 areaidx.len=806 areaidx.range=0..37
[1] "dyn.unload(dynlib('code/'))"
Warning: 3 external pointers will be removed
[1] "dyn.unload(dynlib('code/'))"
[modMDM_BYM2_GH_v2] sizes: nUrbM=741 nRurM=1442 nUrbD=572 nRurD=806 nAreas=41 KUrbM=100 KRurM=100 KUrbD=16 KRurD=21 Q=10
[modMDM_BYM2_GH_v2] about to multiply Q_bym2 by u_bym2 (nAreas=41)
[modMDM_BYM2_GH_v2] completed Q_bym2 * u_bym2 multiply
[modMDM_BYM2_GH_v2] add_dataset start: nObs=741 Kint=100 fe.size=74100 w.rows=741 w.cols=100 lchoose=741 areaidx.len=741 areaidx.range=0..40
[modMDM_BYM2_GH_v2] add_dataset start: nObs=1442 Kint=100 fe.size=144200 w.rows=1442 w.cols=100 lchoose=1442 areaidx.len=1442 areaidx.range=0..37
[modMDM_BYM2_GH_v2] add_dataset start: nObs=572 Kint=16 fe.size=9152 w.rows=572 w.cols=16 lchoose=572 areaidx.len=572 areaidx.range=0..40
[modMDM_BYM2_GH_v2] add_dataset start: nObs=806 Kint=21 fe.size=16926 w.rows=806 w.cols=21 lchoose=806 areaidx.len=806 areaidx.range=0..37
[modMDM_BYM2_GH_v2] sizes: nUrbM=741 nRurM=1442 nUrbD=572 nRurD=806 nAreas=41 KUrbM=100 KRurM=100 KUrbD=16 KRurD=21 Q=10
[modMDM_BYM2_GH_v2] about to multiply Q_bym2 by u_bym2 (nAreas=41)
[modMDM_BYM2_GH_v2] completed Q_bym2 * u_bym2 multiply
[modMDM_BYM2_GH_v2] add_dataset start: nObs=741 Kint=100 fe.size=74100 w.rows=741 w.cols=100 lchoose=741 areaidx.len=741 areaidx.range=0..40
[modMDM_BYM2_GH_v2] add_dataset start: nObs=1442 Kint=100 fe.size=144200 w.rows=1442 w.cols=100 lchoose=1442 areaidx.len=1442 areaidx.range=0..37
[modMDM_BYM2_GH_v2] add_dataset start: nObs=572 Kint=16 fe.size=9152 w.rows=572 w.cols=16 lchoose=572 areaidx.len=572 areaidx.range=0..40
[modMDM_BYM2_GH_v2] add_dataset start: nObs=806 Kint=21 fe.size=16926 w.rows=806 w.cols=21 lchoose=806 areaidx.len=806 areaidx.range=0..37
[modMDM_BYM2_GH_v2] sizes: nUrbM=741 nRurM=1442 nUrbD=572 nRurD=806 nAreas=41 KUrbM=100 KRurM=100 KUrbD=16 KRurD=21 Q=10
[modMDM_BYM2_GH_v2] about to multiply Q_bym2 by u_bym2 (nAreas=41)
[modMDM_BYM2_GH_v2] completed Q_bym2 * u_bym2 multiply
[modMDM_BYM2_GH_v2] add_dataset start: nObs=741 Kint=100 fe.size=74100 w.rows=741 w.cols=100 lchoose=741 areaidx.len=741 areaidx.range=0..40
[modMDM_BYM2_GH_v2] add_dataset start: nObs=1442 Kint=100 fe.size=144200 w.rows=1442 w.cols=100 lchoose=1442 areaidx.len=1442 areaidx.range=0..37
[modMDM_BYM2_GH_v2] add_dataset start: nObs=572 Kint=16 fe.size=9152 w.rows=572 w.cols=16 lchoose=572 areaidx.len=572 areaidx.range=0..40
[modMDM_BYM2_GH_v2] add_dataset start: nObs=806 Kint=21 fe.size=16926 w.rows=806 w.cols=21 lchoose=806 areaidx.len=806 areaidx.range=0..37
[modMDM_BYM2_GH_v2] sizes: nUrbM=741 nRurM=1442 nUrbD=572 nRurD=806 nAreas=41 KUrbM=100 KRurM=100 KUrbD=16 KRurD=21 Q=10
[modMDM_BYM2_GH_v2] about to multiply Q_bym2 by u_bym2 (nAreas=41)
[modMDM_BYM2_GH_v2] completed Q_bym2 * u_bym2 multiply
[modMDM_BYM2_GH_v2] add_dataset start: nObs=741 Kint=100 fe.size=74100 w.rows=741 w.cols=100 lchoose=741 areaidx.len=741 areaidx.range=0..40
[modMDM_BYM2_GH_v2] add_dataset start: nObs=1442 Kint=100 fe.size=144200 w.rows=1442 w.cols=100 lchoose=1442 areaidx.len=1442 areaidx.range=0..37
[modMDM_BYM2_GH_v2] add_dataset start: nObs=572 Kint=16 fe.size=9152 w.rows=572 w.cols=16 lchoose=572 areaidx.len=572 areaidx.range=0..40
[modMDM_BYM2_GH_v2] add_dataset start: nObs=806 Kint=21 fe.size=16926 w.rows=806 w.cols=21 lchoose=806 areaidx.len=806 areaidx.range=0..37
[modMDM_BYM2_GH_v2] sizes: nUrbM=741 nRurM=1442 nUrbD=572 nRurD=806 nAreas=41 KUrbM=100 KRurM=100 KUrbD=16 KRurD=21 Q=10
[modMDM_BYM2_GH_v2] about to multiply Q_bym2 by u_bym2 (nAreas=41)
[modMDM_BYM2_GH_v2] completed Q_bym2 * u_bym2 multiply
[modMDM_BYM2_GH_v2] add_dataset start: nObs=741 Kint=100 fe.size=74100 w.rows=741 w.cols=100 lchoose=741 areaidx.len=741 areaidx.range=0..40
[modMDM_BYM2_GH_v2] add_dataset start: nObs=1442 Kint=100 fe.size=144200 w.rows=1442 w.cols=100 lchoose=1442 areaidx.len=1442 areaidx.range=0..37
[modMDM_BYM2_GH_v2] add_dataset start: nObs=572 Kint=16 fe.size=9152 w.rows=572 w.cols=16 lchoose=572 areaidx.len=572 areaidx.range=0..40
[modMDM_BYM2_GH_v2] add_dataset start: nObs=806 Kint=21 fe.size=16926 w.rows=806 w.cols=21 lchoose=806 areaidx.len=806 areaidx.range=0..37
[modMDM_BYM2_GH_v2] sizes: nUrbM=741 nRurM=1442 nUrbD=572 nRurD=806 nAreas=41 KUrbM=100 KRurM=100 KUrbD=16 KRurD=21 Q=10
[modMDM_BYM2_GH_v2] about to multiply Q_bym2 by u_bym2 (nAreas=41)
[modMDM_BYM2_GH_v2] completed Q_bym2 * u_bym2 multiply
[modMDM_BYM2_GH_v2] add_dataset start: nObs=741 Kint=100 fe.size=74100 w.rows=741 w.cols=100 lchoose=741 areaidx.len=741 areaidx.range=0..40
[modMDM_BYM2_GH_v2] add_dataset start: nObs=1442 Kint=100 fe.size=144200 w.rows=1442 w.cols=100 lchoose=1442 areaidx.len=1442 areaidx.range=0..37
[modMDM_BYM2_GH_v2] add_dataset start: nObs=572 Kint=16 fe.size=9152 w.rows=572 w.cols=16 lchoose=572 areaidx.len=572 areaidx.range=0..40
[modMDM_BYM2_GH_v2] add_dataset start: nObs=806 Kint=21 fe.size=16926 w.rows=806 w.cols=21 lchoose=806 areaidx.len=806 areaidx.range=0..37
[modMDM_BYM2_GH_v2] sizes: nUrbM=741 nRurM=1442 nUrbD=572 nRurD=806 nAreas=41 KUrbM=100 KRurM=100 KUrbD=16 KRurD=21 Q=10
[modMDM_BYM2_GH_v2] about to multiply Q_bym2 by u_bym2 (nAreas=41)
[modMDM_BYM2_GH_v2] completed Q_bym2 * u_bym2 multiply
[modMDM_BYM2_GH_v2] add_dataset start: nObs=741 Kint=100 fe.size=74100 w.rows=741 w.cols=100 lchoose=741 areaidx.len=741 areaidx.range=0..40
[modMDM_BYM2_GH_v2] add_dataset start: nObs=1442 Kint=100 fe.size=144200 w.rows=1442 w.cols=100 lchoose=1442 areaidx.len=1442 areaidx.range=0..37
[modMDM_BYM2_GH_v2] add_dataset start: nObs=572 Kint=16 fe.size=9152 w.rows=572 w.cols=16 lchoose=572 areaidx.len=572 areaidx.range=0..40
[modMDM_BYM2_GH_v2] add_dataset start: nObs=806 Kint=21 fe.size=16926 w.rows=806 w.cols=21 lchoose=806 areaidx.len=806 areaidx.range=0..37
[modMDM_BYM2_GH_v2] sizes: nUrbM=741 nRurM=1442 nUrbD=572 nRurD=806 nAreas=41 KUrbM=100 KRurM=100 KUrbD=16 KRurD=21 Q=10
[modMDM_BYM2_GH_v2] about to multiply Q_bym2 by u_bym2 (nAreas=41)
[modMDM_BYM2_GH_v2] completed Q_bym2 * u_bym2 multiply
[modMDM_BYM2_GH_v2] add_dataset start: nObs=741 Kint=100 fe.size=74100 w.rows=741 w.cols=100 lchoose=741 areaidx.len=741 areaidx.range=0..40
[modMDM_BYM2_GH_v2] add_dataset start: nObs=1442 Kint=100 fe.size=144200 w.rows=1442 w.cols=100 lchoose=1442 areaidx.len=1442 areaidx.range=0..37
[modMDM_BYM2_GH_v2] add_dataset start: nObs=572 Kint=16 fe.size=9152 w.rows=572 w.cols=16 lchoose=572 areaidx.len=572 areaidx.range=0..40
[modMDM_BYM2_GH_v2] add_dataset start: nObs=806 Kint=21 fe.size=16926 w.rows=806 w.cols=21 lchoose=806 areaidx.len=806 areaidx.range=0..37
[modMDM_BYM2_GH_v2] sizes: nUrbM=741 nRurM=1442 nUrbD=572 nRurD=806 nAreas=41 KUrbM=100 KRurM=100 KUrbD=16 KRurD=21 Q=10
[modMDM_BYM2_GH_v2] about to multiply Q_bym2 by u_bym2 (nAreas=41)
[modMDM_BYM2_GH_v2] completed Q_bym2 * u_bym2 multiply
[modMDM_BYM2_GH_v2] add_dataset start: nObs=741 Kint=100 fe.size=74100 w.rows=741 w.cols=100 lchoose=741 areaidx.len=741 areaidx.range=0..40
[modMDM_BYM2_GH_v2] add_dataset start: nObs=1442 Kint=100 fe.size=144200 w.rows=1442 w.cols=100 lchoose=1442 areaidx.len=1442 areaidx.range=0..37
[modMDM_BYM2_GH_v2] add_dataset start: nObs=572 Kint=16 fe.size=9152 w.rows=572 w.cols=16 lchoose=572 areaidx.len=572 areaidx.range=0..40
[modMDM_BYM2_GH_v2] add_dataset start: nObs=806 Kint=21 fe.size=16926 w.rows=806 w.cols=21 lchoose=806 areaidx.len=806 areaidx.range=0..37
[modMDM_BYM2_GH_v2] sizes: nUrbM=741 nRurM=1442 nUrbD=572 nRurD=806 nAreas=41 KUrbM=100 KRurM=100 KUrbD=16 KRurD=21 Q=10
[modMDM_BYM2_GH_v2] about to multiply Q_bym2 by u_bym2 (nAreas=41)
[modMDM_BYM2_GH_v2] completed Q_bym2 * u_bym2 multiply
[modMDM_BYM2_GH_v2] add_dataset start: nObs=741 Kint=100 fe.size=74100 w.rows=741 w.cols=100 lchoose=741 areaidx.len=741 areaidx.range=0..40
[modMDM_BYM2_GH_v2] add_dataset start: nObs=1442 Kint=100 fe.size=144200 w.rows=1442 w.cols=100 lchoose=1442 areaidx.len=1442 areaidx.range=0..37
[modMDM_BYM2_GH_v2] add_dataset start: nObs=572 Kint=16 fe.size=9152 w.rows=572 w.cols=16 lchoose=572 areaidx.len=572 areaidx.range=0..40
[modMDM_BYM2_GH_v2] add_dataset start: nObs=806 Kint=21 fe.size=16926 w.rows=806 w.cols=21 lchoose=806 areaidx.len=806 areaidx.range=0..37
[modMDM_BYM2_GH_v2] sizes: nUrbM=741 nRurM=1442 nUrbD=572 nRurD=806 nAreas=41 KUrbM=100 KRurM=100 KUrbD=16 KRurD=21 Q=10
[modMDM_BYM2_GH_v2] about to multiply Q_bym2 by u_bym2 (nAreas=41)
[modMDM_BYM2_GH_v2] completed Q_bym2 * u_bym2 multiply
[modMDM_BYM2_GH_v2] add_dataset start: nObs=741 Kint=100 fe.size=74100 w.rows=741 w.cols=100 lchoose=741 areaidx.len=741 areaidx.range=0..40
[modMDM_BYM2_GH_v2] add_dataset start: nObs=1442 Kint=100 fe.size=144200 w.rows=1442 w.cols=100 lchoose=1442 areaidx.len=1442 areaidx.range=0..37
[modMDM_BYM2_GH_v2] add_dataset start: nObs=572 Kint=16 fe.size=9152 w.rows=572 w.cols=16 lchoose=572 areaidx.len=572 areaidx.range=0..40
[modMDM_BYM2_GH_v2] add_dataset start: nObs=806 Kint=21 fe.size=16926 w.rows=806 w.cols=21 lchoose=806 areaidx.len=806 areaidx.range=0..37
[modMDM_BYM2_GH_v2] sizes: nUrbM=741 nRurM=1442 nUrbD=572 nRurD=806 nAreas=41 KUrbM=100 KRurM=100 KUrbD=16 KRurD=21 Q=10
[modMDM_BYM2_GH_v2] about to multiply Q_bym2 by u_bym2 (nAreas=41)
[modMDM_BYM2_GH_v2] completed Q_bym2 * u_bym2 multiply
[modMDM_BYM2_GH_v2] add_dataset start: nObs=741 Kint=100 fe.size=74100 w.rows=741 w.cols=100 lchoose=741 areaidx.len=741 areaidx.range=0..40
[modMDM_BYM2_GH_v2] add_dataset start: nObs=1442 Kint=100 fe.size=144200 w.rows=1442 w.cols=100 lchoose=1442 areaidx.len=1442 areaidx.range=0..37
[modMDM_BYM2_GH_v2] add_dataset start: nObs=572 Kint=16 fe.size=9152 w.rows=572 w.cols=16 lchoose=572 areaidx.len=572 areaidx.range=0..40
[modMDM_BYM2_GH_v2] add_dataset start: nObs=806 Kint=21 fe.size=16926 w.rows=806 w.cols=21 lchoose=806 areaidx.len=806 areaidx.range=0..37
[modMDM_BYM2_GH_v2] sizes: nUrbM=741 nRurM=1442 nUrbD=572 nRurD=806 nAreas=41 KUrbM=100 KRurM=100 KUrbD=16 KRurD=21 Q=10
[modMDM_BYM2_GH_v2] about to multiply Q_bym2 by u_bym2 (nAreas=41)
[modMDM_BYM2_GH_v2] completed Q_bym2 * u_bym2 multiply
[modMDM_BYM2_GH_v2] add_dataset start: nObs=741 Kint=100 fe.size=74100 w.rows=741 w.cols=100 lchoose=741 areaidx.len=741 areaidx.range=0..40
[modMDM_BYM2_GH_v2] add_dataset start: nObs=1442 Kint=100 fe.size=144200 w.rows=1442 w.cols=100 lchoose=1442 areaidx.len=1442 areaidx.range=0..37
[modMDM_BYM2_GH_v2] add_dataset start: nObs=572 Kint=16 fe.size=9152 w.rows=572 w.cols=16 lchoose=572 areaidx.len=572 areaidx.range=0..40
[modMDM_BYM2_GH_v2] add_dataset start: nObs=806 Kint=21 fe.size=16926 w.rows=806 w.cols=21 lchoose=806 areaidx.len=806 areaidx.range=0..37
[modMDM_BYM2_GH_v2] sizes: nUrbM=741 nRurM=1442 nUrbD=572 nRurD=806 nAreas=41 KUrbM=100 KRurM=100 KUrbD=16 KRurD=21 Q=10
[modMDM_BYM2_GH_v2] about to multiply Q_bym2 by u_bym2 (nAreas=41)
[modMDM_BYM2_GH_v2] completed Q_bym2 * u_bym2 multiply
[modMDM_BYM2_GH_v2] add_dataset start: nObs=741 Kint=100 fe.size=74100 w.rows=741 w.cols=100 lchoose=741 areaidx.len=741 areaidx.range=0..40
[modMDM_BYM2_GH_v2] add_dataset start: nObs=1442 Kint=100 fe.size=144200 w.rows=1442 w.cols=100 lchoose=1442 areaidx.len=1442 areaidx.range=0..37
[modMDM_BYM2_GH_v2] add_dataset start: nObs=572 Kint=16 fe.size=9152 w.rows=572 w.cols=16 lchoose=572 areaidx.len=572 areaidx.range=0..40
[modMDM_BYM2_GH_v2] add_dataset start: nObs=806 Kint=21 fe.size=16926 w.rows=806 w.cols=21 lchoose=806 areaidx.len=806 areaidx.range=0..37
[modMDM_BYM2_GH_v2] sizes: nUrbM=741 nRurM=1442 nUrbD=572 nRurD=806 nAreas=41 KUrbM=100 KRurM=100 KUrbD=16 KRurD=21 Q=10
[modMDM_BYM2_GH_v2] about to multiply Q_bym2 by u_bym2 (nAreas=41)
[modMDM_BYM2_GH_v2] completed Q_bym2 * u_bym2 multiply
[modMDM_BYM2_GH_v2] add_dataset start: nObs=741 Kint=100 fe.size=74100 w.rows=741 w.cols=100 lchoose=741 areaidx.len=741 areaidx.range=0..40
[modMDM_BYM2_GH_v2] add_dataset start: nObs=1442 Kint=100 fe.size=144200 w.rows=1442 w.cols=100 lchoose=1442 areaidx.len=1442 areaidx.range=0..37
[modMDM_BYM2_GH_v2] add_dataset start: nObs=572 Kint=16 fe.size=9152 w.rows=572 w.cols=16 lchoose=572 areaidx.len=572 areaidx.range=0..40
[modMDM_BYM2_GH_v2] add_dataset start: nObs=806 Kint=21 fe.size=16926 w.rows=806 w.cols=21 lchoose=806 areaidx.len=806 areaidx.range=0..37
[modMDM_BYM2_GH_v2] sizes: nUrbM=741 nRurM=1442 nUrbD=572 nRurD=806 nAreas=41 KUrbM=100 KRurM=100 KUrbD=16 KRurD=21 Q=10
[modMDM_BYM2_GH_v2] about to multiply Q_bym2 by u_bym2 (nAreas=41)
[modMDM_BYM2_GH_v2] completed Q_bym2 * u_bym2 multiply
[modMDM_BYM2_GH_v2] add_dataset start: nObs=741 Kint=100 fe.size=74100 w.rows=741 w.cols=100 lchoose=741 areaidx.len=741 areaidx.range=0..40
[modMDM_BYM2_GH_v2] add_dataset start: nObs=1442 Kint=100 fe.size=144200 w.rows=1442 w.cols=100 lchoose=1442 areaidx.len=1442 areaidx.range=0..37
[modMDM_BYM2_GH_v2] add_dataset start: nObs=572 Kint=16 fe.size=9152 w.rows=572 w.cols=16 lchoose=572 areaidx.len=572 areaidx.range=0..40
[modMDM_BYM2_GH_v2] add_dataset start: nObs=806 Kint=21 fe.size=16926 w.rows=806 w.cols=21 lchoose=806 areaidx.len=806 areaidx.range=0..37
fit 73.0 min
% latex table generated in R 4.4.3 by xtable 1.8-4 package
% Wed May 20 03:10:39 2026
\begin{table}[ht]
\centering
\begin{tabular}{rrrrrr}
  \hline
 & Est & Q0.025 & Q0.1 & Q0.9 & Q0.975 \\ 
  \hline
(Int) & -1.39 & -1.57 & -1.51 & -1.28 & -1.22 \\ 
  urb & 0.96 & 0.79 & 0.85 & 1.08 & 1.14 \\ 
  access & -0.04 & -0.15 & -0.12 & 0.03 & 0.07 \\ 
  elev & -0.09 & -0.20 & -0.17 & -0.02 & 0.02 \\ 
  distRiversLakes & 0.01 & -0.10 & -0.06 & 0.08 & 0.12 \\ 
  popValsNorm & 0.51 & 0.28 & 0.36 & 0.66 & 0.74 \\ 
  sigmaSq & 0.28 & 0.16 & 0.19 & 0.38 & 0.46 \\ 
  phi & 0.33 & 0.03 & 0.07 & 0.67 & 0.83 \\ 
  sigmaEpsSq & 1.51 & 1.39 & 1.43 & 1.59 & 1.64 \\ 
   \hline
\end{tabular}
\end{table}
% latex table generated in R 4.4.3 by xtable 1.8-4 package
% Wed May 20 03:14:55 2026
\begin{table}[ht]
\centering
\begin{tabular}{rrrrrr}
  \hline
 & Est & Q0.025 & Q0.1 & Q0.9 & Q0.975 \\ 
  \hline
(Int) & -1.39 & -1.57 & -1.51 & -1.28 & -1.22 \\ 
  urb & 0.97 & 0.79 & 0.85 & 1.08 & 1.14 \\ 
  access & -0.04 & -0.16 & -0.12 & 0.03 & 0.07 \\ 
  elev & -0.09 & -0.20 & -0.16 & -0.02 & 0.01 \\ 
  distRiversLakes & 0.01 & -0.10 & -0.06 & 0.08 & 0.12 \\ 
  popValsNorm & 0.51 & 0.28 & 0.36 & 0.66 & 0.73 \\ 
  sigmaSq & 0.28 & 0.16 & 0.19 & 0.38 & 0.46 \\ 
  phi & 0.33 & 0.03 & 0.08 & 0.66 & 0.82 \\ 
  sigmaEpsSq & 1.51 & 1.39 & 1.43 & 1.59 & 1.63 \\ 
   \hline
\end{tabular}
\end{table}

##### [BYM2] sim 2 #####
  [Md_FE] fitting ... Warning in Matrix.DeprecatedCoerce(cd1, cd2) :
  'as(<dgTMatrix>, "dgCMatrix")' is deprecated.
Use 'as(., "CsparseMatrix")' instead.
See help("Deprecated") and help("Matrix-deprecated").
Warning in eigen.spam(tempQ, symmetric = TRUE) : 
 The eigenvalues are calculated with the function 'eigen' from the base package.
[1] "dyn.unload(dynlib('code/'))"
Warning: 4 external pointers will be removed
[1] "dyn.unload(dynlib('code/'))"
Warning in TMB::sdreport(obj, getJointPrecision = TRUE, bias.correct = TRUE,  :
  'bias.correct' does nothing without random effects
fit 0.0 min
  [Md] fitting ... Warning in Matrix.DeprecatedCoerce(cd1, cd2) :
  'as(<dgTMatrix>, "dgCMatrix")' is deprecated.
Use 'as(., "CsparseMatrix")' instead.
See help("Deprecated") and help("Matrix-deprecated").
Warning in eigen.spam(tempQ, symmetric = TRUE) : 
 The eigenvalues are calculated with the function 'eigen' from the base package.
[1] "dyn.unload(dynlib('code/'))"
[1] "compiling code/modM_DSepRepar.cpp..."
using C++ compiler: 'G__~1.EXE (GCC) 13.3.0'
make: Nothing to be done for 'all'.
[1] "optimizing for tol = 1e-06."
par:
   log_tau  logit_phi log_tauEps 
         0          0          0 
iter: 1  value: 3737.969 mgc: 853.3584 ustep: 1 
iter: 2  value: 3691.51 mgc: 179.013 ustep: 1 
iter: 3  value: 3690.706 mgc: 21.82563 ustep: 1 
iter: 4  value: 3690.705 mgc: 0.8105835 ustep: 1 
iter: 5  value: 3690.705 mgc: 0.002994123 ustep: 1 
iter: 6  value: 3690.705 mgc: 1.06719e-07 ustep: 1 
iter: 7  mgc: 1.035215e-13 
iter: 1  mgc: 1.035215e-13 
Matching hessian patterns... Done
outer mgc:  73.21223 
par:
    log_tau   logit_phi  log_tauEps 
 0.49280846  0.03382876 -2.92848921 
iter: 1  value: 4994.593 mgc: 2.55553 ustep: 1 
iter: 2  value: 4965.992 mgc: 18.88998 ustep: 1 
iter: 3  value: 4963.567 mgc: 3.571871 ustep: 1 
iter: 4  value: 4963.529 mgc: 0.4000798 ustep: 1 
iter: 5  value: 4963.529 mgc: 0.008193626 ustep: 1 
iter: 6  value: 4963.529 mgc: 5.829886e-06 ustep: 1 
iter: 7  mgc: 2.411199e-11 
par:
     log_tau    logit_phi   log_tauEps 
 0.098561693  0.006765753 -0.585697841 
iter: 1  value: 3846.405 mgc: 1.196826 ustep: 1 
iter: 2  value: 3846.228 mgc: 2.502736 ustep: 1 
iter: 3  value: 3846.228 mgc: 0.02264541 ustep: 1 
iter: 4  value: 3846.228 mgc: 2.774324e-06 ustep: 1 
iter: 5  mgc: 1.145485e-13 
iter: 1  mgc: 1.145485e-13 
outer mgc:  74.43075 
par:
   log_tau  logit_phi log_tauEps 
 2.4170677  0.1562361 -0.4976812 
iter: 1  value: 3804.707 mgc: 37.36203 ustep: 1 
iter: 2  value: 3804.69 mgc: 2.532867 ustep: 1 
iter: 3  value: 3804.69 mgc: 0.02116239 ustep: 1 
iter: 4  value: 3804.69 mgc: 1.983039e-06 ustep: 1 
iter: 5  mgc: 6.365682e-14 
iter: 1  mgc: 6.365682e-14 
outer mgc:  49.95716 
par:
   log_tau  logit_phi log_tauEps 
 1.0696993 -0.4461913 -0.2633839 
iter: 1  value: 3746.521 mgc: 8.41438 ustep: 1 
iter: 2  value: 3746.514 mgc: 1.397692 ustep: 1 
iter: 3  value: 3746.514 mgc: 0.002908558 ustep: 1 
iter: 4  value: 3746.514 mgc: 6.649377e-08 ustep: 1 
mgc: 1.380442e-13 
iter: 1  mgc: 1.380442e-13 
outer mgc:  5.553267 
par:
   log_tau  logit_phi log_tauEps 
 1.2108118 -0.8379915 -0.2852756 
iter: 1  value: 3753.785 mgc: 1.407965 ustep: 1 
iter: 2  value: 3753.785 mgc: 0.006112994 ustep: 1 
iter: 3  value: 3753.785 mgc: 9.737427e-08 ustep: 1 
iter: 4  mgc: 3.238478e-13 
iter: 1  mgc: 3.238478e-13 
outer mgc:  0.3629039 
par:
   log_tau  logit_phi log_tauEps 
 1.2717381 -1.4496047 -0.2919953 
iter: 1  value: 3757.961 mgc: 1.536503 ustep: 1 
iter: 2  value: 3757.961 mgc: 0.001149851 ustep: 1 
iter: 3  mgc: 2.902455e-09 
iter: 1  mgc: 2.902455e-09 
outer mgc:  1.878644 
par:
   log_tau  logit_phi log_tauEps 
 1.2885167 -2.3125572 -0.2910139 
iter: 1  value: 3760.055 mgc: 1.962536 ustep: 1 
iter: 2  value: 3760.055 mgc: 0.0007111266 ustep: 1 
iter: 3  mgc: 6.187857e-10 
iter: 1  mgc: 6.187857e-10 
outer mgc:  1.614854 
par:
   log_tau  logit_phi log_tauEps 
 1.2458572 -2.3930187 -0.2870509 
iter: 1  value: 3759.42 mgc: 0.3383144 ustep: 1 
iter: 2  value: 3759.42 mgc: 0.0007719645 ustep: 1 
iter: 3  mgc: 8.676847e-10 
iter: 1  mgc: 8.676847e-10 
outer mgc:  0.551388 
par:
   log_tau  logit_phi log_tauEps 
 1.1845636 -2.3995326  0.2643371 
iter: 1  value: 3635.507 mgc: 1.550094 ustep: 1 
iter: 2  value: 3635.357 mgc: 3.011249 ustep: 1 
iter: 3  value: 3635.357 mgc: 0.016614 ustep: 1 
iter: 4  value: 3635.357 mgc: 6.348311e-07 ustep: 1 
iter: 5  mgc: 1.154909e-13 
par:
   log_tau  logit_phi log_tauEps 
 1.2335984 -2.3943215 -0.1767733 
iter: 1  value: 3731.107 mgc: 0.24566 ustep: 1 
iter: 2  value: 3731.107 mgc: 0.1054976 ustep: 1 
iter: 3  value: 3731.107 mgc: 3.057789e-05 ustep: 1 
iter: 4  mgc: 3.489825e-12 
par:
   log_tau  logit_phi log_tauEps 
 1.2434054 -2.3932793 -0.2649954 
iter: 1  value: 3753.606 mgc: 0.04698899 ustep: 1 
iter: 2  value: 3753.606 mgc: 0.004084014 ustep: 1 
iter: 3  value: 3753.606 mgc: 4.956152e-08 ustep: 1 
mgc: 2.642262e-13 
par:
   log_tau  logit_phi log_tauEps 
 1.2453668 -2.3930709 -0.2826398 
iter: 1  value: 3758.251 mgc: 0.009315072 ustep: 1 
iter: 2  value: 3758.251 mgc: 0.0001622581 ustep: 1 
iter: 3  mgc: 7.947875e-11 
par:
   log_tau  logit_phi log_tauEps 
 1.2457591 -2.3930292 -0.2861687 
iter: 1  value: 3759.186 mgc: 0.001859729 ustep: 1 
iter: 2  value: 3759.186 mgc: 6.481484e-06 ustep: 1 
iter: 3  mgc: 1.410262e-13 
[1] "completed optimization for tol = 1e-06"
iter: 1  mgc: 1.410262e-13 
outer mgc:  0.327417 
iter: 1  value: 3759.18 mgc: 0.004795702 ustep: 1 
iter: 2  value: 3759.18 mgc: 3.238627e-07 ustep: 1 
iter: 3  mgc: 3.082556e-13 
outer mgc:  0.3288109 
iter: 1  value: 3759.192 mgc: 0.004789614 ustep: 1 
iter: 2  value: 3759.192 mgc: 3.234293e-07 ustep: 1 
iter: 3  mgc: 7.002213e-14 
outer mgc:  0.3260202 
iter: 1  value: 3759.184 mgc: 0.002558539 ustep: 1 
iter: 2  mgc: 6.355766e-10 
outer mgc:  0.3274327 
iter: 1  value: 3759.188 mgc: 0.002556949 ustep: 1 
iter: 2  mgc: 6.343904e-10 
outer mgc:  0.3274013 
iter: 1  value: 3758.92 mgc: 0.002109517 ustep: 1 
iter: 2  value: 3758.92 mgc: 8.336359e-06 ustep: 1 
iter: 3  mgc: 3.515902e-13 
outer mgc:  0.07371443 
iter: 1  value: 3759.452 mgc: 0.002107409 ustep: 1 
iter: 2  value: 3759.452 mgc: 8.329914e-06 ustep: 1 
iter: 3  mgc: 2.298919e-13 
outer mgc:  0.5811345 
Re-using symbolic Cholesky
iter: 1  mgc: 1.410262e-13 
Matching hessian patterns... Done
outer mgc:  0.327417 
iter: 1  mgc: 1.410262e-13 
outer mgc:  0.327417 
iter: 1  value: 3759.185 mgc: 0.0005970968 ustep: 1 
iter: 2  mgc: 5.022923e-09 
outer mgc:  0.3275908 
iter: 1  value: 3759.187 mgc: 0.0005970024 ustep: 1 
iter: 2  mgc: 5.022363e-09 
outer mgc:  0.3272431 
iter: 1  value: 3759.185 mgc: 0.0006121211 ustep: 1 
iter: 2  mgc: 3.634598e-11 
outer mgc:  0.3274207 
iter: 1  value: 3759.186 mgc: 0.0006120301 ustep: 1 
iter: 2  mgc: 3.638203e-11 
outer mgc:  0.3274132 
iter: 1  value: 3759.178 mgc: 6.033847e-05 ustep: 1 
iter: 2  mgc: 6.824356e-09 
outer mgc:  0.3201566 
iter: 1  value: 3759.194 mgc: 6.033675e-05 ustep: 1 
iter: 2  mgc: 6.824156e-09 
outer mgc:  0.3346774 
iter: 1  value: 3759.186 mgc: 0.0002985366 ustep: 1 
iter: 2  mgc: 1.255715e-09 
outer mgc:  0.3275039 
iter: 1  value: 3759.186 mgc: 0.000298513 ustep: 1 
iter: 2  mgc: 1.25536e-09 
outer mgc:  0.3273301 
iter: 1  value: 3759.186 mgc: 0.0003060492 ustep: 1 
iter: 2  mgc: 8.954602e-12 
outer mgc:  0.3274188 
iter: 1  value: 3759.186 mgc: 0.0003060264 ustep: 1 
iter: 2  mgc: 9.349658e-12 
outer mgc:  0.3274151 
iter: 1  value: 3759.182 mgc: 3.016902e-05 ustep: 1 
iter: 2  mgc: 1.7061e-09 
outer mgc:  0.3237868 
iter: 1  value: 3759.19 mgc: 3.016859e-05 ustep: 1 
iter: 2  mgc: 1.70602e-09 
outer mgc:  0.3310472 
iter: 1  value: 3759.186 mgc: 0.0001492654 ustep: 1 
iter: 2  mgc: 3.139049e-10 
outer mgc:  0.3274604 
iter: 1  value: 3759.186 mgc: 0.0001492594 ustep: 1 
iter: 2  mgc: 3.139433e-10 
outer mgc:  0.3273735 
iter: 1  value: 3759.186 mgc: 0.0001530217 ustep: 1 
iter: 2  mgc: 2.355897e-12 
outer mgc:  0.3274179 
iter: 1  value: 3759.186 mgc: 0.0001530161 ustep: 1 
iter: 2  mgc: 1.904721e-12 
outer mgc:  0.327416 
iter: 1  value: 3759.184 mgc: 1.508446e-05 ustep: 1 
iter: 2  mgc: 4.264913e-10 
outer mgc:  0.3256019 
iter: 1  value: 3759.188 mgc: 1.508435e-05 ustep: 1 
iter: 2  mgc: 4.265205e-10 
outer mgc:  0.3292321 
iter: 1  value: 3759.186 mgc: 7.463194e-05 ustep: 1 
iter: 2  mgc: 7.822338e-11 
outer mgc:  0.3274387 
iter: 1  value: 3759.186 mgc: 7.463046e-05 ustep: 1 
iter: 2  mgc: 7.814099e-11 
outer mgc:  0.3273952 
iter: 1  value: 3759.186 mgc: 7.651016e-05 ustep: 1 
iter: 2  mgc: 5.268105e-13 
outer mgc:  0.3274174 
iter: 1  value: 3759.186 mgc: 7.650874e-05 ustep: 1 
iter: 2  mgc: 2.677823e-13 
outer mgc:  0.3274165 
iter: 1  value: 3759.185 mgc: 7.542215e-06 ustep: 1 
iter: 2  mgc: 1.066862e-10 
outer mgc:  0.3265094 
iter: 1  value: 3759.187 mgc: 7.542188e-06 ustep: 1 
iter: 2  mgc: 1.066045e-10 
outer mgc:  0.3283245 
  elapsed 
0.2526667 
[1] "optimization took 0.452499999999994 minutes"
fit 0.5 min
Warning in sweep(gridDraws_tmb, 2, alpha_tmb_draws, "+") :
  length(STATS) or dim(STATS) do not match dim(x)[MARGIN]
Warning in sweep(gridDraws_tmb, 2, alpha_tmb_draws, "+") :
  length(STATS) or dim(STATS) do not match dim(x)[MARGIN]
  [M_D_FE] fitting ... Warning in Matrix.DeprecatedCoerce(cd1, cd2) :
  'as(<dgTMatrix>, "dgCMatrix")' is deprecated.
Use 'as(., "CsparseMatrix")' instead.
See help("Deprecated") and help("Matrix-deprecated").
Warning in eigen.spam(tempQ, symmetric = TRUE) : 
 The eigenvalues are calculated with the function 'eigen' from the base package.
[1] "dyn.unload(dynlib('code/'))"
Warning: 4 external pointers will be removed
[1] "dyn.unload(dynlib('code/'))"
Warning in TMB::sdreport(obj, getJointPrecision = TRUE, bias.correct = TRUE,  :
  'bias.correct' does nothing without random effects
fit 0.1 min
  [M_M_FE] fitting ... [1] "dyn.unload(dynlib('code/'))"
Warning in TMB::sdreport(obj, getJointPrecision = TRUE, bias.correct = TRUE,  :
  'bias.correct' does nothing without random effects
fit 0.3 min
  [M_DM_FE] fitting ... Warning in Matrix.DeprecatedCoerce(cd1, cd2) :
  'as(<dgTMatrix>, "dgCMatrix")' is deprecated.
Use 'as(., "CsparseMatrix")' instead.
See help("Deprecated") and help("Matrix-deprecated").
Warning in eigen.spam(tempQ, symmetric = TRUE) : 
 The eigenvalues are calculated with the function 'eigen' from the base package.
[1] "dyn.unload(dynlib('code/'))"
Warning: 2 external pointers will be removed
[1] "dyn.unload(dynlib('code/'))"
[modMDM_BYM2_GH_v2] sizes: nUrbM=741 nRurM=1442 nUrbD=572 nRurD=806 nAreas=41 KUrbM=100 KRurM=100 KUrbD=16 KRurD=21 Q=10
[modMDM_BYM2_GH_v2] about to multiply Q_bym2 by u_bym2 (nAreas=41)
[modMDM_BYM2_GH_v2] completed Q_bym2 * u_bym2 multiply
[modMDM_BYM2_GH_v2] add_dataset start: nObs=741 Kint=100 fe.size=74100 w.rows=741 w.cols=100 lchoose=741 areaidx.len=741 areaidx.range=0..40
[modMDM_BYM2_GH_v2] add_dataset start: nObs=1442 Kint=100 fe.size=144200 w.rows=1442 w.cols=100 lchoose=1442 areaidx.len=1442 areaidx.range=0..37
[modMDM_BYM2_GH_v2] add_dataset start: nObs=572 Kint=16 fe.size=9152 w.rows=572 w.cols=16 lchoose=572 areaidx.len=572 areaidx.range=0..40
[modMDM_BYM2_GH_v2] add_dataset start: nObs=806 Kint=21 fe.size=16926 w.rows=806 w.cols=21 lchoose=806 areaidx.len=806 areaidx.range=0..37
[modMDM_BYM2_GH_v2] sizes: nUrbM=741 nRurM=1442 nUrbD=572 nRurD=806 nAreas=41 KUrbM=100 KRurM=100 KUrbD=16 KRurD=21 Q=10
[modMDM_BYM2_GH_v2] about to multiply Q_bym2 by u_bym2 (nAreas=41)
[modMDM_BYM2_GH_v2] completed Q_bym2 * u_bym2 multiply
[modMDM_BYM2_GH_v2] add_dataset start: nObs=741 Kint=100 fe.size=74100 w.rows=741 w.cols=100 lchoose=741 areaidx.len=741 areaidx.range=0..40
[modMDM_BYM2_GH_v2] add_dataset start: nObs=1442 Kint=100 fe.size=144200 w.rows=1442 w.cols=100 lchoose=1442 areaidx.len=1442 areaidx.range=0..37
[modMDM_BYM2_GH_v2] add_dataset start: nObs=572 Kint=16 fe.size=9152 w.rows=572 w.cols=16 lchoose=572 areaidx.len=572 areaidx.range=0..40
[modMDM_BYM2_GH_v2] add_dataset start: nObs=806 Kint=21 fe.size=16926 w.rows=806 w.cols=21 lchoose=806 areaidx.len=806 areaidx.range=0..37
[modMDM_BYM2_GH_v2] sizes: nUrbM=741 nRurM=1442 nUrbD=572 nRurD=806 nAreas=41 KUrbM=100 KRurM=100 KUrbD=16 KRurD=21 Q=10
[modMDM_BYM2_GH_v2] about to multiply Q_bym2 by u_bym2 (nAreas=41)
[modMDM_BYM2_GH_v2] completed Q_bym2 * u_bym2 multiply
[modMDM_BYM2_GH_v2] add_dataset start: nObs=741 Kint=100 fe.size=74100 w.rows=741 w.cols=100 lchoose=741 areaidx.len=741 areaidx.range=0..40
[modMDM_BYM2_GH_v2] add_dataset start: nObs=1442 Kint=100 fe.size=144200 w.rows=1442 w.cols=100 lchoose=1442 areaidx.len=1442 areaidx.range=0..37
[modMDM_BYM2_GH_v2] add_dataset start: nObs=572 Kint=16 fe.size=9152 w.rows=572 w.cols=16 lchoose=572 areaidx.len=572 areaidx.range=0..40
[modMDM_BYM2_GH_v2] add_dataset start: nObs=806 Kint=21 fe.size=16926 w.rows=806 w.cols=21 lchoose=806 areaidx.len=806 areaidx.range=0..37
[modMDM_BYM2_GH_v2] sizes: nUrbM=741 nRurM=1442 nUrbD=572 nRurD=806 nAreas=41 KUrbM=100 KRurM=100 KUrbD=16 KRurD=21 Q=10
[modMDM_BYM2_GH_v2] about to multiply Q_bym2 by u_bym2 (nAreas=41)
[modMDM_BYM2_GH_v2] completed Q_bym2 * u_bym2 multiply
[modMDM_BYM2_GH_v2] add_dataset start: nObs=741 Kint=100 fe.size=74100 w.rows=741 w.cols=100 lchoose=741 areaidx.len=741 areaidx.range=0..40
[modMDM_BYM2_GH_v2] add_dataset start: nObs=1442 Kint=100 fe.size=144200 w.rows=1442 w.cols=100 lchoose=1442 areaidx.len=1442 areaidx.range=0..37
[modMDM_BYM2_GH_v2] add_dataset start: nObs=572 Kint=16 fe.size=9152 w.rows=572 w.cols=16 lchoose=572 areaidx.len=572 areaidx.range=0..40
[modMDM_BYM2_GH_v2] add_dataset start: nObs=806 Kint=21 fe.size=16926 w.rows=806 w.cols=21 lchoose=806 areaidx.len=806 areaidx.range=0..37
[modMDM_BYM2_GH_v2] sizes: nUrbM=741 nRurM=1442 nUrbD=572 nRurD=806 nAreas=41 KUrbM=100 KRurM=100 KUrbD=16 KRurD=21 Q=10
[modMDM_BYM2_GH_v2] about to multiply Q_bym2 by u_bym2 (nAreas=41)
[modMDM_BYM2_GH_v2] completed Q_bym2 * u_bym2 multiply
[modMDM_BYM2_GH_v2] add_dataset start: nObs=741 Kint=100 fe.size=74100 w.rows=741 w.cols=100 lchoose=741 areaidx.len=741 areaidx.range=0..40
[modMDM_BYM2_GH_v2] add_dataset start: nObs=1442 Kint=100 fe.size=144200 w.rows=1442 w.cols=100 lchoose=1442 areaidx.len=1442 areaidx.range=0..37
[modMDM_BYM2_GH_v2] add_dataset start: nObs=572 Kint=16 fe.size=9152 w.rows=572 w.cols=16 lchoose=572 areaidx.len=572 areaidx.range=0..40
[modMDM_BYM2_GH_v2] add_dataset start: nObs=806 Kint=21 fe.size=16926 w.rows=806 w.cols=21 lchoose=806 areaidx.len=806 areaidx.range=0..37
[modMDM_BYM2_GH_v2] sizes: nUrbM=741 nRurM=1442 nUrbD=572 nRurD=806 nAreas=41 KUrbM=100 KRurM=100 KUrbD=16 KRurD=21 Q=10
[modMDM_BYM2_GH_v2] about to multiply Q_bym2 by u_bym2 (nAreas=41)
[modMDM_BYM2_GH_v2] completed Q_bym2 * u_bym2 multiply
[modMDM_BYM2_GH_v2] add_dataset start: nObs=741 Kint=100 fe.size=74100 w.rows=741 w.cols=100 lchoose=741 areaidx.len=741 areaidx.range=0..40
[modMDM_BYM2_GH_v2] add_dataset start: nObs=1442 Kint=100 fe.size=144200 w.rows=1442 w.cols=100 lchoose=1442 areaidx.len=1442 areaidx.range=0..37
[modMDM_BYM2_GH_v2] add_dataset start: nObs=572 Kint=16 fe.size=9152 w.rows=572 w.cols=16 lchoose=572 areaidx.len=572 areaidx.range=0..40
[modMDM_BYM2_GH_v2] add_dataset start: nObs=806 Kint=21 fe.size=16926 w.rows=806 w.cols=21 lchoose=806 areaidx.len=806 areaidx.range=0..37
[modMDM_BYM2_GH_v2] sizes: nUrbM=741 nRurM=1442 nUrbD=572 nRurD=806 nAreas=41 KUrbM=100 KRurM=100 KUrbD=16 KRurD=21 Q=10
[modMDM_BYM2_GH_v2] about to multiply Q_bym2 by u_bym2 (nAreas=41)
[modMDM_BYM2_GH_v2] completed Q_bym2 * u_bym2 multiply
[modMDM_BYM2_GH_v2] add_dataset start: nObs=741 Kint=100 fe.size=74100 w.rows=741 w.cols=100 lchoose=741 areaidx.len=741 areaidx.range=0..40
[modMDM_BYM2_GH_v2] add_dataset start: nObs=1442 Kint=100 fe.size=144200 w.rows=1442 w.cols=100 lchoose=1442 areaidx.len=1442 areaidx.range=0..37
[modMDM_BYM2_GH_v2] add_dataset start: nObs=572 Kint=16 fe.size=9152 w.rows=572 w.cols=16 lchoose=572 areaidx.len=572 areaidx.range=0..40
[modMDM_BYM2_GH_v2] add_dataset start: nObs=806 Kint=21 fe.size=16926 w.rows=806 w.cols=21 lchoose=806 areaidx.len=806 areaidx.range=0..37
Warning in TMB::sdreport(obj, getJointPrecision = TRUE, bias.correct = TRUE,  :
  'bias.correct' does nothing without random effects
fit 1.6 min
  [M_D_BYM2] fitting ... Warning in Matrix.DeprecatedCoerce(cd1, cd2) :
  'as(<dgTMatrix>, "dgCMatrix")' is deprecated.
Use 'as(., "CsparseMatrix")' instead.
See help("Deprecated") and help("Matrix-deprecated").
Warning in eigen.spam(tempQ, symmetric = TRUE) : 
 The eigenvalues are calculated with the function 'eigen' from the base package.
Warning in Matrix.DeprecatedCoerce(cd1, cd2) :
  'as(<dgTMatrix>, "dgCMatrix")' is deprecated.
Use 'as(., "CsparseMatrix")' instead.
See help("Deprecated") and help("Matrix-deprecated").
Warning in eigen.spam(tempQ, symmetric = TRUE) : 
 The eigenvalues are calculated with the function 'eigen' from the base package.
[1] "dyn.unload(dynlib('code/'))"
Warning: 2 external pointers will be removed
[1] "dyn.unload(dynlib('code/'))"
[1] "dyn.unload(dynlib('code/'))"
fit 0.3 min
% latex table generated in R 4.4.3 by xtable 1.8-4 package
% Wed May 20 04:40:42 2026
\begin{table}[ht]
\centering
\begin{tabular}{rrrrrr}
  \hline
 & Est & Q0.025 & Q0.1 & Q0.9 & Q0.975 \\ 
  \hline
(Int) & -1.37 & -1.53 & -1.47 & -1.26 & -1.20 \\ 
  urb & 1.01 & 0.80 & 0.87 & 1.15 & 1.22 \\ 
  access & -0.01 & -0.12 & -0.08 & 0.06 & 0.09 \\ 
  elev & -0.09 & -0.17 & -0.14 & -0.05 & -0.02 \\ 
  distRiversLakes & -0.23 & -0.30 & -0.27 & -0.18 & -0.16 \\ 
  popValsNorm & 0.46 & 0.26 & 0.33 & 0.59 & 0.66 \\ 
  sigmaSq & 0.38 & 0.05 & 0.09 & 0.80 & 1.41 \\ 
  phi & 0.41 & 0.02 & 0.07 & 0.83 & 0.93 \\ 
  sigmaEpsSq & 1.61 & 1.44 & 1.50 & 1.73 & 1.79 \\ 
   \hline
\end{tabular}
\end{table}
% latex table generated in R 4.4.3 by xtable 1.8-4 package
% Wed May 20 04:45:15 2026
\begin{table}[ht]
\centering
\begin{tabular}{rrrrrr}
  \hline
 & Est & Q0.025 & Q0.1 & Q0.9 & Q0.975 \\ 
  \hline
(Int) & -1.37 & -1.53 & -1.47 & -1.26 & -1.20 \\ 
  urb & 1.02 & 0.81 & 0.88 & 1.15 & 1.23 \\ 
  access & -0.01 & -0.12 & -0.08 & 0.06 & 0.09 \\ 
  elev & -0.09 & -0.17 & -0.14 & -0.04 & -0.02 \\ 
  distRiversLakes & -0.23 & -0.30 & -0.28 & -0.18 & -0.16 \\ 
  popValsNorm & 0.46 & 0.26 & 0.34 & 0.59 & 0.65 \\ 
  sigmaSq & 0.39 & 0.05 & 0.09 & 0.80 & 1.44 \\ 
  phi & 0.41 & 0.02 & 0.07 & 0.84 & 0.94 \\ 
  sigmaEpsSq & 1.61 & 1.44 & 1.50 & 1.73 & 1.80 \\ 
   \hline
\end{tabular}
\end{table}
  [M_M_BYM2] fitting ... Warning in Matrix.DeprecatedCoerce(cd1, cd2) :
  'as(<dgTMatrix>, "dgCMatrix")' is deprecated.
Use 'as(., "CsparseMatrix")' instead.
See help("Deprecated") and help("Matrix-deprecated").
Warning in eigen.spam(tempQ, symmetric = TRUE) : 
 The eigenvalues are calculated with the function 'eigen' from the base package.
[1] "dyn.unload(dynlib('code/'))"
[1] "dyn.unload(dynlib('code/'))"
Warning: 3 external pointers will be removed
[1] "dyn.unload(dynlib('code/'))"
fit 5.6 min
% latex table generated in R 4.4.3 by xtable 1.8-4 package
% Wed May 20 05:03:49 2026
\begin{table}[ht]
\centering
\begin{tabular}{rrrrrr}
  \hline
 & Est & Q0.025 & Q0.1 & Q0.9 & Q0.975 \\ 
  \hline
(Int) & -1.41 & -1.90 & -1.73 & -1.09 & -0.93 \\ 
  urb & 0.97 & 0.48 & 0.65 & 1.29 & 1.46 \\ 
  access & 0.03 & -0.52 & -0.31 & 0.37 & 0.58 \\ 
  elev & -0.17 & -0.38 & -0.31 & -0.03 & 0.04 \\ 
  distRiversLakes & -0.28 & -0.48 & -0.42 & -0.15 & -0.08 \\ 
  popValsNorm & 0.58 & -0.27 & 0.04 & 1.12 & 1.39 \\ 
  sigmaSq & 0.31 & 0.17 & 0.20 & 0.42 & 0.53 \\ 
  phi & 0.29 & 0.01 & 0.02 & 0.71 & 0.90 \\ 
  sigmaEpsSq & 1.50 & 1.30 & 1.37 & 1.63 & 1.71 \\ 
   \hline
\end{tabular}
\end{table}
% latex table generated in R 4.4.3 by xtable 1.8-4 package
% Wed May 20 05:08:15 2026
\begin{table}[ht]
\centering
\begin{tabular}{rrrrrr}
  \hline
 & Est & Q0.025 & Q0.1 & Q0.9 & Q0.975 \\ 
  \hline
(Int) & -1.42 & -1.92 & -1.74 & -1.09 & -0.93 \\ 
  urb & 0.96 & 0.47 & 0.64 & 1.28 & 1.44 \\ 
  access & 0.04 & -0.50 & -0.32 & 0.38 & 0.58 \\ 
  elev & -0.17 & -0.38 & -0.31 & -0.02 & 0.05 \\ 
  distRiversLakes & -0.28 & -0.50 & -0.42 & -0.15 & -0.07 \\ 
  popValsNorm & 0.60 & -0.25 & 0.04 & 1.14 & 1.44 \\ 
  sigmaSq & 0.30 & 0.17 & 0.21 & 0.42 & 0.51 \\ 
  phi & 0.28 & 0.01 & 0.02 & 0.70 & 0.88 \\ 
  sigmaEpsSq & 1.50 & 1.32 & 1.37 & 1.63 & 1.70 \\ 
   \hline
\end{tabular}
\end{table}
  [M_DM_BYM2] fitting ... Warning in Matrix.DeprecatedCoerce(cd1, cd2) :
  'as(<dgTMatrix>, "dgCMatrix")' is deprecated.
Use 'as(., "CsparseMatrix")' instead.
See help("Deprecated") and help("Matrix-deprecated").
Warning in eigen.spam(tempQ, symmetric = TRUE) : 
 The eigenvalues are calculated with the function 'eigen' from the base package.
Warning in Matrix.DeprecatedCoerce(cd1, cd2) :
  'as(<dgTMatrix>, "dgCMatrix")' is deprecated.
Use 'as(., "CsparseMatrix")' instead.
See help("Deprecated") and help("Matrix-deprecated").
Warning in eigen.spam(tempQ, symmetric = TRUE) : 
 The eigenvalues are calculated with the function 'eigen' from the base package.
[1] "dyn.unload(dynlib('code/'))"
Warning: 4 external pointers will be removed
[1] "dyn.unload(dynlib('code/'))"
[modMDM_BYM2_GH_v2] sizes: nUrbM=741 nRurM=1442 nUrbD=572 nRurD=806 nAreas=41 KUrbM=100 KRurM=100 KUrbD=16 KRurD=21 Q=10
[modMDM_BYM2_GH_v2] about to multiply Q_bym2 by u_bym2 (nAreas=41)
[modMDM_BYM2_GH_v2] completed Q_bym2 * u_bym2 multiply
[modMDM_BYM2_GH_v2] add_dataset start: nObs=741 Kint=100 fe.size=74100 w.rows=741 w.cols=100 lchoose=741 areaidx.len=741 areaidx.range=0..40
[modMDM_BYM2_GH_v2] add_dataset start: nObs=1442 Kint=100 fe.size=144200 w.rows=1442 w.cols=100 lchoose=1442 areaidx.len=1442 areaidx.range=0..37
[modMDM_BYM2_GH_v2] add_dataset start: nObs=572 Kint=16 fe.size=9152 w.rows=572 w.cols=16 lchoose=572 areaidx.len=572 areaidx.range=0..40
[modMDM_BYM2_GH_v2] add_dataset start: nObs=806 Kint=21 fe.size=16926 w.rows=806 w.cols=21 lchoose=806 areaidx.len=806 areaidx.range=0..37
[modMDM_BYM2_GH_v2] sizes: nUrbM=741 nRurM=1442 nUrbD=572 nRurD=806 nAreas=41 KUrbM=100 KRurM=100 KUrbD=16 KRurD=21 Q=10
[modMDM_BYM2_GH_v2] about to multiply Q_bym2 by u_bym2 (nAreas=41)
[modMDM_BYM2_GH_v2] completed Q_bym2 * u_bym2 multiply
[modMDM_BYM2_GH_v2] add_dataset start: nObs=741 Kint=100 fe.size=74100 w.rows=741 w.cols=100 lchoose=741 areaidx.len=741 areaidx.range=0..40
[modMDM_BYM2_GH_v2] add_dataset start: nObs=1442 Kint=100 fe.size=144200 w.rows=1442 w.cols=100 lchoose=1442 areaidx.len=1442 areaidx.range=0..37
[modMDM_BYM2_GH_v2] add_dataset start: nObs=572 Kint=16 fe.size=9152 w.rows=572 w.cols=16 lchoose=572 areaidx.len=572 areaidx.range=0..40
[modMDM_BYM2_GH_v2] add_dataset start: nObs=806 Kint=21 fe.size=16926 w.rows=806 w.cols=21 lchoose=806 areaidx.len=806 areaidx.range=0..37
[modMDM_BYM2_GH_v2] sizes: nUrbM=741 nRurM=1442 nUrbD=572 nRurD=806 nAreas=41 KUrbM=100 KRurM=100 KUrbD=16 KRurD=21 Q=10
[modMDM_BYM2_GH_v2] about to multiply Q_bym2 by u_bym2 (nAreas=41)
[modMDM_BYM2_GH_v2] completed Q_bym2 * u_bym2 multiply
[modMDM_BYM2_GH_v2] add_dataset start: nObs=741 Kint=100 fe.size=74100 w.rows=741 w.cols=100 lchoose=741 areaidx.len=741 areaidx.range=0..40
[modMDM_BYM2_GH_v2] add_dataset start: nObs=1442 Kint=100 fe.size=144200 w.rows=1442 w.cols=100 lchoose=1442 areaidx.len=1442 areaidx.range=0..37
[modMDM_BYM2_GH_v2] add_dataset start: nObs=572 Kint=16 fe.size=9152 w.rows=572 w.cols=16 lchoose=572 areaidx.len=572 areaidx.range=0..40
[modMDM_BYM2_GH_v2] add_dataset start: nObs=806 Kint=21 fe.size=16926 w.rows=806 w.cols=21 lchoose=806 areaidx.len=806 areaidx.range=0..37
[modMDM_BYM2_GH_v2] sizes: nUrbM=741 nRurM=1442 nUrbD=572 nRurD=806 nAreas=41 KUrbM=100 KRurM=100 KUrbD=16 KRurD=21 Q=10
[modMDM_BYM2_GH_v2] about to multiply Q_bym2 by u_bym2 (nAreas=41)
[modMDM_BYM2_GH_v2] completed Q_bym2 * u_bym2 multiply
[modMDM_BYM2_GH_v2] add_dataset start: nObs=741 Kint=100 fe.size=74100 w.rows=741 w.cols=100 lchoose=741 areaidx.len=741 areaidx.range=0..40
[modMDM_BYM2_GH_v2] add_dataset start: nObs=1442 Kint=100 fe.size=144200 w.rows=1442 w.cols=100 lchoose=1442 areaidx.len=1442 areaidx.range=0..37
[modMDM_BYM2_GH_v2] add_dataset start: nObs=572 Kint=16 fe.size=9152 w.rows=572 w.cols=16 lchoose=572 areaidx.len=572 areaidx.range=0..40
[modMDM_BYM2_GH_v2] add_dataset start: nObs=806 Kint=21 fe.size=16926 w.rows=806 w.cols=21 lchoose=806 areaidx.len=806 areaidx.range=0..37
[1] "dyn.unload(dynlib('code/'))"
Warning: 3 external pointers will be removed
[1] "dyn.unload(dynlib('code/'))"
[modMDM_BYM2_GH_v2] sizes: nUrbM=741 nRurM=1442 nUrbD=572 nRurD=806 nAreas=41 KUrbM=100 KRurM=100 KUrbD=16 KRurD=21 Q=10
[modMDM_BYM2_GH_v2] about to multiply Q_bym2 by u_bym2 (nAreas=41)
[modMDM_BYM2_GH_v2] completed Q_bym2 * u_bym2 multiply
[modMDM_BYM2_GH_v2] add_dataset start: nObs=741 Kint=100 fe.size=74100 w.rows=741 w.cols=100 lchoose=741 areaidx.len=741 areaidx.range=0..40
[modMDM_BYM2_GH_v2] add_dataset start: nObs=1442 Kint=100 fe.size=144200 w.rows=1442 w.cols=100 lchoose=1442 areaidx.len=1442 areaidx.range=0..37
[modMDM_BYM2_GH_v2] add_dataset start: nObs=572 Kint=16 fe.size=9152 w.rows=572 w.cols=16 lchoose=572 areaidx.len=572 areaidx.range=0..40
[modMDM_BYM2_GH_v2] add_dataset start: nObs=806 Kint=21 fe.size=16926 w.rows=806 w.cols=21 lchoose=806 areaidx.len=806 areaidx.range=0..37
[modMDM_BYM2_GH_v2] sizes: nUrbM=741 nRurM=1442 nUrbD=572 nRurD=806 nAreas=41 KUrbM=100 KRurM=100 KUrbD=16 KRurD=21 Q=10
[modMDM_BYM2_GH_v2] about to multiply Q_bym2 by u_bym2 (nAreas=41)
[modMDM_BYM2_GH_v2] completed Q_bym2 * u_bym2 multiply
[modMDM_BYM2_GH_v2] add_dataset start: nObs=741 Kint=100 fe.size=74100 w.rows=741 w.cols=100 lchoose=741 areaidx.len=741 areaidx.range=0..40
[modMDM_BYM2_GH_v2] add_dataset start: nObs=1442 Kint=100 fe.size=144200 w.rows=1442 w.cols=100 lchoose=1442 areaidx.len=1442 areaidx.range=0..37
[modMDM_BYM2_GH_v2] add_dataset start: nObs=572 Kint=16 fe.size=9152 w.rows=572 w.cols=16 lchoose=572 areaidx.len=572 areaidx.range=0..40
[modMDM_BYM2_GH_v2] add_dataset start: nObs=806 Kint=21 fe.size=16926 w.rows=806 w.cols=21 lchoose=806 areaidx.len=806 areaidx.range=0..37
[modMDM_BYM2_GH_v2] sizes: nUrbM=741 nRurM=1442 nUrbD=572 nRurD=806 nAreas=41 KUrbM=100 KRurM=100 KUrbD=16 KRurD=21 Q=10
[modMDM_BYM2_GH_v2] about to multiply Q_bym2 by u_bym2 (nAreas=41)
[modMDM_BYM2_GH_v2] completed Q_bym2 * u_bym2 multiply
[modMDM_BYM2_GH_v2] add_dataset start: nObs=741 Kint=100 fe.size=74100 w.rows=741 w.cols=100 lchoose=741 areaidx.len=741 areaidx.range=0..40
[modMDM_BYM2_GH_v2] add_dataset start: nObs=1442 Kint=100 fe.size=144200 w.rows=1442 w.cols=100 lchoose=1442 areaidx.len=1442 areaidx.range=0..37
[modMDM_BYM2_GH_v2] add_dataset start: nObs=572 Kint=16 fe.size=9152 w.rows=572 w.cols=16 lchoose=572 areaidx.len=572 areaidx.range=0..40
[modMDM_BYM2_GH_v2] add_dataset start: nObs=806 Kint=21 fe.size=16926 w.rows=806 w.cols=21 lchoose=806 areaidx.len=806 areaidx.range=0..37
[modMDM_BYM2_GH_v2] sizes: nUrbM=741 nRurM=1442 nUrbD=572 nRurD=806 nAreas=41 KUrbM=100 KRurM=100 KUrbD=16 KRurD=21 Q=10
[modMDM_BYM2_GH_v2] about to multiply Q_bym2 by u_bym2 (nAreas=41)
[modMDM_BYM2_GH_v2] completed Q_bym2 * u_bym2 multiply
[modMDM_BYM2_GH_v2] add_dataset start: nObs=741 Kint=100 fe.size=74100 w.rows=741 w.cols=100 lchoose=741 areaidx.len=741 areaidx.range=0..40
[modMDM_BYM2_GH_v2] add_dataset start: nObs=1442 Kint=100 fe.size=144200 w.rows=1442 w.cols=100 lchoose=1442 areaidx.len=1442 areaidx.range=0..37
[modMDM_BYM2_GH_v2] add_dataset start: nObs=572 Kint=16 fe.size=9152 w.rows=572 w.cols=16 lchoose=572 areaidx.len=572 areaidx.range=0..40
[modMDM_BYM2_GH_v2] add_dataset start: nObs=806 Kint=21 fe.size=16926 w.rows=806 w.cols=21 lchoose=806 areaidx.len=806 areaidx.range=0..37
[modMDM_BYM2_GH_v2] sizes: nUrbM=741 nRurM=1442 nUrbD=572 nRurD=806 nAreas=41 KUrbM=100 KRurM=100 KUrbD=16 KRurD=21 Q=10
[modMDM_BYM2_GH_v2] about to multiply Q_bym2 by u_bym2 (nAreas=41)
[modMDM_BYM2_GH_v2] completed Q_bym2 * u_bym2 multiply
[modMDM_BYM2_GH_v2] add_dataset start: nObs=741 Kint=100 fe.size=74100 w.rows=741 w.cols=100 lchoose=741 areaidx.len=741 areaidx.range=0..40
[modMDM_BYM2_GH_v2] add_dataset start: nObs=1442 Kint=100 fe.size=144200 w.rows=1442 w.cols=100 lchoose=1442 areaidx.len=1442 areaidx.range=0..37
[modMDM_BYM2_GH_v2] add_dataset start: nObs=572 Kint=16 fe.size=9152 w.rows=572 w.cols=16 lchoose=572 areaidx.len=572 areaidx.range=0..40
[modMDM_BYM2_GH_v2] add_dataset start: nObs=806 Kint=21 fe.size=16926 w.rows=806 w.cols=21 lchoose=806 areaidx.len=806 areaidx.range=0..37
[modMDM_BYM2_GH_v2] sizes: nUrbM=741 nRurM=1442 nUrbD=572 nRurD=806 nAreas=41 KUrbM=100 KRurM=100 KUrbD=16 KRurD=21 Q=10
[modMDM_BYM2_GH_v2] about to multiply Q_bym2 by u_bym2 (nAreas=41)
[modMDM_BYM2_GH_v2] completed Q_bym2 * u_bym2 multiply
[modMDM_BYM2_GH_v2] add_dataset start: nObs=741 Kint=100 fe.size=74100 w.rows=741 w.cols=100 lchoose=741 areaidx.len=741 areaidx.range=0..40
[modMDM_BYM2_GH_v2] add_dataset start: nObs=1442 Kint=100 fe.size=144200 w.rows=1442 w.cols=100 lchoose=1442 areaidx.len=1442 areaidx.range=0..37
[modMDM_BYM2_GH_v2] add_dataset start: nObs=572 Kint=16 fe.size=9152 w.rows=572 w.cols=16 lchoose=572 areaidx.len=572 areaidx.range=0..40
[modMDM_BYM2_GH_v2] add_dataset start: nObs=806 Kint=21 fe.size=16926 w.rows=806 w.cols=21 lchoose=806 areaidx.len=806 areaidx.range=0..37
[modMDM_BYM2_GH_v2] sizes: nUrbM=741 nRurM=1442 nUrbD=572 nRurD=806 nAreas=41 KUrbM=100 KRurM=100 KUrbD=16 KRurD=21 Q=10
[modMDM_BYM2_GH_v2] about to multiply Q_bym2 by u_bym2 (nAreas=41)
[modMDM_BYM2_GH_v2] completed Q_bym2 * u_bym2 multiply
[modMDM_BYM2_GH_v2] add_dataset start: nObs=741 Kint=100 fe.size=74100 w.rows=741 w.cols=100 lchoose=741 areaidx.len=741 areaidx.range=0..40
[modMDM_BYM2_GH_v2] add_dataset start: nObs=1442 Kint=100 fe.size=144200 w.rows=1442 w.cols=100 lchoose=1442 areaidx.len=1442 areaidx.range=0..37
[modMDM_BYM2_GH_v2] add_dataset start: nObs=572 Kint=16 fe.size=9152 w.rows=572 w.cols=16 lchoose=572 areaidx.len=572 areaidx.range=0..40
[modMDM_BYM2_GH_v2] add_dataset start: nObs=806 Kint=21 fe.size=16926 w.rows=806 w.cols=21 lchoose=806 areaidx.len=806 areaidx.range=0..37
[modMDM_BYM2_GH_v2] sizes: nUrbM=741 nRurM=1442 nUrbD=572 nRurD=806 nAreas=41 KUrbM=100 KRurM=100 KUrbD=16 KRurD=21 Q=10
[modMDM_BYM2_GH_v2] about to multiply Q_bym2 by u_bym2 (nAreas=41)
[modMDM_BYM2_GH_v2] completed Q_bym2 * u_bym2 multiply
[modMDM_BYM2_GH_v2] add_dataset start: nObs=741 Kint=100 fe.size=74100 w.rows=741 w.cols=100 lchoose=741 areaidx.len=741 areaidx.range=0..40
[modMDM_BYM2_GH_v2] add_dataset start: nObs=1442 Kint=100 fe.size=144200 w.rows=1442 w.cols=100 lchoose=1442 areaidx.len=1442 areaidx.range=0..37
[modMDM_BYM2_GH_v2] add_dataset start: nObs=572 Kint=16 fe.size=9152 w.rows=572 w.cols=16 lchoose=572 areaidx.len=572 areaidx.range=0..40
[modMDM_BYM2_GH_v2] add_dataset start: nObs=806 Kint=21 fe.size=16926 w.rows=806 w.cols=21 lchoose=806 areaidx.len=806 areaidx.range=0..37
[modMDM_BYM2_GH_v2] sizes: nUrbM=741 nRurM=1442 nUrbD=572 nRurD=806 nAreas=41 KUrbM=100 KRurM=100 KUrbD=16 KRurD=21 Q=10
[modMDM_BYM2_GH_v2] about to multiply Q_bym2 by u_bym2 (nAreas=41)
[modMDM_BYM2_GH_v2] completed Q_bym2 * u_bym2 multiply
[modMDM_BYM2_GH_v2] add_dataset start: nObs=741 Kint=100 fe.size=74100 w.rows=741 w.cols=100 lchoose=741 areaidx.len=741 areaidx.range=0..40
[modMDM_BYM2_GH_v2] add_dataset start: nObs=1442 Kint=100 fe.size=144200 w.rows=1442 w.cols=100 lchoose=1442 areaidx.len=1442 areaidx.range=0..37
[modMDM_BYM2_GH_v2] add_dataset start: nObs=572 Kint=16 fe.size=9152 w.rows=572 w.cols=16 lchoose=572 areaidx.len=572 areaidx.range=0..40
[modMDM_BYM2_GH_v2] add_dataset start: nObs=806 Kint=21 fe.size=16926 w.rows=806 w.cols=21 lchoose=806 areaidx.len=806 areaidx.range=0..37
[modMDM_BYM2_GH_v2] sizes: nUrbM=741 nRurM=1442 nUrbD=572 nRurD=806 nAreas=41 KUrbM=100 KRurM=100 KUrbD=16 KRurD=21 Q=10
[modMDM_BYM2_GH_v2] about to multiply Q_bym2 by u_bym2 (nAreas=41)
[modMDM_BYM2_GH_v2] completed Q_bym2 * u_bym2 multiply
[modMDM_BYM2_GH_v2] add_dataset start: nObs=741 Kint=100 fe.size=74100 w.rows=741 w.cols=100 lchoose=741 areaidx.len=741 areaidx.range=0..40
[modMDM_BYM2_GH_v2] add_dataset start: nObs=1442 Kint=100 fe.size=144200 w.rows=1442 w.cols=100 lchoose=1442 areaidx.len=1442 areaidx.range=0..37
[modMDM_BYM2_GH_v2] add_dataset start: nObs=572 Kint=16 fe.size=9152 w.rows=572 w.cols=16 lchoose=572 areaidx.len=572 areaidx.range=0..40
[modMDM_BYM2_GH_v2] add_dataset start: nObs=806 Kint=21 fe.size=16926 w.rows=806 w.cols=21 lchoose=806 areaidx.len=806 areaidx.range=0..37
[modMDM_BYM2_GH_v2] sizes: nUrbM=741 nRurM=1442 nUrbD=572 nRurD=806 nAreas=41 KUrbM=100 KRurM=100 KUrbD=16 KRurD=21 Q=10
[modMDM_BYM2_GH_v2] about to multiply Q_bym2 by u_bym2 (nAreas=41)
[modMDM_BYM2_GH_v2] completed Q_bym2 * u_bym2 multiply
[modMDM_BYM2_GH_v2] add_dataset start: nObs=741 Kint=100 fe.size=74100 w.rows=741 w.cols=100 lchoose=741 areaidx.len=741 areaidx.range=0..40
[modMDM_BYM2_GH_v2] add_dataset start: nObs=1442 Kint=100 fe.size=144200 w.rows=1442 w.cols=100 lchoose=1442 areaidx.len=1442 areaidx.range=0..37
[modMDM_BYM2_GH_v2] add_dataset start: nObs=572 Kint=16 fe.size=9152 w.rows=572 w.cols=16 lchoose=572 areaidx.len=572 areaidx.range=0..40
[modMDM_BYM2_GH_v2] add_dataset start: nObs=806 Kint=21 fe.size=16926 w.rows=806 w.cols=21 lchoose=806 areaidx.len=806 areaidx.range=0..37
[modMDM_BYM2_GH_v2] sizes: nUrbM=741 nRurM=1442 nUrbD=572 nRurD=806 nAreas=41 KUrbM=100 KRurM=100 KUrbD=16 KRurD=21 Q=10
[modMDM_BYM2_GH_v2] about to multiply Q_bym2 by u_bym2 (nAreas=41)
[modMDM_BYM2_GH_v2] completed Q_bym2 * u_bym2 multiply
[modMDM_BYM2_GH_v2] add_dataset start: nObs=741 Kint=100 fe.size=74100 w.rows=741 w.cols=100 lchoose=741 areaidx.len=741 areaidx.range=0..40
[modMDM_BYM2_GH_v2] add_dataset start: nObs=1442 Kint=100 fe.size=144200 w.rows=1442 w.cols=100 lchoose=1442 areaidx.len=1442 areaidx.range=0..37
[modMDM_BYM2_GH_v2] add_dataset start: nObs=572 Kint=16 fe.size=9152 w.rows=572 w.cols=16 lchoose=572 areaidx.len=572 areaidx.range=0..40
[modMDM_BYM2_GH_v2] add_dataset start: nObs=806 Kint=21 fe.size=16926 w.rows=806 w.cols=21 lchoose=806 areaidx.len=806 areaidx.range=0..37
[modMDM_BYM2_GH_v2] sizes: nUrbM=741 nRurM=1442 nUrbD=572 nRurD=806 nAreas=41 KUrbM=100 KRurM=100 KUrbD=16 KRurD=21 Q=10
[modMDM_BYM2_GH_v2] about to multiply Q_bym2 by u_bym2 (nAreas=41)
[modMDM_BYM2_GH_v2] completed Q_bym2 * u_bym2 multiply
[modMDM_BYM2_GH_v2] add_dataset start: nObs=741 Kint=100 fe.size=74100 w.rows=741 w.cols=100 lchoose=741 areaidx.len=741 areaidx.range=0..40
[modMDM_BYM2_GH_v2] add_dataset start: nObs=1442 Kint=100 fe.size=144200 w.rows=1442 w.cols=100 lchoose=1442 areaidx.len=1442 areaidx.range=0..37
[modMDM_BYM2_GH_v2] add_dataset start: nObs=572 Kint=16 fe.size=9152 w.rows=572 w.cols=16 lchoose=572 areaidx.len=572 areaidx.range=0..40
[modMDM_BYM2_GH_v2] add_dataset start: nObs=806 Kint=21 fe.size=16926 w.rows=806 w.cols=21 lchoose=806 areaidx.len=806 areaidx.range=0..37
[modMDM_BYM2_GH_v2] sizes: nUrbM=741 nRurM=1442 nUrbD=572 nRurD=806 nAreas=41 KUrbM=100 KRurM=100 KUrbD=16 KRurD=21 Q=10
[modMDM_BYM2_GH_v2] about to multiply Q_bym2 by u_bym2 (nAreas=41)
[modMDM_BYM2_GH_v2] completed Q_bym2 * u_bym2 multiply
[modMDM_BYM2_GH_v2] add_dataset start: nObs=741 Kint=100 fe.size=74100 w.rows=741 w.cols=100 lchoose=741 areaidx.len=741 areaidx.range=0..40
[modMDM_BYM2_GH_v2] add_dataset start: nObs=1442 Kint=100 fe.size=144200 w.rows=1442 w.cols=100 lchoose=1442 areaidx.len=1442 areaidx.range=0..37
[modMDM_BYM2_GH_v2] add_dataset start: nObs=572 Kint=16 fe.size=9152 w.rows=572 w.cols=16 lchoose=572 areaidx.len=572 areaidx.range=0..40
[modMDM_BYM2_GH_v2] add_dataset start: nObs=806 Kint=21 fe.size=16926 w.rows=806 w.cols=21 lchoose=806 areaidx.len=806 areaidx.range=0..37
[modMDM_BYM2_GH_v2] sizes: nUrbM=741 nRurM=1442 nUrbD=572 nRurD=806 nAreas=41 KUrbM=100 KRurM=100 KUrbD=16 KRurD=21 Q=10
[modMDM_BYM2_GH_v2] about to multiply Q_bym2 by u_bym2 (nAreas=41)
[modMDM_BYM2_GH_v2] completed Q_bym2 * u_bym2 multiply
[modMDM_BYM2_GH_v2] add_dataset start: nObs=741 Kint=100 fe.size=74100 w.rows=741 w.cols=100 lchoose=741 areaidx.len=741 areaidx.range=0..40
[modMDM_BYM2_GH_v2] add_dataset start: nObs=1442 Kint=100 fe.size=144200 w.rows=1442 w.cols=100 lchoose=1442 areaidx.len=1442 areaidx.range=0..37
[modMDM_BYM2_GH_v2] add_dataset start: nObs=572 Kint=16 fe.size=9152 w.rows=572 w.cols=16 lchoose=572 areaidx.len=572 areaidx.range=0..40
[modMDM_BYM2_GH_v2] add_dataset start: nObs=806 Kint=21 fe.size=16926 w.rows=806 w.cols=21 lchoose=806 areaidx.len=806 areaidx.range=0..37
[modMDM_BYM2_GH_v2] sizes: nUrbM=741 nRurM=1442 nUrbD=572 nRurD=806 nAreas=41 KUrbM=100 KRurM=100 KUrbD=16 KRurD=21 Q=10
[modMDM_BYM2_GH_v2] about to multiply Q_bym2 by u_bym2 (nAreas=41)
[modMDM_BYM2_GH_v2] completed Q_bym2 * u_bym2 multiply
[modMDM_BYM2_GH_v2] add_dataset start: nObs=741 Kint=100 fe.size=74100 w.rows=741 w.cols=100 lchoose=741 areaidx.len=741 areaidx.range=0..40
[modMDM_BYM2_GH_v2] add_dataset start: nObs=1442 Kint=100 fe.size=144200 w.rows=1442 w.cols=100 lchoose=1442 areaidx.len=1442 areaidx.range=0..37
[modMDM_BYM2_GH_v2] add_dataset start: nObs=572 Kint=16 fe.size=9152 w.rows=572 w.cols=16 lchoose=572 areaidx.len=572 areaidx.range=0..40
[modMDM_BYM2_GH_v2] add_dataset start: nObs=806 Kint=21 fe.size=16926 w.rows=806 w.cols=21 lchoose=806 areaidx.len=806 areaidx.range=0..37
fit 69.5 min
% latex table generated in R 4.4.3 by xtable 1.8-4 package
% Wed May 20 06:31:13 2026
\begin{table}[ht]
\centering
\begin{tabular}{rrrrrr}
  \hline
 & Est & Q0.025 & Q0.1 & Q0.9 & Q0.975 \\ 
  \hline
(Int) & -1.42 & -1.60 & -1.53 & -1.31 & -1.24 \\ 
  urb & 0.89 & 0.71 & 0.77 & 1.00 & 1.06 \\ 
  access & -0.05 & -0.16 & -0.12 & 0.02 & 0.06 \\ 
  elev & -0.09 & -0.20 & -0.16 & -0.01 & 0.03 \\ 
  distRiversLakes & -0.13 & -0.24 & -0.20 & -0.05 & -0.02 \\ 
  popValsNorm & 0.52 & 0.30 & 0.37 & 0.66 & 0.73 \\ 
  sigmaSq & 0.36 & 0.19 & 0.23 & 0.50 & 0.62 \\ 
  phi & 0.45 & 0.02 & 0.06 & 0.89 & 0.96 \\ 
  sigmaEpsSq & 1.45 & 1.33 & 1.37 & 1.52 & 1.57 \\ 
   \hline
\end{tabular}
\end{table}
% latex table generated in R 4.4.3 by xtable 1.8-4 package
% Wed May 20 06:35:38 2026
\begin{table}[ht]
\centering
\begin{tabular}{rrrrrr}
  \hline
 & Est & Q0.025 & Q0.1 & Q0.9 & Q0.975 \\ 
  \hline
(Int) & -1.42 & -1.60 & -1.53 & -1.30 & -1.24 \\ 
  urb & 0.89 & 0.71 & 0.77 & 1.00 & 1.06 \\ 
  access & -0.05 & -0.16 & -0.12 & 0.02 & 0.06 \\ 
  elev & -0.09 & -0.20 & -0.16 & -0.01 & 0.03 \\ 
  distRiversLakes & -0.12 & -0.23 & -0.20 & -0.05 & -0.02 \\ 
  popValsNorm & 0.52 & 0.29 & 0.37 & 0.66 & 0.73 \\ 
  sigmaSq & 0.36 & 0.19 & 0.23 & 0.52 & 0.64 \\ 
  phi & 0.46 & 0.02 & 0.06 & 0.90 & 0.97 \\ 
  sigmaEpsSq & 1.44 & 1.33 & 1.37 & 1.52 & 1.57 \\ 
   \hline
\end{tabular}
\end{table}

##### [BYM2] sim 3 #####
  [Md_FE] fitting ... Warning in Matrix.DeprecatedCoerce(cd1, cd2) :
  'as(<dgTMatrix>, "dgCMatrix")' is deprecated.
Use 'as(., "CsparseMatrix")' instead.
See help("Deprecated") and help("Matrix-deprecated").
Warning in eigen.spam(tempQ, symmetric = TRUE) : 
 The eigenvalues are calculated with the function 'eigen' from the base package.
[1] "dyn.unload(dynlib('code/'))"
Warning: 4 external pointers will be removed
[1] "dyn.unload(dynlib('code/'))"
Warning in TMB::sdreport(obj, getJointPrecision = TRUE, bias.correct = TRUE,  :
  'bias.correct' does nothing without random effects
fit 0.1 min
  [Md] fitting ... Warning in Matrix.DeprecatedCoerce(cd1, cd2) :
  'as(<dgTMatrix>, "dgCMatrix")' is deprecated.
Use 'as(., "CsparseMatrix")' instead.
See help("Deprecated") and help("Matrix-deprecated").
Warning in eigen.spam(tempQ, symmetric = TRUE) : 
 The eigenvalues are calculated with the function 'eigen' from the base package.
[1] "dyn.unload(dynlib('code/'))"
[1] "compiling code/modM_DSepRepar.cpp..."
using C++ compiler: 'G__~1.EXE (GCC) 13.3.0'
make: Nothing to be done for 'all'.
[1] "optimizing for tol = 1e-06."
par:
   log_tau  logit_phi log_tauEps 
         0          0          0 
iter: 1  value: 3733.098 mgc: 913.4612 ustep: 1 
iter: 2  value: 3659.984 mgc: 328.6775 ustep: 1 
iter: 3  value: 3657.709 mgc: 44.37645 ustep: 1 
iter: 4  value: 3657.701 mgc: 2.380667 ustep: 1 
iter: 5  value: 3657.701 mgc: 0.01249466 ustep: 1 
iter: 6  value: 3657.701 mgc: 5.257832e-07 ustep: 1 
iter: 7  mgc: 1.926459e-13 
iter: 1  mgc: 1.926459e-13 
Matching hessian patterns... Done
outer mgc:  59.11281 
par:
   log_tau  logit_phi log_tauEps 
 0.2793613 -0.0122584 -2.3645126 
iter: 1  value: 4649.666 mgc: 2.133539 ustep: 1 
iter: 2  value: 4631.602 mgc: 18.53833 ustep: 1 
iter: 3  value: 4630.868 mgc: 1.672318 ustep: 1 
iter: 4  value: 4630.865 mgc: 0.07918506 ustep: 1 
iter: 5  value: 4630.865 mgc: 0.0004414878 ustep: 1 
iter: 6  value: 4630.865 mgc: 1.762229e-08 ustep: 1 
iter: 7  mgc: 2.147143e-13 
par:
    log_tau   logit_phi  log_tauEps 
 0.05587226 -0.00245168 -0.47290252 
iter: 1  value: 3786.62 mgc: 0.887343 ustep: 1 
iter: 2  value: 3786.546 mgc: 1.975924 ustep: 1 
iter: 3  value: 3786.546 mgc: 0.004818517 ustep: 1 
iter: 4  value: 3786.546 mgc: 2.83857e-07 ustep: 1 
iter: 5  mgc: 7.943385e-14 
iter: 1  mgc: 7.943385e-14 
outer mgc:  57.4416 
par:
   log_tau  logit_phi log_tauEps 
 6.0445440 -0.4586253 -0.1393172 
iter: 1  value: 3761.865 mgc: 2078.951 ustep: 1 
iter: 2  value: 3759.098 mgc: 10.68393 ustep: 1 
iter: 3  value: 3759.094 mgc: 0.40275 ustep: 1 
iter: 4  value: 3759.094 mgc: 0.0008431421 ustep: 1 
iter: 5  mgc: 5.793412e-09 
par:
    log_tau   logit_phi  log_tauEps 
 1.25360661 -0.09368641 -0.40618546 
iter: 1  value: 3764.594 mgc: 10.74887 ustep: 1 
iter: 2  value: 3764.592 mgc: 0.2571046 ustep: 1 
iter: 3  value: 3764.592 mgc: 0.0006755936 ustep: 1 
iter: 4  mgc: 2.86173e-09 
par:
    log_tau   logit_phi  log_tauEps 
 0.29541913 -0.02069863 -0.45955911 
iter: 1  value: 3780.715 mgc: 1.140747 ustep: 1 
iter: 2  value: 3780.715 mgc: 0.005211319 ustep: 1 
iter: 3  value: 3780.715 mgc: 3.763206e-07 ustep: 1 
iter: 4  mgc: 2.921234e-13 
iter: 1  mgc: 2.921234e-13 
outer mgc:  54.8422 
par:
   log_tau  logit_phi log_tauEps 
 0.6512980 -1.7744726 -0.1532952 
iter: 1  value: 3700.985 mgc: 2.63976 ustep: 1 
iter: 2  value: 3700.968 mgc: 0.8254684 ustep: 1 
iter: 3  value: 3700.968 mgc: 0.00100427 ustep: 1 
iter: 4  mgc: 9.880745e-09 
iter: 1  mgc: 9.880745e-09 
outer mgc:  20.37105 
par:
   log_tau  logit_phi log_tauEps 
 0.5265464 -1.3282895 -0.2356815 
iter: 1  value: 3721.869 mgc: 1.131427 ustep: 1 
iter: 2  value: 3721.869 mgc: 0.05927374 ustep: 1 
iter: 3  value: 3721.869 mgc: 5.296185e-06 ustep: 1 
iter: 4  mgc: 4.112308e-13 
iter: 1  mgc: 4.112308e-13 
outer mgc:  0.4926558 
par:
   log_tau  logit_phi log_tauEps 
 0.5733511 -1.4203960 -0.2390177 
iter: 1  value: 3722.924 mgc: 0.3079727 ustep: 1 
iter: 2  value: 3722.924 mgc: 0.0003631814 ustep: 1 
iter: 3  mgc: 5.1049e-10 
iter: 1  mgc: 5.1049e-10 
outer mgc:  0.5445027 
par:
   log_tau  logit_phi log_tauEps 
 0.5575771 -1.3898449 -0.2370122 
iter: 1  value: 3722.328 mgc: 0.1055727 ustep: 1 
iter: 2  value: 3722.328 mgc: 7.790066e-05 ustep: 1 
iter: 3  mgc: 7.101952e-12 
par:
   log_tau  logit_phi log_tauEps 
 0.3051556 -1.3704066  0.3074905 
iter: 1  value: 3595.756 mgc: 1.434986 ustep: 1 
iter: 2  value: 3595.625 mgc: 3.502073 ustep: 1 
iter: 3  value: 3595.625 mgc: 0.008049558 ustep: 1 
iter: 4  value: 3595.625 mgc: 3.071389e-07 ustep: 1 
iter: 5  mgc: 3.713187e-13 
par:
   log_tau  logit_phi log_tauEps 
 0.5070928 -1.3859573 -0.1281116 
iter: 1  value: 3693.679 mgc: 0.2281133 ustep: 1 
iter: 2  value: 3693.679 mgc: 0.1198345 ustep: 1 
iter: 3  value: 3693.679 mgc: 1.424765e-05 ustep: 1 
iter: 4  mgc: 1.72292e-12 
par:
   log_tau  logit_phi log_tauEps 
 0.5474802 -1.3890674 -0.2152321 
iter: 1  value: 3716.454 mgc: 0.04662772 ustep: 1 
iter: 2  value: 3716.454 mgc: 0.00462986 ustep: 1 
iter: 3  value: 3716.454 mgc: 2.311599e-08 ustep: 1 
mgc: 5.162156e-14 
par:
   log_tau  logit_phi log_tauEps 
 0.5555577 -1.3896894 -0.2326561 
iter: 1  value: 3721.147 mgc: 0.00937047 ustep: 1 
iter: 2  value: 3721.147 mgc: 0.000183889 ustep: 1 
iter: 3  mgc: 3.723144e-11 
par:
   log_tau  logit_phi log_tauEps 
 0.5571732 -1.3898138 -0.2361410 
iter: 1  value: 3722.092 mgc: 0.001875897 ustep: 1 
iter: 2  value: 3722.092 mgc: 7.345121e-06 ustep: 1 
iter: 3  mgc: 1.254766e-13 
par:
   log_tau  logit_phi log_tauEps 
 0.5574963 -1.3898387 -0.2368379 
iter: 1  value: 3722.281 mgc: 0.0003752516 ustep: 1 
iter: 2  value: 3722.281 mgc: 2.937213e-07 ustep: 1 
iter: 3  mgc: 3.981741e-13 
par:
   log_tau  logit_phi log_tauEps 
 0.5575609 -1.3898437 -0.2369773 
iter: 1  value: 3722.319 mgc: 7.505322e-05 ustep: 1 
iter: 2  value: 3722.319 mgc: 1.174822e-08 ustep: 1 
mgc: 1.307535e-13 
par:
   log_tau  logit_phi log_tauEps 
 0.5575739 -1.3898447 -0.2370052 
iter: 1  value: 3722.326 mgc: 1.501076e-05 ustep: 1 
iter: 2  mgc: 4.69897e-10 
par:
   log_tau  logit_phi log_tauEps 
 0.5575764 -1.3898449 -0.2370108 
iter: 1  value: 3722.328 mgc: 3.002161e-06 ustep: 1 
iter: 2  mgc: 1.866667e-11 
par:
   log_tau  logit_phi log_tauEps 
 0.5575770 -1.3898449 -0.2370119 
iter: 1  value: 3722.328 mgc: 6.004359e-07 ustep: 1 
iter: 2  mgc: 7.102828e-13 
par:
   log_tau  logit_phi log_tauEps 
 0.5575771 -1.3898449 -0.2370121 
iter: 1  value: 3722.328 mgc: 1.200907e-07 ustep: 1 
iter: 2  mgc: 2.659979e-13 
par:
   log_tau  logit_phi log_tauEps 
 0.5575771 -1.3898449 -0.2370121 
iter: 1  value: 3722.328 mgc: 2.40217e-08 ustep: 1 
iter: 2  mgc: 2.577874e-13 
par:
   log_tau  logit_phi log_tauEps 
 0.5575771 -1.3898449 -0.2370122 
iter: 1  mgc: 4.807892e-09 
[1] "completed optimization for tol = 1e-06"
iter: 1  mgc: 4.807892e-09 
outer mgc:  0.005087237 
iter: 1  value: 3722.323 mgc: 0.004566322 ustep: 1 
iter: 2  value: 3722.323 mgc: 9.647292e-08 ustep: 1 
iter: 3  mgc: 1.915294e-13 
outer mgc:  0.01140079 
iter: 1  value: 3722.333 mgc: 0.004560778 ustep: 1 
iter: 2  value: 3722.333 mgc: 9.632564e-08 ustep: 1 
iter: 3  mgc: 2.932507e-14 
outer mgc:  0.02156548 
iter: 1  value: 3722.324 mgc: 0.00151339 ustep: 1 
iter: 2  mgc: 4.338604e-09 
outer mgc:  0.004735965 
iter: 1  value: 3722.332 mgc: 0.001512353 ustep: 1 
iter: 2  mgc: 4.340345e-09 
outer mgc:  0.005437425 
iter: 1  value: 3722.055 mgc: 0.001983704 ustep: 1 
iter: 2  value: 3722.055 mgc: 9.304792e-06 ustep: 1 
iter: 3  mgc: 2.123874e-13 
outer mgc:  0.2490214 
iter: 1  value: 3722.602 mgc: 0.001981712 ustep: 1 
iter: 2  value: 3722.602 mgc: 9.296855e-06 ustep: 1 
iter: 3  mgc: 1.537346e-13 
outer mgc:  0.2464599 
Re-using symbolic Cholesky
iter: 1  mgc: 4.807892e-09 
Matching hessian patterns... Done
outer mgc:  0.005087237 
iter: 1  mgc: 4.807892e-09 
outer mgc:  0.005087237 
iter: 1  value: 3722.328 mgc: 0.0002544569 ustep: 1 
iter: 2  mgc: 2.99914e-10 
outer mgc:  0.004168157 
iter: 1  value: 3722.328 mgc: 0.0002544492 ustep: 1 
iter: 2  mgc: 2.998057e-10 
outer mgc:  0.006006281 
iter: 1  value: 3722.328 mgc: 0.0002102756 ustep: 1 
iter: 2  mgc: 8.404769e-11 
outer mgc:  0.005038477 
iter: 1  value: 3722.329 mgc: 0.0002102557 ustep: 1 
iter: 2  mgc: 8.392031e-11 
outer mgc:  0.005135969 
iter: 1  value: 3722.322 mgc: 4.699756e-05 ustep: 1 
iter: 2  mgc: 5.225409e-09 
outer mgc:  0.00716249 
iter: 1  value: 3722.335 mgc: 4.69876e-05 ustep: 1 
iter: 2  mgc: 5.223763e-09 
outer mgc:  0.005010194 
iter: 1  value: 3722.328 mgc: 0.0001272239 ustep: 1 
iter: 2  mgc: 7.475693e-11 
outer mgc:  0.004627699 
iter: 1  value: 3722.328 mgc: 0.0001272292 ustep: 1 
iter: 2  mgc: 7.515663e-11 
outer mgc:  0.005546761 
iter: 1  value: 3722.328 mgc: 0.0001051353 ustep: 1 
iter: 2  mgc: 2.093363e-11 
outer mgc:  0.005062858 
iter: 1  value: 3722.328 mgc: 0.0001051303 ustep: 1 
iter: 2  mgc: 2.069097e-11 
outer mgc:  0.005111604 
iter: 1  value: 3722.325 mgc: 2.350085e-05 ustep: 1 
iter: 2  mgc: 1.306888e-09 
outer mgc:  0.005125754 
iter: 1  value: 3722.331 mgc: 2.349173e-05 ustep: 1 
iter: 2  mgc: 1.305454e-09 
outer mgc:  0.005048714 
iter: 1  value: 3722.328 mgc: 6.360899e-05 ustep: 1 
iter: 2  mgc: 1.869625e-11 
outer mgc:  0.004857467 
iter: 1  value: 3722.328 mgc: 6.361753e-05 ustep: 1 
iter: 2  mgc: 1.878429e-11 
outer mgc:  0.005316998 
iter: 1  value: 3722.328 mgc: 5.256702e-05 ustep: 1 
iter: 2  mgc: 5.394231e-12 
outer mgc:  0.005075047 
iter: 1  value: 3722.328 mgc: 5.256581e-05 ustep: 1 
iter: 2  mgc: 4.877218e-12 
outer mgc:  0.00509942 
iter: 1  value: 3722.326 mgc: 1.17526e-05 ustep: 1 
iter: 2  mgc: 3.266273e-10 
outer mgc:  0.005106494 
iter: 1  value: 3722.33 mgc: 1.174369e-05 ustep: 1 
iter: 2  mgc: 3.262722e-10 
outer mgc:  0.005067974 
iter: 1  value: 3722.328 mgc: 3.180196e-05 ustep: 1 
iter: 2  mgc: 4.687142e-12 
outer mgc:  0.004972351 
iter: 1  value: 3722.328 mgc: 3.18113e-05 ustep: 1 
iter: 2  mgc: 4.738368e-12 
outer mgc:  0.005202116 
iter: 1  value: 3722.328 mgc: 2.628334e-05 ustep: 1 
iter: 2  mgc: 1.754951e-12 
outer mgc:  0.00508114 
iter: 1  value: 3722.328 mgc: 2.628307e-05 ustep: 1 
iter: 2  mgc: 1.571052e-12 
outer mgc:  0.005093327 
iter: 1  value: 3722.327 mgc: 5.878503e-06 ustep: 1 
iter: 2  mgc: 8.19092e-11 
outer mgc:  0.005096864 
iter: 1  value: 3722.329 mgc: 5.869642e-06 ustep: 1 
iter: 2  mgc: 8.120097e-11 
outer mgc:  0.005077604 
  elapsed 
0.2498333 
[1] "optimization took 0.452666666666664 minutes"
fit 0.5 min
Warning in sweep(gridDraws_tmb, 2, alpha_tmb_draws, "+") :
  length(STATS) or dim(STATS) do not match dim(x)[MARGIN]
Warning in sweep(gridDraws_tmb, 2, alpha_tmb_draws, "+") :
  length(STATS) or dim(STATS) do not match dim(x)[MARGIN]
  [M_D_FE] fitting ... Warning in Matrix.DeprecatedCoerce(cd1, cd2) :
  'as(<dgTMatrix>, "dgCMatrix")' is deprecated.
Use 'as(., "CsparseMatrix")' instead.
See help("Deprecated") and help("Matrix-deprecated").
Warning in eigen.spam(tempQ, symmetric = TRUE) : 
 The eigenvalues are calculated with the function 'eigen' from the base package.
[1] "dyn.unload(dynlib('code/'))"
Warning: 4 external pointers will be removed
[1] "dyn.unload(dynlib('code/'))"
Warning in TMB::sdreport(obj, getJointPrecision = TRUE, bias.correct = TRUE,  :
  'bias.correct' does nothing without random effects
fit 0.1 min
  [M_M_FE] fitting ... [1] "dyn.unload(dynlib('code/'))"
Warning in TMB::sdreport(obj, getJointPrecision = TRUE, bias.correct = TRUE,  :
  'bias.correct' does nothing without random effects
fit 0.4 min
  [M_DM_FE] fitting ... Warning in Matrix.DeprecatedCoerce(cd1, cd2) :
  'as(<dgTMatrix>, "dgCMatrix")' is deprecated.
Use 'as(., "CsparseMatrix")' instead.
See help("Deprecated") and help("Matrix-deprecated").
Warning in eigen.spam(tempQ, symmetric = TRUE) : 
 The eigenvalues are calculated with the function 'eigen' from the base package.
[1] "dyn.unload(dynlib('code/'))"
Warning: 2 external pointers will be removed
[1] "dyn.unload(dynlib('code/'))"
[modMDM_BYM2_GH_v2] sizes: nUrbM=741 nRurM=1442 nUrbD=572 nRurD=806 nAreas=41 KUrbM=100 KRurM=100 KUrbD=16 KRurD=21 Q=10
[modMDM_BYM2_GH_v2] about to multiply Q_bym2 by u_bym2 (nAreas=41)
[modMDM_BYM2_GH_v2] completed Q_bym2 * u_bym2 multiply
[modMDM_BYM2_GH_v2] add_dataset start: nObs=741 Kint=100 fe.size=74100 w.rows=741 w.cols=100 lchoose=741 areaidx.len=741 areaidx.range=0..40
[modMDM_BYM2_GH_v2] add_dataset start: nObs=1442 Kint=100 fe.size=144200 w.rows=1442 w.cols=100 lchoose=1442 areaidx.len=1442 areaidx.range=0..37
[modMDM_BYM2_GH_v2] add_dataset start: nObs=572 Kint=16 fe.size=9152 w.rows=572 w.cols=16 lchoose=572 areaidx.len=572 areaidx.range=0..40
[modMDM_BYM2_GH_v2] add_dataset start: nObs=806 Kint=21 fe.size=16926 w.rows=806 w.cols=21 lchoose=806 areaidx.len=806 areaidx.range=0..37
[modMDM_BYM2_GH_v2] sizes: nUrbM=741 nRurM=1442 nUrbD=572 nRurD=806 nAreas=41 KUrbM=100 KRurM=100 KUrbD=16 KRurD=21 Q=10
[modMDM_BYM2_GH_v2] about to multiply Q_bym2 by u_bym2 (nAreas=41)
[modMDM_BYM2_GH_v2] completed Q_bym2 * u_bym2 multiply
[modMDM_BYM2_GH_v2] add_dataset start: nObs=741 Kint=100 fe.size=74100 w.rows=741 w.cols=100 lchoose=741 areaidx.len=741 areaidx.range=0..40
[modMDM_BYM2_GH_v2] add_dataset start: nObs=1442 Kint=100 fe.size=144200 w.rows=1442 w.cols=100 lchoose=1442 areaidx.len=1442 areaidx.range=0..37
[modMDM_BYM2_GH_v2] add_dataset start: nObs=572 Kint=16 fe.size=9152 w.rows=572 w.cols=16 lchoose=572 areaidx.len=572 areaidx.range=0..40
[modMDM_BYM2_GH_v2] add_dataset start: nObs=806 Kint=21 fe.size=16926 w.rows=806 w.cols=21 lchoose=806 areaidx.len=806 areaidx.range=0..37
[modMDM_BYM2_GH_v2] sizes: nUrbM=741 nRurM=1442 nUrbD=572 nRurD=806 nAreas=41 KUrbM=100 KRurM=100 KUrbD=16 KRurD=21 Q=10
[modMDM_BYM2_GH_v2] about to multiply Q_bym2 by u_bym2 (nAreas=41)
[modMDM_BYM2_GH_v2] completed Q_bym2 * u_bym2 multiply
[modMDM_BYM2_GH_v2] add_dataset start: nObs=741 Kint=100 fe.size=74100 w.rows=741 w.cols=100 lchoose=741 areaidx.len=741 areaidx.range=0..40
[modMDM_BYM2_GH_v2] add_dataset start: nObs=1442 Kint=100 fe.size=144200 w.rows=1442 w.cols=100 lchoose=1442 areaidx.len=1442 areaidx.range=0..37
[modMDM_BYM2_GH_v2] add_dataset start: nObs=572 Kint=16 fe.size=9152 w.rows=572 w.cols=16 lchoose=572 areaidx.len=572 areaidx.range=0..40
[modMDM_BYM2_GH_v2] add_dataset start: nObs=806 Kint=21 fe.size=16926 w.rows=806 w.cols=21 lchoose=806 areaidx.len=806 areaidx.range=0..37
[modMDM_BYM2_GH_v2] sizes: nUrbM=741 nRurM=1442 nUrbD=572 nRurD=806 nAreas=41 KUrbM=100 KRurM=100 KUrbD=16 KRurD=21 Q=10
[modMDM_BYM2_GH_v2] about to multiply Q_bym2 by u_bym2 (nAreas=41)
[modMDM_BYM2_GH_v2] completed Q_bym2 * u_bym2 multiply
[modMDM_BYM2_GH_v2] add_dataset start: nObs=741 Kint=100 fe.size=74100 w.rows=741 w.cols=100 lchoose=741 areaidx.len=741 areaidx.range=0..40
[modMDM_BYM2_GH_v2] add_dataset start: nObs=1442 Kint=100 fe.size=144200 w.rows=1442 w.cols=100 lchoose=1442 areaidx.len=1442 areaidx.range=0..37
[modMDM_BYM2_GH_v2] add_dataset start: nObs=572 Kint=16 fe.size=9152 w.rows=572 w.cols=16 lchoose=572 areaidx.len=572 areaidx.range=0..40
[modMDM_BYM2_GH_v2] add_dataset start: nObs=806 Kint=21 fe.size=16926 w.rows=806 w.cols=21 lchoose=806 areaidx.len=806 areaidx.range=0..37
[modMDM_BYM2_GH_v2] sizes: nUrbM=741 nRurM=1442 nUrbD=572 nRurD=806 nAreas=41 KUrbM=100 KRurM=100 KUrbD=16 KRurD=21 Q=10
[modMDM_BYM2_GH_v2] about to multiply Q_bym2 by u_bym2 (nAreas=41)
[modMDM_BYM2_GH_v2] completed Q_bym2 * u_bym2 multiply
[modMDM_BYM2_GH_v2] add_dataset start: nObs=741 Kint=100 fe.size=74100 w.rows=741 w.cols=100 lchoose=741 areaidx.len=741 areaidx.range=0..40
[modMDM_BYM2_GH_v2] add_dataset start: nObs=1442 Kint=100 fe.size=144200 w.rows=1442 w.cols=100 lchoose=1442 areaidx.len=1442 areaidx.range=0..37
[modMDM_BYM2_GH_v2] add_dataset start: nObs=572 Kint=16 fe.size=9152 w.rows=572 w.cols=16 lchoose=572 areaidx.len=572 areaidx.range=0..40
[modMDM_BYM2_GH_v2] add_dataset start: nObs=806 Kint=21 fe.size=16926 w.rows=806 w.cols=21 lchoose=806 areaidx.len=806 areaidx.range=0..37
[modMDM_BYM2_GH_v2] sizes: nUrbM=741 nRurM=1442 nUrbD=572 nRurD=806 nAreas=41 KUrbM=100 KRurM=100 KUrbD=16 KRurD=21 Q=10
[modMDM_BYM2_GH_v2] about to multiply Q_bym2 by u_bym2 (nAreas=41)
[modMDM_BYM2_GH_v2] completed Q_bym2 * u_bym2 multiply
[modMDM_BYM2_GH_v2] add_dataset start: nObs=741 Kint=100 fe.size=74100 w.rows=741 w.cols=100 lchoose=741 areaidx.len=741 areaidx.range=0..40
[modMDM_BYM2_GH_v2] add_dataset start: nObs=1442 Kint=100 fe.size=144200 w.rows=1442 w.cols=100 lchoose=1442 areaidx.len=1442 areaidx.range=0..37
[modMDM_BYM2_GH_v2] add_dataset start: nObs=572 Kint=16 fe.size=9152 w.rows=572 w.cols=16 lchoose=572 areaidx.len=572 areaidx.range=0..40
[modMDM_BYM2_GH_v2] add_dataset start: nObs=806 Kint=21 fe.size=16926 w.rows=806 w.cols=21 lchoose=806 areaidx.len=806 areaidx.range=0..37
[modMDM_BYM2_GH_v2] sizes: nUrbM=741 nRurM=1442 nUrbD=572 nRurD=806 nAreas=41 KUrbM=100 KRurM=100 KUrbD=16 KRurD=21 Q=10
[modMDM_BYM2_GH_v2] about to multiply Q_bym2 by u_bym2 (nAreas=41)
[modMDM_BYM2_GH_v2] completed Q_bym2 * u_bym2 multiply
[modMDM_BYM2_GH_v2] add_dataset start: nObs=741 Kint=100 fe.size=74100 w.rows=741 w.cols=100 lchoose=741 areaidx.len=741 areaidx.range=0..40
[modMDM_BYM2_GH_v2] add_dataset start: nObs=1442 Kint=100 fe.size=144200 w.rows=1442 w.cols=100 lchoose=1442 areaidx.len=1442 areaidx.range=0..37
[modMDM_BYM2_GH_v2] add_dataset start: nObs=572 Kint=16 fe.size=9152 w.rows=572 w.cols=16 lchoose=572 areaidx.len=572 areaidx.range=0..40
[modMDM_BYM2_GH_v2] add_dataset start: nObs=806 Kint=21 fe.size=16926 w.rows=806 w.cols=21 lchoose=806 areaidx.len=806 areaidx.range=0..37
Warning in TMB::sdreport(obj, getJointPrecision = TRUE, bias.correct = TRUE,  :
  'bias.correct' does nothing without random effects
fit 1.7 min
  [M_D_BYM2] fitting ... Warning in Matrix.DeprecatedCoerce(cd1, cd2) :
  'as(<dgTMatrix>, "dgCMatrix")' is deprecated.
Use 'as(., "CsparseMatrix")' instead.
See help("Deprecated") and help("Matrix-deprecated").
Warning in eigen.spam(tempQ, symmetric = TRUE) : 
 The eigenvalues are calculated with the function 'eigen' from the base package.
Warning in Matrix.DeprecatedCoerce(cd1, cd2) :
  'as(<dgTMatrix>, "dgCMatrix")' is deprecated.
Use 'as(., "CsparseMatrix")' instead.
See help("Deprecated") and help("Matrix-deprecated").
Warning in eigen.spam(tempQ, symmetric = TRUE) : 
 The eigenvalues are calculated with the function 'eigen' from the base package.
[1] "dyn.unload(dynlib('code/'))"
Warning: 2 external pointers will be removed
[1] "dyn.unload(dynlib('code/'))"
[1] "dyn.unload(dynlib('code/'))"
fit 0.3 min
% latex table generated in R 4.4.3 by xtable 1.8-4 package
% Wed May 20 08:00:01 2026
\begin{table}[ht]
\centering
\begin{tabular}{rrrrrr}
  \hline
 & Est & Q0.025 & Q0.1 & Q0.9 & Q0.975 \\ 
  \hline
(Int) & -1.32 & -1.49 & -1.43 & -1.20 & -1.14 \\ 
  urb & 1.00 & 0.77 & 0.85 & 1.15 & 1.22 \\ 
  access & -0.07 & -0.18 & -0.14 & -0.01 & 0.03 \\ 
  elev & 0.15 & 0.07 & 0.09 & 0.20 & 0.23 \\ 
  distRiversLakes & -0.06 & -0.14 & -0.11 & -0.01 & 0.02 \\ 
  popValsNorm & 0.46 & 0.26 & 0.33 & 0.59 & 0.66 \\ 
  sigmaSq & 6.70 & 0.02 & 0.08 & 12.31 & 48.46 \\ 
  phi & 0.51 & 0.03 & 0.10 & 0.91 & 0.97 \\ 
  sigmaEpsSq & 1.79 & 1.59 & 1.66 & 1.92 & 2.00 \\ 
   \hline
\end{tabular}
\end{table}
% latex table generated in R 4.4.3 by xtable 1.8-4 package
% Wed May 20 08:04:12 2026
\begin{table}[ht]
\centering
\begin{tabular}{rrrrrr}
  \hline
 & Est & Q0.025 & Q0.1 & Q0.9 & Q0.975 \\ 
  \hline
(Int) & -1.32 & -1.50 & -1.44 & -1.20 & -1.13 \\ 
  urb & 1.00 & 0.78 & 0.85 & 1.14 & 1.22 \\ 
  access & -0.07 & -0.18 & -0.14 & -0.01 & 0.03 \\ 
  elev & 0.15 & 0.07 & 0.10 & 0.20 & 0.23 \\ 
  distRiversLakes & -0.06 & -0.14 & -0.11 & -0.01 & 0.02 \\ 
  popValsNorm & 0.47 & 0.26 & 0.33 & 0.60 & 0.67 \\ 
  sigmaSq & 6.15 & 0.02 & 0.08 & 12.01 & 45.27 \\ 
  phi & 0.50 & 0.03 & 0.10 & 0.91 & 0.97 \\ 
  sigmaEpsSq & 1.79 & 1.59 & 1.66 & 1.93 & 2.00 \\ 
   \hline
\end{tabular}
\end{table}
  [M_M_BYM2] fitting ... Warning in Matrix.DeprecatedCoerce(cd1, cd2) :
  'as(<dgTMatrix>, "dgCMatrix")' is deprecated.
Use 'as(., "CsparseMatrix")' instead.
See help("Deprecated") and help("Matrix-deprecated").
Warning in eigen.spam(tempQ, symmetric = TRUE) : 
 The eigenvalues are calculated with the function 'eigen' from the base package.
[1] "dyn.unload(dynlib('code/'))"
[1] "dyn.unload(dynlib('code/'))"
Warning: 3 external pointers will be removed
[1] "dyn.unload(dynlib('code/'))"
fit 5.5 min
% latex table generated in R 4.4.3 by xtable 1.8-4 package
% Wed May 20 08:22:04 2026
\begin{table}[ht]
\centering
\begin{tabular}{rrrrrr}
  \hline
 & Est & Q0.025 & Q0.1 & Q0.9 & Q0.975 \\ 
  \hline
(Int) & -1.16 & -1.62 & -1.46 & -0.85 & -0.70 \\ 
  urb & 0.76 & 0.24 & 0.42 & 1.11 & 1.29 \\ 
  access & -0.46 & -1.02 & -0.82 & -0.12 & 0.08 \\ 
  elev & 0.09 & -0.15 & -0.07 & 0.25 & 0.33 \\ 
  distRiversLakes & -0.00 & -0.26 & -0.17 & 0.16 & 0.25 \\ 
  popValsNorm & -0.00 & -0.80 & -0.51 & 0.50 & 0.76 \\ 
  sigmaSq & 0.46 & 0.27 & 0.32 & 0.62 & 0.74 \\ 
  phi & 0.37 & 0.07 & 0.13 & 0.65 & 0.79 \\ 
  sigmaEpsSq & 1.44 & 1.10 & 1.20 & 1.70 & 1.87 \\ 
   \hline
\end{tabular}
\end{table}
% latex table generated in R 4.4.3 by xtable 1.8-4 package
% Wed May 20 08:26:30 2026
\begin{table}[ht]
\centering
\begin{tabular}{rrrrrr}
  \hline
 & Est & Q0.025 & Q0.1 & Q0.9 & Q0.975 \\ 
  \hline
(Int) & -1.15 & -1.61 & -1.45 & -0.85 & -0.70 \\ 
  urb & 0.77 & 0.25 & 0.43 & 1.10 & 1.28 \\ 
  access & -0.47 & -0.99 & -0.81 & -0.10 & 0.07 \\ 
  elev & 0.09 & -0.14 & -0.06 & 0.25 & 0.32 \\ 
  distRiversLakes & -0.00 & -0.26 & -0.17 & 0.16 & 0.25 \\ 
  popValsNorm & -0.00 & -0.77 & -0.53 & 0.51 & 0.77 \\ 
  sigmaSq & 0.46 & 0.26 & 0.31 & 0.62 & 0.76 \\ 
  phi & 0.37 & 0.06 & 0.12 & 0.66 & 0.79 \\ 
  sigmaEpsSq & 1.44 & 1.10 & 1.20 & 1.71 & 1.87 \\ 
   \hline
\end{tabular}
\end{table}
  [M_DM_BYM2] fitting ... Warning in Matrix.DeprecatedCoerce(cd1, cd2) :
  'as(<dgTMatrix>, "dgCMatrix")' is deprecated.
Use 'as(., "CsparseMatrix")' instead.
See help("Deprecated") and help("Matrix-deprecated").
Warning in eigen.spam(tempQ, symmetric = TRUE) : 
 The eigenvalues are calculated with the function 'eigen' from the base package.
Warning in Matrix.DeprecatedCoerce(cd1, cd2) :
  'as(<dgTMatrix>, "dgCMatrix")' is deprecated.
Use 'as(., "CsparseMatrix")' instead.
See help("Deprecated") and help("Matrix-deprecated").
Warning in eigen.spam(tempQ, symmetric = TRUE) : 
 The eigenvalues are calculated with the function 'eigen' from the base package.
[1] "dyn.unload(dynlib('code/'))"
Warning: 4 external pointers will be removed
[1] "dyn.unload(dynlib('code/'))"
[modMDM_BYM2_GH_v2] sizes: nUrbM=741 nRurM=1442 nUrbD=572 nRurD=806 nAreas=41 KUrbM=100 KRurM=100 KUrbD=16 KRurD=21 Q=10
[modMDM_BYM2_GH_v2] about to multiply Q_bym2 by u_bym2 (nAreas=41)
[modMDM_BYM2_GH_v2] completed Q_bym2 * u_bym2 multiply
[modMDM_BYM2_GH_v2] add_dataset start: nObs=741 Kint=100 fe.size=74100 w.rows=741 w.cols=100 lchoose=741 areaidx.len=741 areaidx.range=0..40
[modMDM_BYM2_GH_v2] add_dataset start: nObs=1442 Kint=100 fe.size=144200 w.rows=1442 w.cols=100 lchoose=1442 areaidx.len=1442 areaidx.range=0..37
[modMDM_BYM2_GH_v2] add_dataset start: nObs=572 Kint=16 fe.size=9152 w.rows=572 w.cols=16 lchoose=572 areaidx.len=572 areaidx.range=0..40
[modMDM_BYM2_GH_v2] add_dataset start: nObs=806 Kint=21 fe.size=16926 w.rows=806 w.cols=21 lchoose=806 areaidx.len=806 areaidx.range=0..37
[modMDM_BYM2_GH_v2] sizes: nUrbM=741 nRurM=1442 nUrbD=572 nRurD=806 nAreas=41 KUrbM=100 KRurM=100 KUrbD=16 KRurD=21 Q=10
[modMDM_BYM2_GH_v2] about to multiply Q_bym2 by u_bym2 (nAreas=41)
[modMDM_BYM2_GH_v2] completed Q_bym2 * u_bym2 multiply
[modMDM_BYM2_GH_v2] add_dataset start: nObs=741 Kint=100 fe.size=74100 w.rows=741 w.cols=100 lchoose=741 areaidx.len=741 areaidx.range=0..40
[modMDM_BYM2_GH_v2] add_dataset start: nObs=1442 Kint=100 fe.size=144200 w.rows=1442 w.cols=100 lchoose=1442 areaidx.len=1442 areaidx.range=0..37
[modMDM_BYM2_GH_v2] add_dataset start: nObs=572 Kint=16 fe.size=9152 w.rows=572 w.cols=16 lchoose=572 areaidx.len=572 areaidx.range=0..40
[modMDM_BYM2_GH_v2] add_dataset start: nObs=806 Kint=21 fe.size=16926 w.rows=806 w.cols=21 lchoose=806 areaidx.len=806 areaidx.range=0..37
[modMDM_BYM2_GH_v2] sizes: nUrbM=741 nRurM=1442 nUrbD=572 nRurD=806 nAreas=41 KUrbM=100 KRurM=100 KUrbD=16 KRurD=21 Q=10
[modMDM_BYM2_GH_v2] about to multiply Q_bym2 by u_bym2 (nAreas=41)
[modMDM_BYM2_GH_v2] completed Q_bym2 * u_bym2 multiply
[modMDM_BYM2_GH_v2] add_dataset start: nObs=741 Kint=100 fe.size=74100 w.rows=741 w.cols=100 lchoose=741 areaidx.len=741 areaidx.range=0..40
[modMDM_BYM2_GH_v2] add_dataset start: nObs=1442 Kint=100 fe.size=144200 w.rows=1442 w.cols=100 lchoose=1442 areaidx.len=1442 areaidx.range=0..37
[modMDM_BYM2_GH_v2] add_dataset start: nObs=572 Kint=16 fe.size=9152 w.rows=572 w.cols=16 lchoose=572 areaidx.len=572 areaidx.range=0..40
[modMDM_BYM2_GH_v2] add_dataset start: nObs=806 Kint=21 fe.size=16926 w.rows=806 w.cols=21 lchoose=806 areaidx.len=806 areaidx.range=0..37
[modMDM_BYM2_GH_v2] sizes: nUrbM=741 nRurM=1442 nUrbD=572 nRurD=806 nAreas=41 KUrbM=100 KRurM=100 KUrbD=16 KRurD=21 Q=10
[modMDM_BYM2_GH_v2] about to multiply Q_bym2 by u_bym2 (nAreas=41)
[modMDM_BYM2_GH_v2] completed Q_bym2 * u_bym2 multiply
[modMDM_BYM2_GH_v2] add_dataset start: nObs=741 Kint=100 fe.size=74100 w.rows=741 w.cols=100 lchoose=741 areaidx.len=741 areaidx.range=0..40
[modMDM_BYM2_GH_v2] add_dataset start: nObs=1442 Kint=100 fe.size=144200 w.rows=1442 w.cols=100 lchoose=1442 areaidx.len=1442 areaidx.range=0..37
[modMDM_BYM2_GH_v2] add_dataset start: nObs=572 Kint=16 fe.size=9152 w.rows=572 w.cols=16 lchoose=572 areaidx.len=572 areaidx.range=0..40
[modMDM_BYM2_GH_v2] add_dataset start: nObs=806 Kint=21 fe.size=16926 w.rows=806 w.cols=21 lchoose=806 areaidx.len=806 areaidx.range=0..37
[1] "dyn.unload(dynlib('code/'))"
Warning: 3 external pointers will be removed
[1] "dyn.unload(dynlib('code/'))"
[modMDM_BYM2_GH_v2] sizes: nUrbM=741 nRurM=1442 nUrbD=572 nRurD=806 nAreas=41 KUrbM=100 KRurM=100 KUrbD=16 KRurD=21 Q=10
[modMDM_BYM2_GH_v2] about to multiply Q_bym2 by u_bym2 (nAreas=41)
[modMDM_BYM2_GH_v2] completed Q_bym2 * u_bym2 multiply
[modMDM_BYM2_GH_v2] add_dataset start: nObs=741 Kint=100 fe.size=74100 w.rows=741 w.cols=100 lchoose=741 areaidx.len=741 areaidx.range=0..40
[modMDM_BYM2_GH_v2] add_dataset start: nObs=1442 Kint=100 fe.size=144200 w.rows=1442 w.cols=100 lchoose=1442 areaidx.len=1442 areaidx.range=0..37
[modMDM_BYM2_GH_v2] add_dataset start: nObs=572 Kint=16 fe.size=9152 w.rows=572 w.cols=16 lchoose=572 areaidx.len=572 areaidx.range=0..40
[modMDM_BYM2_GH_v2] add_dataset start: nObs=806 Kint=21 fe.size=16926 w.rows=806 w.cols=21 lchoose=806 areaidx.len=806 areaidx.range=0..37
[modMDM_BYM2_GH_v2] sizes: nUrbM=741 nRurM=1442 nUrbD=572 nRurD=806 nAreas=41 KUrbM=100 KRurM=100 KUrbD=16 KRurD=21 Q=10
[modMDM_BYM2_GH_v2] about to multiply Q_bym2 by u_bym2 (nAreas=41)
[modMDM_BYM2_GH_v2] completed Q_bym2 * u_bym2 multiply
[modMDM_BYM2_GH_v2] add_dataset start: nObs=741 Kint=100 fe.size=74100 w.rows=741 w.cols=100 lchoose=741 areaidx.len=741 areaidx.range=0..40
[modMDM_BYM2_GH_v2] add_dataset start: nObs=1442 Kint=100 fe.size=144200 w.rows=1442 w.cols=100 lchoose=1442 areaidx.len=1442 areaidx.range=0..37
[modMDM_BYM2_GH_v2] add_dataset start: nObs=572 Kint=16 fe.size=9152 w.rows=572 w.cols=16 lchoose=572 areaidx.len=572 areaidx.range=0..40
[modMDM_BYM2_GH_v2] add_dataset start: nObs=806 Kint=21 fe.size=16926 w.rows=806 w.cols=21 lchoose=806 areaidx.len=806 areaidx.range=0..37
[modMDM_BYM2_GH_v2] sizes: nUrbM=741 nRurM=1442 nUrbD=572 nRurD=806 nAreas=41 KUrbM=100 KRurM=100 KUrbD=16 KRurD=21 Q=10
[modMDM_BYM2_GH_v2] about to multiply Q_bym2 by u_bym2 (nAreas=41)
[modMDM_BYM2_GH_v2] completed Q_bym2 * u_bym2 multiply
[modMDM_BYM2_GH_v2] add_dataset start: nObs=741 Kint=100 fe.size=74100 w.rows=741 w.cols=100 lchoose=741 areaidx.len=741 areaidx.range=0..40
[modMDM_BYM2_GH_v2] add_dataset start: nObs=1442 Kint=100 fe.size=144200 w.rows=1442 w.cols=100 lchoose=1442 areaidx.len=1442 areaidx.range=0..37
[modMDM_BYM2_GH_v2] add_dataset start: nObs=572 Kint=16 fe.size=9152 w.rows=572 w.cols=16 lchoose=572 areaidx.len=572 areaidx.range=0..40
[modMDM_BYM2_GH_v2] add_dataset start: nObs=806 Kint=21 fe.size=16926 w.rows=806 w.cols=21 lchoose=806 areaidx.len=806 areaidx.range=0..37
[modMDM_BYM2_GH_v2] sizes: nUrbM=741 nRurM=1442 nUrbD=572 nRurD=806 nAreas=41 KUrbM=100 KRurM=100 KUrbD=16 KRurD=21 Q=10
[modMDM_BYM2_GH_v2] about to multiply Q_bym2 by u_bym2 (nAreas=41)
[modMDM_BYM2_GH_v2] completed Q_bym2 * u_bym2 multiply
[modMDM_BYM2_GH_v2] add_dataset start: nObs=741 Kint=100 fe.size=74100 w.rows=741 w.cols=100 lchoose=741 areaidx.len=741 areaidx.range=0..40
[modMDM_BYM2_GH_v2] add_dataset start: nObs=1442 Kint=100 fe.size=144200 w.rows=1442 w.cols=100 lchoose=1442 areaidx.len=1442 areaidx.range=0..37
[modMDM_BYM2_GH_v2] add_dataset start: nObs=572 Kint=16 fe.size=9152 w.rows=572 w.cols=16 lchoose=572 areaidx.len=572 areaidx.range=0..40
[modMDM_BYM2_GH_v2] add_dataset start: nObs=806 Kint=21 fe.size=16926 w.rows=806 w.cols=21 lchoose=806 areaidx.len=806 areaidx.range=0..37
[modMDM_BYM2_GH_v2] sizes: nUrbM=741 nRurM=1442 nUrbD=572 nRurD=806 nAreas=41 KUrbM=100 KRurM=100 KUrbD=16 KRurD=21 Q=10
[modMDM_BYM2_GH_v2] about to multiply Q_bym2 by u_bym2 (nAreas=41)
[modMDM_BYM2_GH_v2] completed Q_bym2 * u_bym2 multiply
[modMDM_BYM2_GH_v2] add_dataset start: nObs=741 Kint=100 fe.size=74100 w.rows=741 w.cols=100 lchoose=741 areaidx.len=741 areaidx.range=0..40
[modMDM_BYM2_GH_v2] add_dataset start: nObs=1442 Kint=100 fe.size=144200 w.rows=1442 w.cols=100 lchoose=1442 areaidx.len=1442 areaidx.range=0..37
[modMDM_BYM2_GH_v2] add_dataset start: nObs=572 Kint=16 fe.size=9152 w.rows=572 w.cols=16 lchoose=572 areaidx.len=572 areaidx.range=0..40
[modMDM_BYM2_GH_v2] add_dataset start: nObs=806 Kint=21 fe.size=16926 w.rows=806 w.cols=21 lchoose=806 areaidx.len=806 areaidx.range=0..37
[modMDM_BYM2_GH_v2] sizes: nUrbM=741 nRurM=1442 nUrbD=572 nRurD=806 nAreas=41 KUrbM=100 KRurM=100 KUrbD=16 KRurD=21 Q=10
[modMDM_BYM2_GH_v2] about to multiply Q_bym2 by u_bym2 (nAreas=41)
[modMDM_BYM2_GH_v2] completed Q_bym2 * u_bym2 multiply
[modMDM_BYM2_GH_v2] add_dataset start: nObs=741 Kint=100 fe.size=74100 w.rows=741 w.cols=100 lchoose=741 areaidx.len=741 areaidx.range=0..40
[modMDM_BYM2_GH_v2] add_dataset start: nObs=1442 Kint=100 fe.size=144200 w.rows=1442 w.cols=100 lchoose=1442 areaidx.len=1442 areaidx.range=0..37
[modMDM_BYM2_GH_v2] add_dataset start: nObs=572 Kint=16 fe.size=9152 w.rows=572 w.cols=16 lchoose=572 areaidx.len=572 areaidx.range=0..40
[modMDM_BYM2_GH_v2] add_dataset start: nObs=806 Kint=21 fe.size=16926 w.rows=806 w.cols=21 lchoose=806 areaidx.len=806 areaidx.range=0..37
[modMDM_BYM2_GH_v2] sizes: nUrbM=741 nRurM=1442 nUrbD=572 nRurD=806 nAreas=41 KUrbM=100 KRurM=100 KUrbD=16 KRurD=21 Q=10
[modMDM_BYM2_GH_v2] about to multiply Q_bym2 by u_bym2 (nAreas=41)
[modMDM_BYM2_GH_v2] completed Q_bym2 * u_bym2 multiply
[modMDM_BYM2_GH_v2] add_dataset start: nObs=741 Kint=100 fe.size=74100 w.rows=741 w.cols=100 lchoose=741 areaidx.len=741 areaidx.range=0..40
[modMDM_BYM2_GH_v2] add_dataset start: nObs=1442 Kint=100 fe.size=144200 w.rows=1442 w.cols=100 lchoose=1442 areaidx.len=1442 areaidx.range=0..37
[modMDM_BYM2_GH_v2] add_dataset start: nObs=572 Kint=16 fe.size=9152 w.rows=572 w.cols=16 lchoose=572 areaidx.len=572 areaidx.range=0..40
[modMDM_BYM2_GH_v2] add_dataset start: nObs=806 Kint=21 fe.size=16926 w.rows=806 w.cols=21 lchoose=806 areaidx.len=806 areaidx.range=0..37
[modMDM_BYM2_GH_v2] sizes: nUrbM=741 nRurM=1442 nUrbD=572 nRurD=806 nAreas=41 KUrbM=100 KRurM=100 KUrbD=16 KRurD=21 Q=10
[modMDM_BYM2_GH_v2] about to multiply Q_bym2 by u_bym2 (nAreas=41)
[modMDM_BYM2_GH_v2] completed Q_bym2 * u_bym2 multiply
[modMDM_BYM2_GH_v2] add_dataset start: nObs=741 Kint=100 fe.size=74100 w.rows=741 w.cols=100 lchoose=741 areaidx.len=741 areaidx.range=0..40
[modMDM_BYM2_GH_v2] add_dataset start: nObs=1442 Kint=100 fe.size=144200 w.rows=1442 w.cols=100 lchoose=1442 areaidx.len=1442 areaidx.range=0..37
[modMDM_BYM2_GH_v2] add_dataset start: nObs=572 Kint=16 fe.size=9152 w.rows=572 w.cols=16 lchoose=572 areaidx.len=572 areaidx.range=0..40
[modMDM_BYM2_GH_v2] add_dataset start: nObs=806 Kint=21 fe.size=16926 w.rows=806 w.cols=21 lchoose=806 areaidx.len=806 areaidx.range=0..37
[modMDM_BYM2_GH_v2] sizes: nUrbM=741 nRurM=1442 nUrbD=572 nRurD=806 nAreas=41 KUrbM=100 KRurM=100 KUrbD=16 KRurD=21 Q=10
[modMDM_BYM2_GH_v2] about to multiply Q_bym2 by u_bym2 (nAreas=41)
[modMDM_BYM2_GH_v2] completed Q_bym2 * u_bym2 multiply
[modMDM_BYM2_GH_v2] add_dataset start: nObs=741 Kint=100 fe.size=74100 w.rows=741 w.cols=100 lchoose=741 areaidx.len=741 areaidx.range=0..40
[modMDM_BYM2_GH_v2] add_dataset start: nObs=1442 Kint=100 fe.size=144200 w.rows=1442 w.cols=100 lchoose=1442 areaidx.len=1442 areaidx.range=0..37
[modMDM_BYM2_GH_v2] add_dataset start: nObs=572 Kint=16 fe.size=9152 w.rows=572 w.cols=16 lchoose=572 areaidx.len=572 areaidx.range=0..40
[modMDM_BYM2_GH_v2] add_dataset start: nObs=806 Kint=21 fe.size=16926 w.rows=806 w.cols=21 lchoose=806 areaidx.len=806 areaidx.range=0..37
[modMDM_BYM2_GH_v2] sizes: nUrbM=741 nRurM=1442 nUrbD=572 nRurD=806 nAreas=41 KUrbM=100 KRurM=100 KUrbD=16 KRurD=21 Q=10
[modMDM_BYM2_GH_v2] about to multiply Q_bym2 by u_bym2 (nAreas=41)
[modMDM_BYM2_GH_v2] completed Q_bym2 * u_bym2 multiply
[modMDM_BYM2_GH_v2] add_dataset start: nObs=741 Kint=100 fe.size=74100 w.rows=741 w.cols=100 lchoose=741 areaidx.len=741 areaidx.range=0..40
[modMDM_BYM2_GH_v2] add_dataset start: nObs=1442 Kint=100 fe.size=144200 w.rows=1442 w.cols=100 lchoose=1442 areaidx.len=1442 areaidx.range=0..37
[modMDM_BYM2_GH_v2] add_dataset start: nObs=572 Kint=16 fe.size=9152 w.rows=572 w.cols=16 lchoose=572 areaidx.len=572 areaidx.range=0..40
[modMDM_BYM2_GH_v2] add_dataset start: nObs=806 Kint=21 fe.size=16926 w.rows=806 w.cols=21 lchoose=806 areaidx.len=806 areaidx.range=0..37
[modMDM_BYM2_GH_v2] sizes: nUrbM=741 nRurM=1442 nUrbD=572 nRurD=806 nAreas=41 KUrbM=100 KRurM=100 KUrbD=16 KRurD=21 Q=10
[modMDM_BYM2_GH_v2] about to multiply Q_bym2 by u_bym2 (nAreas=41)
[modMDM_BYM2_GH_v2] completed Q_bym2 * u_bym2 multiply
[modMDM_BYM2_GH_v2] add_dataset start: nObs=741 Kint=100 fe.size=74100 w.rows=741 w.cols=100 lchoose=741 areaidx.len=741 areaidx.range=0..40
[modMDM_BYM2_GH_v2] add_dataset start: nObs=1442 Kint=100 fe.size=144200 w.rows=1442 w.cols=100 lchoose=1442 areaidx.len=1442 areaidx.range=0..37
[modMDM_BYM2_GH_v2] add_dataset start: nObs=572 Kint=16 fe.size=9152 w.rows=572 w.cols=16 lchoose=572 areaidx.len=572 areaidx.range=0..40
[modMDM_BYM2_GH_v2] add_dataset start: nObs=806 Kint=21 fe.size=16926 w.rows=806 w.cols=21 lchoose=806 areaidx.len=806 areaidx.range=0..37
[modMDM_BYM2_GH_v2] sizes: nUrbM=741 nRurM=1442 nUrbD=572 nRurD=806 nAreas=41 KUrbM=100 KRurM=100 KUrbD=16 KRurD=21 Q=10
[modMDM_BYM2_GH_v2] about to multiply Q_bym2 by u_bym2 (nAreas=41)
[modMDM_BYM2_GH_v2] completed Q_bym2 * u_bym2 multiply
[modMDM_BYM2_GH_v2] add_dataset start: nObs=741 Kint=100 fe.size=74100 w.rows=741 w.cols=100 lchoose=741 areaidx.len=741 areaidx.range=0..40
[modMDM_BYM2_GH_v2] add_dataset start: nObs=1442 Kint=100 fe.size=144200 w.rows=1442 w.cols=100 lchoose=1442 areaidx.len=1442 areaidx.range=0..37
[modMDM_BYM2_GH_v2] add_dataset start: nObs=572 Kint=16 fe.size=9152 w.rows=572 w.cols=16 lchoose=572 areaidx.len=572 areaidx.range=0..40
[modMDM_BYM2_GH_v2] add_dataset start: nObs=806 Kint=21 fe.size=16926 w.rows=806 w.cols=21 lchoose=806 areaidx.len=806 areaidx.range=0..37
[modMDM_BYM2_GH_v2] sizes: nUrbM=741 nRurM=1442 nUrbD=572 nRurD=806 nAreas=41 KUrbM=100 KRurM=100 KUrbD=16 KRurD=21 Q=10
[modMDM_BYM2_GH_v2] about to multiply Q_bym2 by u_bym2 (nAreas=41)
[modMDM_BYM2_GH_v2] completed Q_bym2 * u_bym2 multiply
[modMDM_BYM2_GH_v2] add_dataset start: nObs=741 Kint=100 fe.size=74100 w.rows=741 w.cols=100 lchoose=741 areaidx.len=741 areaidx.range=0..40
[modMDM_BYM2_GH_v2] add_dataset start: nObs=1442 Kint=100 fe.size=144200 w.rows=1442 w.cols=100 lchoose=1442 areaidx.len=1442 areaidx.range=0..37
[modMDM_BYM2_GH_v2] add_dataset start: nObs=572 Kint=16 fe.size=9152 w.rows=572 w.cols=16 lchoose=572 areaidx.len=572 areaidx.range=0..40
[modMDM_BYM2_GH_v2] add_dataset start: nObs=806 Kint=21 fe.size=16926 w.rows=806 w.cols=21 lchoose=806 areaidx.len=806 areaidx.range=0..37
[modMDM_BYM2_GH_v2] sizes: nUrbM=741 nRurM=1442 nUrbD=572 nRurD=806 nAreas=41 KUrbM=100 KRurM=100 KUrbD=16 KRurD=21 Q=10
[modMDM_BYM2_GH_v2] about to multiply Q_bym2 by u_bym2 (nAreas=41)
[modMDM_BYM2_GH_v2] completed Q_bym2 * u_bym2 multiply
[modMDM_BYM2_GH_v2] add_dataset start: nObs=741 Kint=100 fe.size=74100 w.rows=741 w.cols=100 lchoose=741 areaidx.len=741 areaidx.range=0..40
[modMDM_BYM2_GH_v2] add_dataset start: nObs=1442 Kint=100 fe.size=144200 w.rows=1442 w.cols=100 lchoose=1442 areaidx.len=1442 areaidx.range=0..37
[modMDM_BYM2_GH_v2] add_dataset start: nObs=572 Kint=16 fe.size=9152 w.rows=572 w.cols=16 lchoose=572 areaidx.len=572 areaidx.range=0..40
[modMDM_BYM2_GH_v2] add_dataset start: nObs=806 Kint=21 fe.size=16926 w.rows=806 w.cols=21 lchoose=806 areaidx.len=806 areaidx.range=0..37
[modMDM_BYM2_GH_v2] sizes: nUrbM=741 nRurM=1442 nUrbD=572 nRurD=806 nAreas=41 KUrbM=100 KRurM=100 KUrbD=16 KRurD=21 Q=10
[modMDM_BYM2_GH_v2] about to multiply Q_bym2 by u_bym2 (nAreas=41)
[modMDM_BYM2_GH_v2] completed Q_bym2 * u_bym2 multiply
[modMDM_BYM2_GH_v2] add_dataset start: nObs=741 Kint=100 fe.size=74100 w.rows=741 w.cols=100 lchoose=741 areaidx.len=741 areaidx.range=0..40
[modMDM_BYM2_GH_v2] add_dataset start: nObs=1442 Kint=100 fe.size=144200 w.rows=1442 w.cols=100 lchoose=1442 areaidx.len=1442 areaidx.range=0..37
[modMDM_BYM2_GH_v2] add_dataset start: nObs=572 Kint=16 fe.size=9152 w.rows=572 w.cols=16 lchoose=572 areaidx.len=572 areaidx.range=0..40
[modMDM_BYM2_GH_v2] add_dataset start: nObs=806 Kint=21 fe.size=16926 w.rows=806 w.cols=21 lchoose=806 areaidx.len=806 areaidx.range=0..37
[modMDM_BYM2_GH_v2] sizes: nUrbM=741 nRurM=1442 nUrbD=572 nRurD=806 nAreas=41 KUrbM=100 KRurM=100 KUrbD=16 KRurD=21 Q=10
[modMDM_BYM2_GH_v2] about to multiply Q_bym2 by u_bym2 (nAreas=41)
[modMDM_BYM2_GH_v2] completed Q_bym2 * u_bym2 multiply
[modMDM_BYM2_GH_v2] add_dataset start: nObs=741 Kint=100 fe.size=74100 w.rows=741 w.cols=100 lchoose=741 areaidx.len=741 areaidx.range=0..40
[modMDM_BYM2_GH_v2] add_dataset start: nObs=1442 Kint=100 fe.size=144200 w.rows=1442 w.cols=100 lchoose=1442 areaidx.len=1442 areaidx.range=0..37
[modMDM_BYM2_GH_v2] add_dataset start: nObs=572 Kint=16 fe.size=9152 w.rows=572 w.cols=16 lchoose=572 areaidx.len=572 areaidx.range=0..40
[modMDM_BYM2_GH_v2] add_dataset start: nObs=806 Kint=21 fe.size=16926 w.rows=806 w.cols=21 lchoose=806 areaidx.len=806 areaidx.range=0..37
fit 291.8 min
Warning in .local(A, ...) :
  CHOLMOD warning 'matrix not positive definite' at file 'Supernodal/t_cholmod_super_numeric_worker.c', line 1114

##### [BYM2] sim 4 #####
  [Md_FE] fitting ... Warning in Matrix.DeprecatedCoerce(cd1, cd2) :
  'as(<dgTMatrix>, "dgCMatrix")' is deprecated.
Use 'as(., "CsparseMatrix")' instead.
See help("Deprecated") and help("Matrix-deprecated").
Warning in eigen.spam(tempQ, symmetric = TRUE) : 
 The eigenvalues are calculated with the function 'eigen' from the base package.
[1] "dyn.unload(dynlib('code/'))"
Warning: 4 external pointers will be removed
[1] "dyn.unload(dynlib('code/'))"
Warning in TMB::sdreport(obj, getJointPrecision = TRUE, bias.correct = TRUE,  :
  'bias.correct' does nothing without random effects
fit 0.1 min
  [Md] fitting ... Warning in Matrix.DeprecatedCoerce(cd1, cd2) :
  'as(<dgTMatrix>, "dgCMatrix")' is deprecated.
Use 'as(., "CsparseMatrix")' instead.
See help("Deprecated") and help("Matrix-deprecated").
Warning in eigen.spam(tempQ, symmetric = TRUE) : 
 The eigenvalues are calculated with the function 'eigen' from the base package.
[1] "dyn.unload(dynlib('code/'))"
[1] "compiling code/modM_DSepRepar.cpp..."
using C++ compiler: 'G__~1.EXE (GCC) 13.3.0'
make: Nothing to be done for 'all'.
[1] "optimizing for tol = 1e-06."
par:
   log_tau  logit_phi log_tauEps 
         0          0          0 
iter: 1  value: 3711.853 mgc: 962.4947 ustep: 1 
iter: 2  value: 3650.159 mgc: 309.4263 ustep: 1 
iter: 3  value: 3648.6 mgc: 43.49608 ustep: 1 
iter: 4  value: 3648.595 mgc: 1.796175 ustep: 1 
iter: 5  value: 3648.595 mgc: 0.007104148 ustep: 1 
iter: 6  value: 3648.595 mgc: 2.091739e-07 ustep: 1 
iter: 7  mgc: 4.295296e-13 
iter: 1  mgc: 4.295296e-13 
Matching hessian patterns... Done
outer mgc:  72.93908 
par:
     log_tau    logit_phi   log_tauEps 
 0.371674308  0.002499355 -2.917563276 
iter: 1  value: 4954.365 mgc: 2.45143 ustep: 1 
iter: 2  value: 4925.638 mgc: 40.82117 ustep: 1 
iter: 3  value: 4923.238 mgc: 6.966167 ustep: 1 
iter: 4  value: 4923.201 mgc: 0.6174817 ustep: 1 
iter: 5  value: 4923.201 mgc: 0.006882873 ustep: 1 
iter: 6  value: 4923.201 mgc: 1.566963e-06 ustep: 1 
iter: 7  mgc: 1.092017e-12 
par:
     log_tau    logit_phi   log_tauEps 
 0.074334862  0.000499871 -0.583512655 
iter: 1  value: 3807.728 mgc: 1.14563 ustep: 1 
iter: 2  value: 3807.551 mgc: 4.991609 ustep: 1 
iter: 3  value: 3807.551 mgc: 0.03174296 ustep: 1 
iter: 4  value: 3807.551 mgc: 2.312347e-06 ustep: 1 
iter: 5  mgc: 2.35836e-13 
iter: 1  mgc: 2.35836e-13 
outer mgc:  70.77836 
par:
    log_tau   logit_phi  log_tauEps 
 8.38178636 -0.09166923 -0.18031796 
iter: 1  value: 3661.528 mgc: 23130.17 ustep: 1 
iter: 2  value: 3660.005 mgc: 22.10887 ustep: 1 
iter: 3  value: 3660.003 mgc: 0.3798 ustep: 1 
iter: 4  value: 3660.003 mgc: 0.0005177812 ustep: 1 
iter: 5  mgc: 2.750312e-09 
par:
    log_tau   logit_phi  log_tauEps 
 1.73582516 -0.01793395 -0.50287372 
iter: 1  value: 3777.128 mgc: 20.54522 ustep: 1 
iter: 2  value: 3777.121 mgc: 0.9342988 ustep: 1 
iter: 3  value: 3777.121 mgc: 0.0024546 ustep: 1 
iter: 4  value: 3777.121 mgc: 8.793461e-08 ustep: 1 
iter: 5  mgc: 9.95894e-14 
par:
     log_tau    logit_phi   log_tauEps 
 0.406632922 -0.003186893 -0.567384867 
iter: 1  value: 3799.194 mgc: 1.674035 ustep: 1 
iter: 2  value: 3799.194 mgc: 0.01804528 ustep: 1 
iter: 3  value: 3799.194 mgc: 1.054858e-06 ustep: 1 
iter: 4  mgc: 3.723245e-13 
iter: 1  mgc: 3.723245e-13 
outer mgc:  67.56081 
par:
   log_tau  logit_phi log_tauEps 
 0.9212693 -1.6366896 -0.2162307 
iter: 1  value: 3702.851 mgc: 2.97684 ustep: 1 
iter: 2  value: 3702.82 mgc: 2.142025 ustep: 1 
iter: 3  value: 3702.82 mgc: 0.005665509 ustep: 1 
iter: 4  value: 3702.82 mgc: 6.609841e-08 ustep: 1 
iter: 5  mgc: 1.005598e-13 
iter: 1  mgc: 1.005598e-13 
outer mgc:  18.92392 
par:
   log_tau  logit_phi log_tauEps 
 0.8992469 -1.9394834 -0.2876930 
iter: 1  value: 3722.825 mgc: 0.5521112 ustep: 1 
iter: 2  value: 3722.825 mgc: 0.08387477 ustep: 1 
iter: 3  value: 3722.825 mgc: 8.072639e-06 ustep: 1 
iter: 4  mgc: 3.647123e-13 
iter: 1  mgc: 3.647123e-13 
outer mgc:  1.325515 
par:
   log_tau  logit_phi log_tauEps 
 0.8905395 -2.3487612 -0.2966441 
iter: 1  value: 3726.222 mgc: 0.6673277 ustep: 1 
iter: 2  value: 3726.222 mgc: 0.001716745 ustep: 1 
iter: 3  mgc: 4.186802e-09 
iter: 1  mgc: 4.186802e-09 
outer mgc:  0.8581677 
par:
   log_tau  logit_phi log_tauEps 
 0.8767798 -2.7397478 -0.2952093 
iter: 1  value: 3726.614 mgc: 0.6107468 ustep: 1 
iter: 2  value: 3726.614 mgc: 0.0002171854 ustep: 1 
iter: 3  mgc: 4.303941e-11 
iter: 1  mgc: 4.303941e-11 
outer mgc:  0.4600305 
par:
   log_tau  logit_phi log_tauEps 
 0.8775151 -2.8388561 -0.2935770 
iter: 1  value: 3726.326 mgc: 0.1577535 ustep: 1 
iter: 2  value: 3726.326 mgc: 4.451319e-05 ustep: 1 
iter: 3  mgc: 2.640864e-12 
par:
   log_tau  logit_phi log_tauEps 
 0.8381074 -2.8790194  0.1664535 
iter: 1  value: 3616.04 mgc: 1.186443 ustep: 1 
iter: 2  value: 3615.964 mgc: 3.807766 ustep: 1 
iter: 3  value: 3615.964 mgc: 0.01118857 ustep: 1 
iter: 4  value: 3615.964 mgc: 2.01012e-07 ustep: 1 
iter: 5  mgc: 1.002668e-13 
par:
   log_tau  logit_phi log_tauEps 
 0.8696336 -2.8468888 -0.2015709 
iter: 1  value: 3701.864 mgc: 0.1957454 ustep: 1 
iter: 2  value: 3701.864 mgc: 0.1390158 ustep: 1 
iter: 3  value: 3701.864 mgc: 1.989779e-05 ustep: 1 
iter: 4  mgc: 7.360551e-13 
par:
   log_tau  logit_phi log_tauEps 
 0.8759388 -2.8404627 -0.2751758 
iter: 1  value: 3721.332 mgc: 0.03772171 ustep: 1 
iter: 2  value: 3721.332 mgc: 0.005437637 ustep: 1 
iter: 3  value: 3721.332 mgc: 3.230817e-08 ustep: 1 
mgc: 9.552659e-14 
par:
   log_tau  logit_phi log_tauEps 
 0.8771999 -2.8391774 -0.2898968 
iter: 1  value: 3725.323 mgc: 0.007488915 ustep: 1 
iter: 2  value: 3725.323 mgc: 0.0002165011 ustep: 1 
iter: 3  mgc: 5.16011e-11 
par:
   log_tau  logit_phi log_tauEps 
 0.8774521 -2.8389204 -0.2928410 
iter: 1  value: 3726.126 mgc: 0.001495579 ustep: 1 
iter: 2  value: 3726.126 mgc: 8.651979e-06 ustep: 1 
iter: 3  mgc: 5.530827e-13 
par:
   log_tau  logit_phi log_tauEps 
 0.8775025 -2.8388690 -0.2934298 
iter: 1  value: 3726.286 mgc: 0.0002990277 ustep: 1 
iter: 2  value: 3726.286 mgc: 3.460147e-07 ustep: 1 
iter: 3  mgc: 6.450269e-13 
[1] "completed optimization for tol = 1e-06"
iter: 1  mgc: 6.450269e-13 
outer mgc:  0.02702443 
iter: 1  value: 3726.281 mgc: 0.005169883 ustep: 1 
iter: 2  value: 3726.281 mgc: 1.861525e-07 ustep: 1 
iter: 3  mgc: 1.119184e-13 
outer mgc:  0.04206467 
iter: 1  value: 3726.292 mgc: 0.005163886 ustep: 1 
iter: 2  value: 3726.292 mgc: 1.858909e-07 ustep: 1 
iter: 3  mgc: 3.57826e-13 
outer mgc:  0.01541699 
iter: 1  value: 3726.285 mgc: 0.00163175 ustep: 1 
iter: 2  mgc: 5.916769e-10 
outer mgc:  0.02720835 
iter: 1  value: 3726.288 mgc: 0.001630827 ustep: 1 
iter: 2  mgc: 5.907812e-10 
outer mgc:  0.02684072 
iter: 1  value: 3726.013 mgc: 0.002032413 ustep: 1 
iter: 2  value: 3726.013 mgc: 1.601985e-05 ustep: 1 
iter: 3  mgc: 4.614731e-13 
outer mgc:  0.2305997 
iter: 1  value: 3726.56 mgc: 0.002030382 ustep: 1 
iter: 2  value: 3726.56 mgc: 1.600972e-05 ustep: 1 
iter: 3  mgc: 1.869712e-13 
outer mgc:  0.2658885 
Re-using symbolic Cholesky
iter: 1  mgc: 6.450269e-13 
Matching hessian patterns... Done
outer mgc:  0.02702443 
iter: 1  mgc: 6.450269e-13 
outer mgc:  0.02702443 
iter: 1  value: 3726.286 mgc: 0.0004534184 ustep: 1 
iter: 2  mgc: 1.432869e-09 
outer mgc:  0.02834395 
iter: 1  value: 3726.287 mgc: 0.0004533723 ustep: 1 
iter: 2  mgc: 1.432091e-09 
outer mgc:  0.02570496 
iter: 1  value: 3726.286 mgc: 0.0004631386 ustep: 1 
iter: 2  mgc: 4.741629e-11 
outer mgc:  0.02707662 
iter: 1  value: 3726.287 mgc: 0.0004630642 ustep: 1 
iter: 2  mgc: 4.692949e-11 
outer mgc:  0.02697225 
iter: 1  value: 3726.278 mgc: 5.960812e-05 ustep: 1 
iter: 2  value: 3726.278 mgc: 1.37889e-08 ustep: 1 
mgc: 2.093656e-13 
outer mgc:  0.02695937 
iter: 1  value: 3726.294 mgc: 5.960637e-05 ustep: 1 
iter: 2  value: 3726.294 mgc: 1.378901e-08 ustep: 1 
mgc: 7.256104e-14 
outer mgc:  0.02708948 
iter: 1  value: 3726.286 mgc: 0.0002267034 ustep: 1 
iter: 2  mgc: 3.585561e-10 
outer mgc:  0.02768418 
iter: 1  value: 3726.286 mgc: 0.0002266919 ustep: 1 
iter: 2  mgc: 3.582187e-10 
outer mgc:  0.02636469 
iter: 1  value: 3726.286 mgc: 0.00023156 ustep: 1 
iter: 2  mgc: 1.189287e-11 
outer mgc:  0.02705052 
iter: 1  value: 3726.286 mgc: 0.0002315414 ustep: 1 
iter: 2  mgc: 1.161572e-11 
outer mgc:  0.02699834 
iter: 1  value: 3726.282 mgc: 2.980384e-05 ustep: 1 
iter: 2  mgc: 3.447338e-09 
outer mgc:  0.0269919 
iter: 1  value: 3726.29 mgc: 2.98034e-05 ustep: 1 
iter: 2  mgc: 3.447132e-09 
outer mgc:  0.02705696 
iter: 1  value: 3726.286 mgc: 0.0001133503 ustep: 1 
iter: 2  mgc: 8.951038e-11 
outer mgc:  0.0273543 
iter: 1  value: 3726.286 mgc: 0.0001133474 ustep: 1 
iter: 2  mgc: 8.964013e-11 
outer mgc:  0.02669456 
iter: 1  value: 3726.286 mgc: 0.0001157777 ustep: 1 
iter: 2  mgc: 2.86369e-12 
outer mgc:  0.02703747 
iter: 1  value: 3726.286 mgc: 0.000115773 ustep: 1 
iter: 2  mgc: 2.394713e-12 
outer mgc:  0.02701138 
iter: 1  value: 3726.284 mgc: 1.490187e-05 ustep: 1 
iter: 2  mgc: 8.614941e-10 
outer mgc:  0.02700816 
iter: 1  value: 3726.288 mgc: 1.490176e-05 ustep: 1 
iter: 2  mgc: 8.613164e-10 
outer mgc:  0.02704069 
iter: 1  value: 3726.286 mgc: 5.667478e-05 ustep: 1 
iter: 2  mgc: 2.282561e-11 
outer mgc:  0.02718937 
iter: 1  value: 3726.286 mgc: 5.667406e-05 ustep: 1 
iter: 2  mgc: 2.218349e-11 
outer mgc:  0.02685949 
iter: 1  value: 3726.286 mgc: 5.788825e-05 ustep: 1 
iter: 2  mgc: 7.134171e-13 
outer mgc:  0.02703095 
iter: 1  value: 3726.286 mgc: 5.788709e-05 ustep: 1 
iter: 2  mgc: 6.299189e-13 
outer mgc:  0.02701791 
iter: 1  value: 3726.285 mgc: 7.450919e-06 ustep: 1 
iter: 2  mgc: 2.151872e-10 
outer mgc:  0.0270163 
iter: 1  value: 3726.287 mgc: 7.450892e-06 ustep: 1 
iter: 2  mgc: 2.15665e-10 
outer mgc:  0.02703256 
  elapsed 
0.2728333 
[1] "optimization took 0.477500000000024 minutes"
fit 0.5 min
Warning in sweep(gridDraws_tmb, 2, alpha_tmb_draws, "+") :
  length(STATS) or dim(STATS) do not match dim(x)[MARGIN]
Warning in sweep(gridDraws_tmb, 2, alpha_tmb_draws, "+") :
  length(STATS) or dim(STATS) do not match dim(x)[MARGIN]
  [M_D_FE] fitting ... Warning in Matrix.DeprecatedCoerce(cd1, cd2) :
  'as(<dgTMatrix>, "dgCMatrix")' is deprecated.
Use 'as(., "CsparseMatrix")' instead.
See help("Deprecated") and help("Matrix-deprecated").
Warning in eigen.spam(tempQ, symmetric = TRUE) : 
 The eigenvalues are calculated with the function 'eigen' from the base package.
[1] "dyn.unload(dynlib('code/'))"
Warning: 4 external pointers will be removed
[1] "dyn.unload(dynlib('code/'))"
Warning in TMB::sdreport(obj, getJointPrecision = TRUE, bias.correct = TRUE,  :
  'bias.correct' does nothing without random effects
fit 0.1 min
  [M_M_FE] fitting ... [1] "dyn.unload(dynlib('code/'))"
Warning in TMB::sdreport(obj, getJointPrecision = TRUE, bias.correct = TRUE,  :
  'bias.correct' does nothing without random effects
fit 0.3 min
  [M_DM_FE] fitting ... Warning in Matrix.DeprecatedCoerce(cd1, cd2) :
  'as(<dgTMatrix>, "dgCMatrix")' is deprecated.
Use 'as(., "CsparseMatrix")' instead.
See help("Deprecated") and help("Matrix-deprecated").
Warning in eigen.spam(tempQ, symmetric = TRUE) : 
 The eigenvalues are calculated with the function 'eigen' from the base package.
[1] "dyn.unload(dynlib('code/'))"
Warning: 2 external pointers will be removed
[1] "dyn.unload(dynlib('code/'))"
[modMDM_BYM2_GH_v2] sizes: nUrbM=741 nRurM=1442 nUrbD=572 nRurD=806 nAreas=41 KUrbM=100 KRurM=100 KUrbD=16 KRurD=21 Q=10
[modMDM_BYM2_GH_v2] about to multiply Q_bym2 by u_bym2 (nAreas=41)
[modMDM_BYM2_GH_v2] completed Q_bym2 * u_bym2 multiply
[modMDM_BYM2_GH_v2] add_dataset start: nObs=741 Kint=100 fe.size=74100 w.rows=741 w.cols=100 lchoose=741 areaidx.len=741 areaidx.range=0..40
[modMDM_BYM2_GH_v2] add_dataset start: nObs=1442 Kint=100 fe.size=144200 w.rows=1442 w.cols=100 lchoose=1442 areaidx.len=1442 areaidx.range=0..37
[modMDM_BYM2_GH_v2] add_dataset start: nObs=572 Kint=16 fe.size=9152 w.rows=572 w.cols=16 lchoose=572 areaidx.len=572 areaidx.range=0..40
[modMDM_BYM2_GH_v2] add_dataset start: nObs=806 Kint=21 fe.size=16926 w.rows=806 w.cols=21 lchoose=806 areaidx.len=806 areaidx.range=0..37
[modMDM_BYM2_GH_v2] sizes: nUrbM=741 nRurM=1442 nUrbD=572 nRurD=806 nAreas=41 KUrbM=100 KRurM=100 KUrbD=16 KRurD=21 Q=10
[modMDM_BYM2_GH_v2] about to multiply Q_bym2 by u_bym2 (nAreas=41)
[modMDM_BYM2_GH_v2] completed Q_bym2 * u_bym2 multiply
[modMDM_BYM2_GH_v2] add_dataset start: nObs=741 Kint=100 fe.size=74100 w.rows=741 w.cols=100 lchoose=741 areaidx.len=741 areaidx.range=0..40
[modMDM_BYM2_GH_v2] add_dataset start: nObs=1442 Kint=100 fe.size=144200 w.rows=1442 w.cols=100 lchoose=1442 areaidx.len=1442 areaidx.range=0..37
[modMDM_BYM2_GH_v2] add_dataset start: nObs=572 Kint=16 fe.size=9152 w.rows=572 w.cols=16 lchoose=572 areaidx.len=572 areaidx.range=0..40
[modMDM_BYM2_GH_v2] add_dataset start: nObs=806 Kint=21 fe.size=16926 w.rows=806 w.cols=21 lchoose=806 areaidx.len=806 areaidx.range=0..37
[modMDM_BYM2_GH_v2] sizes: nUrbM=741 nRurM=1442 nUrbD=572 nRurD=806 nAreas=41 KUrbM=100 KRurM=100 KUrbD=16 KRurD=21 Q=10
[modMDM_BYM2_GH_v2] about to multiply Q_bym2 by u_bym2 (nAreas=41)
[modMDM_BYM2_GH_v2] completed Q_bym2 * u_bym2 multiply
[modMDM_BYM2_GH_v2] add_dataset start: nObs=741 Kint=100 fe.size=74100 w.rows=741 w.cols=100 lchoose=741 areaidx.len=741 areaidx.range=0..40
[modMDM_BYM2_GH_v2] add_dataset start: nObs=1442 Kint=100 fe.size=144200 w.rows=1442 w.cols=100 lchoose=1442 areaidx.len=1442 areaidx.range=0..37
[modMDM_BYM2_GH_v2] add_dataset start: nObs=572 Kint=16 fe.size=9152 w.rows=572 w.cols=16 lchoose=572 areaidx.len=572 areaidx.range=0..40
[modMDM_BYM2_GH_v2] add_dataset start: nObs=806 Kint=21 fe.size=16926 w.rows=806 w.cols=21 lchoose=806 areaidx.len=806 areaidx.range=0..37
[modMDM_BYM2_GH_v2] sizes: nUrbM=741 nRurM=1442 nUrbD=572 nRurD=806 nAreas=41 KUrbM=100 KRurM=100 KUrbD=16 KRurD=21 Q=10
[modMDM_BYM2_GH_v2] about to multiply Q_bym2 by u_bym2 (nAreas=41)
[modMDM_BYM2_GH_v2] completed Q_bym2 * u_bym2 multiply
[modMDM_BYM2_GH_v2] add_dataset start: nObs=741 Kint=100 fe.size=74100 w.rows=741 w.cols=100 lchoose=741 areaidx.len=741 areaidx.range=0..40
[modMDM_BYM2_GH_v2] add_dataset start: nObs=1442 Kint=100 fe.size=144200 w.rows=1442 w.cols=100 lchoose=1442 areaidx.len=1442 areaidx.range=0..37
[modMDM_BYM2_GH_v2] add_dataset start: nObs=572 Kint=16 fe.size=9152 w.rows=572 w.cols=16 lchoose=572 areaidx.len=572 areaidx.range=0..40
[modMDM_BYM2_GH_v2] add_dataset start: nObs=806 Kint=21 fe.size=16926 w.rows=806 w.cols=21 lchoose=806 areaidx.len=806 areaidx.range=0..37
[modMDM_BYM2_GH_v2] sizes: nUrbM=741 nRurM=1442 nUrbD=572 nRurD=806 nAreas=41 KUrbM=100 KRurM=100 KUrbD=16 KRurD=21 Q=10
[modMDM_BYM2_GH_v2] about to multiply Q_bym2 by u_bym2 (nAreas=41)
[modMDM_BYM2_GH_v2] completed Q_bym2 * u_bym2 multiply
[modMDM_BYM2_GH_v2] add_dataset start: nObs=741 Kint=100 fe.size=74100 w.rows=741 w.cols=100 lchoose=741 areaidx.len=741 areaidx.range=0..40
[modMDM_BYM2_GH_v2] add_dataset start: nObs=1442 Kint=100 fe.size=144200 w.rows=1442 w.cols=100 lchoose=1442 areaidx.len=1442 areaidx.range=0..37
[modMDM_BYM2_GH_v2] add_dataset start: nObs=572 Kint=16 fe.size=9152 w.rows=572 w.cols=16 lchoose=572 areaidx.len=572 areaidx.range=0..40
[modMDM_BYM2_GH_v2] add_dataset start: nObs=806 Kint=21 fe.size=16926 w.rows=806 w.cols=21 lchoose=806 areaidx.len=806 areaidx.range=0..37
[modMDM_BYM2_GH_v2] sizes: nUrbM=741 nRurM=1442 nUrbD=572 nRurD=806 nAreas=41 KUrbM=100 KRurM=100 KUrbD=16 KRurD=21 Q=10
[modMDM_BYM2_GH_v2] about to multiply Q_bym2 by u_bym2 (nAreas=41)
[modMDM_BYM2_GH_v2] completed Q_bym2 * u_bym2 multiply
[modMDM_BYM2_GH_v2] add_dataset start: nObs=741 Kint=100 fe.size=74100 w.rows=741 w.cols=100 lchoose=741 areaidx.len=741 areaidx.range=0..40
[modMDM_BYM2_GH_v2] add_dataset start: nObs=1442 Kint=100 fe.size=144200 w.rows=1442 w.cols=100 lchoose=1442 areaidx.len=1442 areaidx.range=0..37
[modMDM_BYM2_GH_v2] add_dataset start: nObs=572 Kint=16 fe.size=9152 w.rows=572 w.cols=16 lchoose=572 areaidx.len=572 areaidx.range=0..40
[modMDM_BYM2_GH_v2] add_dataset start: nObs=806 Kint=21 fe.size=16926 w.rows=806 w.cols=21 lchoose=806 areaidx.len=806 areaidx.range=0..37
[modMDM_BYM2_GH_v2] sizes: nUrbM=741 nRurM=1442 nUrbD=572 nRurD=806 nAreas=41 KUrbM=100 KRurM=100 KUrbD=16 KRurD=21 Q=10
[modMDM_BYM2_GH_v2] about to multiply Q_bym2 by u_bym2 (nAreas=41)
[modMDM_BYM2_GH_v2] completed Q_bym2 * u_bym2 multiply
[modMDM_BYM2_GH_v2] add_dataset start: nObs=741 Kint=100 fe.size=74100 w.rows=741 w.cols=100 lchoose=741 areaidx.len=741 areaidx.range=0..40
[modMDM_BYM2_GH_v2] add_dataset start: nObs=1442 Kint=100 fe.size=144200 w.rows=1442 w.cols=100 lchoose=1442 areaidx.len=1442 areaidx.range=0..37
[modMDM_BYM2_GH_v2] add_dataset start: nObs=572 Kint=16 fe.size=9152 w.rows=572 w.cols=16 lchoose=572 areaidx.len=572 areaidx.range=0..40
[modMDM_BYM2_GH_v2] add_dataset start: nObs=806 Kint=21 fe.size=16926 w.rows=806 w.cols=21 lchoose=806 areaidx.len=806 areaidx.range=0..37
Warning in TMB::sdreport(obj, getJointPrecision = TRUE, bias.correct = TRUE,  :
  'bias.correct' does nothing without random effects
fit 2.2 min
  [M_D_BYM2] fitting ... Warning in Matrix.DeprecatedCoerce(cd1, cd2) :
  'as(<dgTMatrix>, "dgCMatrix")' is deprecated.
Use 'as(., "CsparseMatrix")' instead.
See help("Deprecated") and help("Matrix-deprecated").
Warning in eigen.spam(tempQ, symmetric = TRUE) : 
 The eigenvalues are calculated with the function 'eigen' from the base package.
Warning in Matrix.DeprecatedCoerce(cd1, cd2) :
  'as(<dgTMatrix>, "dgCMatrix")' is deprecated.
Use 'as(., "CsparseMatrix")' instead.
See help("Deprecated") and help("Matrix-deprecated").
Warning in eigen.spam(tempQ, symmetric = TRUE) : 
 The eigenvalues are calculated with the function 'eigen' from the base package.
[1] "dyn.unload(dynlib('code/'))"
Warning: 2 external pointers will be removed
[1] "dyn.unload(dynlib('code/'))"
[1] "dyn.unload(dynlib('code/'))"
fit 0.3 min
% latex table generated in R 4.4.3 by xtable 1.8-4 package
% Wed May 20 15:26:03 2026
\begin{table}[ht]
\centering
\begin{tabular}{rrrrrr}
  \hline
 & Est & Q0.025 & Q0.1 & Q0.9 & Q0.975 \\ 
  \hline
(Int) & -1.59 & -1.78 & -1.72 & -1.47 & -1.41 \\ 
  urb & 1.12 & 0.92 & 0.99 & 1.25 & 1.33 \\ 
  access & -0.03 & -0.13 & -0.10 & 0.04 & 0.08 \\ 
  elev & -0.05 & -0.12 & -0.10 & -0.00 & 0.02 \\ 
  distRiversLakes & 0.02 & -0.05 & -0.03 & 0.06 & 0.08 \\ 
  popValsNorm & 0.65 & 0.43 & 0.50 & 0.79 & 0.86 \\ 
  sigmaSq & 2.14 & 0.09 & 0.21 & 4.79 & 11.34 \\ 
  phi & 0.49 & 0.03 & 0.09 & 0.90 & 0.97 \\ 
  sigmaEpsSq & 1.74 & 1.55 & 1.61 & 1.86 & 1.94 \\ 
   \hline
\end{tabular}
\end{table}
% latex table generated in R 4.4.3 by xtable 1.8-4 package
% Wed May 20 15:30:49 2026
\begin{table}[ht]
\centering
\begin{tabular}{rrrrrr}
  \hline
 & Est & Q0.025 & Q0.1 & Q0.9 & Q0.975 \\ 
  \hline
(Int) & -1.59 & -1.77 & -1.71 & -1.47 & -1.41 \\ 
  urb & 1.12 & 0.92 & 0.99 & 1.25 & 1.32 \\ 
  access & -0.02 & -0.13 & -0.09 & 0.05 & 0.08 \\ 
  elev & -0.05 & -0.12 & -0.10 & -0.00 & 0.02 \\ 
  distRiversLakes & 0.02 & -0.05 & -0.03 & 0.06 & 0.08 \\ 
  popValsNorm & 0.65 & 0.43 & 0.51 & 0.79 & 0.87 \\ 
  sigmaSq & 2.26 & 0.09 & 0.20 & 5.13 & 12.90 \\ 
  phi & 0.50 & 0.03 & 0.09 & 0.91 & 0.97 \\ 
  sigmaEpsSq & 1.73 & 1.55 & 1.61 & 1.86 & 1.93 \\ 
   \hline
\end{tabular}
\end{table}
  [M_M_BYM2] fitting ... Warning in Matrix.DeprecatedCoerce(cd1, cd2) :
  'as(<dgTMatrix>, "dgCMatrix")' is deprecated.
Use 'as(., "CsparseMatrix")' instead.
See help("Deprecated") and help("Matrix-deprecated").
Warning in eigen.spam(tempQ, symmetric = TRUE) : 
 The eigenvalues are calculated with the function 'eigen' from the base package.
[1] "dyn.unload(dynlib('code/'))"
[1] "dyn.unload(dynlib('code/'))"
Warning: 3 external pointers will be removed
[1] "dyn.unload(dynlib('code/'))"
fit 7.4 min
% latex table generated in R 4.4.3 by xtable 1.8-4 package
% Wed May 20 15:53:32 2026
\begin{table}[ht]
\centering
\begin{tabular}{rrrrrr}
  \hline
 & Est & Q0.025 & Q0.1 & Q0.9 & Q0.975 \\ 
  \hline
(Int) & -1.19 & -1.60 & -1.46 & -0.91 & -0.76 \\ 
  urb & 0.92 & 0.50 & 0.65 & 1.18 & 1.31 \\ 
  access & -0.32 & -0.67 & -0.55 & -0.08 & 0.04 \\ 
  elev & -0.06 & -0.37 & -0.26 & 0.14 & 0.24 \\ 
  distRiversLakes & -0.09 & -0.33 & -0.24 & 0.06 & 0.14 \\ 
  popValsNorm & 0.07 & -0.59 & -0.36 & 0.50 & 0.72 \\ 
  sigmaSq & 0.50 & 0.28 & 0.34 & 0.69 & 0.82 \\ 
  phi & 0.22 & 0.01 & 0.03 & 0.51 & 0.74 \\ 
  sigmaEpsSq & 1.48 & 1.26 & 1.33 & 1.63 & 1.72 \\ 
   \hline
\end{tabular}
\end{table}
% latex table generated in R 4.4.3 by xtable 1.8-4 package
% Wed May 20 15:58:38 2026
\begin{table}[ht]
\centering
\begin{tabular}{rrrrrr}
  \hline
 & Est & Q0.025 & Q0.1 & Q0.9 & Q0.975 \\ 
  \hline
(Int) & -1.18 & -1.60 & -1.45 & -0.92 & -0.77 \\ 
  urb & 0.91 & 0.49 & 0.64 & 1.19 & 1.33 \\ 
  access & -0.31 & -0.67 & -0.55 & -0.08 & 0.04 \\ 
  elev & -0.06 & -0.37 & -0.26 & 0.14 & 0.24 \\ 
  distRiversLakes & -0.10 & -0.33 & -0.25 & 0.06 & 0.13 \\ 
  popValsNorm & 0.07 & -0.58 & -0.34 & 0.49 & 0.73 \\ 
  sigmaSq & 0.51 & 0.29 & 0.34 & 0.69 & 0.83 \\ 
  phi & 0.22 & 0.01 & 0.03 & 0.53 & 0.75 \\ 
  sigmaEpsSq & 1.48 & 1.26 & 1.32 & 1.63 & 1.72 \\ 
   \hline
\end{tabular}
\end{table}
  [M_DM_BYM2] fitting ... Warning in Matrix.DeprecatedCoerce(cd1, cd2) :
  'as(<dgTMatrix>, "dgCMatrix")' is deprecated.
Use 'as(., "CsparseMatrix")' instead.
See help("Deprecated") and help("Matrix-deprecated").
Warning in eigen.spam(tempQ, symmetric = TRUE) : 
 The eigenvalues are calculated with the function 'eigen' from the base package.
Warning in Matrix.DeprecatedCoerce(cd1, cd2) :
  'as(<dgTMatrix>, "dgCMatrix")' is deprecated.
Use 'as(., "CsparseMatrix")' instead.
See help("Deprecated") and help("Matrix-deprecated").
Warning in eigen.spam(tempQ, symmetric = TRUE) : 
 The eigenvalues are calculated with the function 'eigen' from the base package.
[1] "dyn.unload(dynlib('code/'))"
Warning: 4 external pointers will be removed
[1] "dyn.unload(dynlib('code/'))"
[modMDM_BYM2_GH_v2] sizes: nUrbM=741 nRurM=1442 nUrbD=572 nRurD=806 nAreas=41 KUrbM=100 KRurM=100 KUrbD=16 KRurD=21 Q=10
[modMDM_BYM2_GH_v2] about to multiply Q_bym2 by u_bym2 (nAreas=41)
[modMDM_BYM2_GH_v2] completed Q_bym2 * u_bym2 multiply
[modMDM_BYM2_GH_v2] add_dataset start: nObs=741 Kint=100 fe.size=74100 w.rows=741 w.cols=100 lchoose=741 areaidx.len=741 areaidx.range=0..40
[modMDM_BYM2_GH_v2] add_dataset start: nObs=1442 Kint=100 fe.size=144200 w.rows=1442 w.cols=100 lchoose=1442 areaidx.len=1442 areaidx.range=0..37
[modMDM_BYM2_GH_v2] add_dataset start: nObs=572 Kint=16 fe.size=9152 w.rows=572 w.cols=16 lchoose=572 areaidx.len=572 areaidx.range=0..40
[modMDM_BYM2_GH_v2] add_dataset start: nObs=806 Kint=21 fe.size=16926 w.rows=806 w.cols=21 lchoose=806 areaidx.len=806 areaidx.range=0..37
[modMDM_BYM2_GH_v2] sizes: nUrbM=741 nRurM=1442 nUrbD=572 nRurD=806 nAreas=41 KUrbM=100 KRurM=100 KUrbD=16 KRurD=21 Q=10
[modMDM_BYM2_GH_v2] about to multiply Q_bym2 by u_bym2 (nAreas=41)
[modMDM_BYM2_GH_v2] completed Q_bym2 * u_bym2 multiply
[modMDM_BYM2_GH_v2] add_dataset start: nObs=741 Kint=100 fe.size=74100 w.rows=741 w.cols=100 lchoose=741 areaidx.len=741 areaidx.range=0..40
[modMDM_BYM2_GH_v2] add_dataset start: nObs=1442 Kint=100 fe.size=144200 w.rows=1442 w.cols=100 lchoose=1442 areaidx.len=1442 areaidx.range=0..37
[modMDM_BYM2_GH_v2] add_dataset start: nObs=572 Kint=16 fe.size=9152 w.rows=572 w.cols=16 lchoose=572 areaidx.len=572 areaidx.range=0..40
[modMDM_BYM2_GH_v2] add_dataset start: nObs=806 Kint=21 fe.size=16926 w.rows=806 w.cols=21 lchoose=806 areaidx.len=806 areaidx.range=0..37
[modMDM_BYM2_GH_v2] sizes: nUrbM=741 nRurM=1442 nUrbD=572 nRurD=806 nAreas=41 KUrbM=100 KRurM=100 KUrbD=16 KRurD=21 Q=10
[modMDM_BYM2_GH_v2] about to multiply Q_bym2 by u_bym2 (nAreas=41)
[modMDM_BYM2_GH_v2] completed Q_bym2 * u_bym2 multiply
[modMDM_BYM2_GH_v2] add_dataset start: nObs=741 Kint=100 fe.size=74100 w.rows=741 w.cols=100 lchoose=741 areaidx.len=741 areaidx.range=0..40
[modMDM_BYM2_GH_v2] add_dataset start: nObs=1442 Kint=100 fe.size=144200 w.rows=1442 w.cols=100 lchoose=1442 areaidx.len=1442 areaidx.range=0..37
[modMDM_BYM2_GH_v2] add_dataset start: nObs=572 Kint=16 fe.size=9152 w.rows=572 w.cols=16 lchoose=572 areaidx.len=572 areaidx.range=0..40
[modMDM_BYM2_GH_v2] add_dataset start: nObs=806 Kint=21 fe.size=16926 w.rows=806 w.cols=21 lchoose=806 areaidx.len=806 areaidx.range=0..37
[modMDM_BYM2_GH_v2] sizes: nUrbM=741 nRurM=1442 nUrbD=572 nRurD=806 nAreas=41 KUrbM=100 KRurM=100 KUrbD=16 KRurD=21 Q=10
[modMDM_BYM2_GH_v2] about to multiply Q_bym2 by u_bym2 (nAreas=41)
[modMDM_BYM2_GH_v2] completed Q_bym2 * u_bym2 multiply
[modMDM_BYM2_GH_v2] add_dataset start: nObs=741 Kint=100 fe.size=74100 w.rows=741 w.cols=100 lchoose=741 areaidx.len=741 areaidx.range=0..40
[modMDM_BYM2_GH_v2] add_dataset start: nObs=1442 Kint=100 fe.size=144200 w.rows=1442 w.cols=100 lchoose=1442 areaidx.len=1442 areaidx.range=0..37
[modMDM_BYM2_GH_v2] add_dataset start: nObs=572 Kint=16 fe.size=9152 w.rows=572 w.cols=16 lchoose=572 areaidx.len=572 areaidx.range=0..40
[modMDM_BYM2_GH_v2] add_dataset start: nObs=806 Kint=21 fe.size=16926 w.rows=806 w.cols=21 lchoose=806 areaidx.len=806 areaidx.range=0..37
[1] "dyn.unload(dynlib('code/'))"
Warning: 3 external pointers will be removed
[1] "dyn.unload(dynlib('code/'))"
[modMDM_BYM2_GH_v2] sizes: nUrbM=741 nRurM=1442 nUrbD=572 nRurD=806 nAreas=41 KUrbM=100 KRurM=100 KUrbD=16 KRurD=21 Q=10
[modMDM_BYM2_GH_v2] about to multiply Q_bym2 by u_bym2 (nAreas=41)
[modMDM_BYM2_GH_v2] completed Q_bym2 * u_bym2 multiply
[modMDM_BYM2_GH_v2] add_dataset start: nObs=741 Kint=100 fe.size=74100 w.rows=741 w.cols=100 lchoose=741 areaidx.len=741 areaidx.range=0..40
[modMDM_BYM2_GH_v2] add_dataset start: nObs=1442 Kint=100 fe.size=144200 w.rows=1442 w.cols=100 lchoose=1442 areaidx.len=1442 areaidx.range=0..37
[modMDM_BYM2_GH_v2] add_dataset start: nObs=572 Kint=16 fe.size=9152 w.rows=572 w.cols=16 lchoose=572 areaidx.len=572 areaidx.range=0..40
[modMDM_BYM2_GH_v2] add_dataset start: nObs=806 Kint=21 fe.size=16926 w.rows=806 w.cols=21 lchoose=806 areaidx.len=806 areaidx.range=0..37
[modMDM_BYM2_GH_v2] sizes: nUrbM=741 nRurM=1442 nUrbD=572 nRurD=806 nAreas=41 KUrbM=100 KRurM=100 KUrbD=16 KRurD=21 Q=10
[modMDM_BYM2_GH_v2] about to multiply Q_bym2 by u_bym2 (nAreas=41)
[modMDM_BYM2_GH_v2] completed Q_bym2 * u_bym2 multiply
[modMDM_BYM2_GH_v2] add_dataset start: nObs=741 Kint=100 fe.size=74100 w.rows=741 w.cols=100 lchoose=741 areaidx.len=741 areaidx.range=0..40
[modMDM_BYM2_GH_v2] add_dataset start: nObs=1442 Kint=100 fe.size=144200 w.rows=1442 w.cols=100 lchoose=1442 areaidx.len=1442 areaidx.range=0..37
[modMDM_BYM2_GH_v2] add_dataset start: nObs=572 Kint=16 fe.size=9152 w.rows=572 w.cols=16 lchoose=572 areaidx.len=572 areaidx.range=0..40
[modMDM_BYM2_GH_v2] add_dataset start: nObs=806 Kint=21 fe.size=16926 w.rows=806 w.cols=21 lchoose=806 areaidx.len=806 areaidx.range=0..37
[modMDM_BYM2_GH_v2] sizes: nUrbM=741 nRurM=1442 nUrbD=572 nRurD=806 nAreas=41 KUrbM=100 KRurM=100 KUrbD=16 KRurD=21 Q=10
[modMDM_BYM2_GH_v2] about to multiply Q_bym2 by u_bym2 (nAreas=41)
[modMDM_BYM2_GH_v2] completed Q_bym2 * u_bym2 multiply
[modMDM_BYM2_GH_v2] add_dataset start: nObs=741 Kint=100 fe.size=74100 w.rows=741 w.cols=100 lchoose=741 areaidx.len=741 areaidx.range=0..40
[modMDM_BYM2_GH_v2] add_dataset start: nObs=1442 Kint=100 fe.size=144200 w.rows=1442 w.cols=100 lchoose=1442 areaidx.len=1442 areaidx.range=0..37
[modMDM_BYM2_GH_v2] add_dataset start: nObs=572 Kint=16 fe.size=9152 w.rows=572 w.cols=16 lchoose=572 areaidx.len=572 areaidx.range=0..40
[modMDM_BYM2_GH_v2] add_dataset start: nObs=806 Kint=21 fe.size=16926 w.rows=806 w.cols=21 lchoose=806 areaidx.len=806 areaidx.range=0..37
[modMDM_BYM2_GH_v2] sizes: nUrbM=741 nRurM=1442 nUrbD=572 nRurD=806 nAreas=41 KUrbM=100 KRurM=100 KUrbD=16 KRurD=21 Q=10
[modMDM_BYM2_GH_v2] about to multiply Q_bym2 by u_bym2 (nAreas=41)
[modMDM_BYM2_GH_v2] completed Q_bym2 * u_bym2 multiply
[modMDM_BYM2_GH_v2] add_dataset start: nObs=741 Kint=100 fe.size=74100 w.rows=741 w.cols=100 lchoose=741 areaidx.len=741 areaidx.range=0..40
[modMDM_BYM2_GH_v2] add_dataset start: nObs=1442 Kint=100 fe.size=144200 w.rows=1442 w.cols=100 lchoose=1442 areaidx.len=1442 areaidx.range=0..37
[modMDM_BYM2_GH_v2] add_dataset start: nObs=572 Kint=16 fe.size=9152 w.rows=572 w.cols=16 lchoose=572 areaidx.len=572 areaidx.range=0..40
[modMDM_BYM2_GH_v2] add_dataset start: nObs=806 Kint=21 fe.size=16926 w.rows=806 w.cols=21 lchoose=806 areaidx.len=806 areaidx.range=0..37
[modMDM_BYM2_GH_v2] sizes: nUrbM=741 nRurM=1442 nUrbD=572 nRurD=806 nAreas=41 KUrbM=100 KRurM=100 KUrbD=16 KRurD=21 Q=10
[modMDM_BYM2_GH_v2] about to multiply Q_bym2 by u_bym2 (nAreas=41)
[modMDM_BYM2_GH_v2] completed Q_bym2 * u_bym2 multiply
[modMDM_BYM2_GH_v2] add_dataset start: nObs=741 Kint=100 fe.size=74100 w.rows=741 w.cols=100 lchoose=741 areaidx.len=741 areaidx.range=0..40
[modMDM_BYM2_GH_v2] add_dataset start: nObs=1442 Kint=100 fe.size=144200 w.rows=1442 w.cols=100 lchoose=1442 areaidx.len=1442 areaidx.range=0..37
[modMDM_BYM2_GH_v2] add_dataset start: nObs=572 Kint=16 fe.size=9152 w.rows=572 w.cols=16 lchoose=572 areaidx.len=572 areaidx.range=0..40
[modMDM_BYM2_GH_v2] add_dataset start: nObs=806 Kint=21 fe.size=16926 w.rows=806 w.cols=21 lchoose=806 areaidx.len=806 areaidx.range=0..37
[modMDM_BYM2_GH_v2] sizes: nUrbM=741 nRurM=1442 nUrbD=572 nRurD=806 nAreas=41 KUrbM=100 KRurM=100 KUrbD=16 KRurD=21 Q=10
[modMDM_BYM2_GH_v2] about to multiply Q_bym2 by u_bym2 (nAreas=41)
[modMDM_BYM2_GH_v2] completed Q_bym2 * u_bym2 multiply
[modMDM_BYM2_GH_v2] add_dataset start: nObs=741 Kint=100 fe.size=74100 w.rows=741 w.cols=100 lchoose=741 areaidx.len=741 areaidx.range=0..40
[modMDM_BYM2_GH_v2] add_dataset start: nObs=1442 Kint=100 fe.size=144200 w.rows=1442 w.cols=100 lchoose=1442 areaidx.len=1442 areaidx.range=0..37
[modMDM_BYM2_GH_v2] add_dataset start: nObs=572 Kint=16 fe.size=9152 w.rows=572 w.cols=16 lchoose=572 areaidx.len=572 areaidx.range=0..40
[modMDM_BYM2_GH_v2] add_dataset start: nObs=806 Kint=21 fe.size=16926 w.rows=806 w.cols=21 lchoose=806 areaidx.len=806 areaidx.range=0..37
[modMDM_BYM2_GH_v2] sizes: nUrbM=741 nRurM=1442 nUrbD=572 nRurD=806 nAreas=41 KUrbM=100 KRurM=100 KUrbD=16 KRurD=21 Q=10
[modMDM_BYM2_GH_v2] about to multiply Q_bym2 by u_bym2 (nAreas=41)
[modMDM_BYM2_GH_v2] completed Q_bym2 * u_bym2 multiply
[modMDM_BYM2_GH_v2] add_dataset start: nObs=741 Kint=100 fe.size=74100 w.rows=741 w.cols=100 lchoose=741 areaidx.len=741 areaidx.range=0..40
[modMDM_BYM2_GH_v2] add_dataset start: nObs=1442 Kint=100 fe.size=144200 w.rows=1442 w.cols=100 lchoose=1442 areaidx.len=1442 areaidx.range=0..37
[modMDM_BYM2_GH_v2] add_dataset start: nObs=572 Kint=16 fe.size=9152 w.rows=572 w.cols=16 lchoose=572 areaidx.len=572 areaidx.range=0..40
[modMDM_BYM2_GH_v2] add_dataset start: nObs=806 Kint=21 fe.size=16926 w.rows=806 w.cols=21 lchoose=806 areaidx.len=806 areaidx.range=0..37
[modMDM_BYM2_GH_v2] sizes: nUrbM=741 nRurM=1442 nUrbD=572 nRurD=806 nAreas=41 KUrbM=100 KRurM=100 KUrbD=16 KRurD=21 Q=10
[modMDM_BYM2_GH_v2] about to multiply Q_bym2 by u_bym2 (nAreas=41)
[modMDM_BYM2_GH_v2] completed Q_bym2 * u_bym2 multiply
[modMDM_BYM2_GH_v2] add_dataset start: nObs=741 Kint=100 fe.size=74100 w.rows=741 w.cols=100 lchoose=741 areaidx.len=741 areaidx.range=0..40
[modMDM_BYM2_GH_v2] add_dataset start: nObs=1442 Kint=100 fe.size=144200 w.rows=1442 w.cols=100 lchoose=1442 areaidx.len=1442 areaidx.range=0..37
[modMDM_BYM2_GH_v2] add_dataset start: nObs=572 Kint=16 fe.size=9152 w.rows=572 w.cols=16 lchoose=572 areaidx.len=572 areaidx.range=0..40
[modMDM_BYM2_GH_v2] add_dataset start: nObs=806 Kint=21 fe.size=16926 w.rows=806 w.cols=21 lchoose=806 areaidx.len=806 areaidx.range=0..37
[modMDM_BYM2_GH_v2] sizes: nUrbM=741 nRurM=1442 nUrbD=572 nRurD=806 nAreas=41 KUrbM=100 KRurM=100 KUrbD=16 KRurD=21 Q=10
[modMDM_BYM2_GH_v2] about to multiply Q_bym2 by u_bym2 (nAreas=41)
[modMDM_BYM2_GH_v2] completed Q_bym2 * u_bym2 multiply
[modMDM_BYM2_GH_v2] add_dataset start: nObs=741 Kint=100 fe.size=74100 w.rows=741 w.cols=100 lchoose=741 areaidx.len=741 areaidx.range=0..40
[modMDM_BYM2_GH_v2] add_dataset start: nObs=1442 Kint=100 fe.size=144200 w.rows=1442 w.cols=100 lchoose=1442 areaidx.len=1442 areaidx.range=0..37
[modMDM_BYM2_GH_v2] add_dataset start: nObs=572 Kint=16 fe.size=9152 w.rows=572 w.cols=16 lchoose=572 areaidx.len=572 areaidx.range=0..40
[modMDM_BYM2_GH_v2] add_dataset start: nObs=806 Kint=21 fe.size=16926 w.rows=806 w.cols=21 lchoose=806 areaidx.len=806 areaidx.range=0..37
[modMDM_BYM2_GH_v2] sizes: nUrbM=741 nRurM=1442 nUrbD=572 nRurD=806 nAreas=41 KUrbM=100 KRurM=100 KUrbD=16 KRurD=21 Q=10
[modMDM_BYM2_GH_v2] about to multiply Q_bym2 by u_bym2 (nAreas=41)
[modMDM_BYM2_GH_v2] completed Q_bym2 * u_bym2 multiply
[modMDM_BYM2_GH_v2] add_dataset start: nObs=741 Kint=100 fe.size=74100 w.rows=741 w.cols=100 lchoose=741 areaidx.len=741 areaidx.range=0..40
[modMDM_BYM2_GH_v2] add_dataset start: nObs=1442 Kint=100 fe.size=144200 w.rows=1442 w.cols=100 lchoose=1442 areaidx.len=1442 areaidx.range=0..37
[modMDM_BYM2_GH_v2] add_dataset start: nObs=572 Kint=16 fe.size=9152 w.rows=572 w.cols=16 lchoose=572 areaidx.len=572 areaidx.range=0..40
[modMDM_BYM2_GH_v2] add_dataset start: nObs=806 Kint=21 fe.size=16926 w.rows=806 w.cols=21 lchoose=806 areaidx.len=806 areaidx.range=0..37
[modMDM_BYM2_GH_v2] sizes: nUrbM=741 nRurM=1442 nUrbD=572 nRurD=806 nAreas=41 KUrbM=100 KRurM=100 KUrbD=16 KRurD=21 Q=10
[modMDM_BYM2_GH_v2] about to multiply Q_bym2 by u_bym2 (nAreas=41)
[modMDM_BYM2_GH_v2] completed Q_bym2 * u_bym2 multiply
[modMDM_BYM2_GH_v2] add_dataset start: nObs=741 Kint=100 fe.size=74100 w.rows=741 w.cols=100 lchoose=741 areaidx.len=741 areaidx.range=0..40
[modMDM_BYM2_GH_v2] add_dataset start: nObs=1442 Kint=100 fe.size=144200 w.rows=1442 w.cols=100 lchoose=1442 areaidx.len=1442 areaidx.range=0..37
[modMDM_BYM2_GH_v2] add_dataset start: nObs=572 Kint=16 fe.size=9152 w.rows=572 w.cols=16 lchoose=572 areaidx.len=572 areaidx.range=0..40
[modMDM_BYM2_GH_v2] add_dataset start: nObs=806 Kint=21 fe.size=16926 w.rows=806 w.cols=21 lchoose=806 areaidx.len=806 areaidx.range=0..37
[modMDM_BYM2_GH_v2] sizes: nUrbM=741 nRurM=1442 nUrbD=572 nRurD=806 nAreas=41 KUrbM=100 KRurM=100 KUrbD=16 KRurD=21 Q=10
[modMDM_BYM2_GH_v2] about to multiply Q_bym2 by u_bym2 (nAreas=41)
[modMDM_BYM2_GH_v2] completed Q_bym2 * u_bym2 multiply
[modMDM_BYM2_GH_v2] add_dataset start: nObs=741 Kint=100 fe.size=74100 w.rows=741 w.cols=100 lchoose=741 areaidx.len=741 areaidx.range=0..40
[modMDM_BYM2_GH_v2] add_dataset start: nObs=1442 Kint=100 fe.size=144200 w.rows=1442 w.cols=100 lchoose=1442 areaidx.len=1442 areaidx.range=0..37
[modMDM_BYM2_GH_v2] add_dataset start: nObs=572 Kint=16 fe.size=9152 w.rows=572 w.cols=16 lchoose=572 areaidx.len=572 areaidx.range=0..40
[modMDM_BYM2_GH_v2] add_dataset start: nObs=806 Kint=21 fe.size=16926 w.rows=806 w.cols=21 lchoose=806 areaidx.len=806 areaidx.range=0..37
[modMDM_BYM2_GH_v2] sizes: nUrbM=741 nRurM=1442 nUrbD=572 nRurD=806 nAreas=41 KUrbM=100 KRurM=100 KUrbD=16 KRurD=21 Q=10
[modMDM_BYM2_GH_v2] about to multiply Q_bym2 by u_bym2 (nAreas=41)
[modMDM_BYM2_GH_v2] completed Q_bym2 * u_bym2 multiply
[modMDM_BYM2_GH_v2] add_dataset start: nObs=741 Kint=100 fe.size=74100 w.rows=741 w.cols=100 lchoose=741 areaidx.len=741 areaidx.range=0..40
[modMDM_BYM2_GH_v2] add_dataset start: nObs=1442 Kint=100 fe.size=144200 w.rows=1442 w.cols=100 lchoose=1442 areaidx.len=1442 areaidx.range=0..37
[modMDM_BYM2_GH_v2] add_dataset start: nObs=572 Kint=16 fe.size=9152 w.rows=572 w.cols=16 lchoose=572 areaidx.len=572 areaidx.range=0..40
[modMDM_BYM2_GH_v2] add_dataset start: nObs=806 Kint=21 fe.size=16926 w.rows=806 w.cols=21 lchoose=806 areaidx.len=806 areaidx.range=0..37
[modMDM_BYM2_GH_v2] sizes: nUrbM=741 nRurM=1442 nUrbD=572 nRurD=806 nAreas=41 KUrbM=100 KRurM=100 KUrbD=16 KRurD=21 Q=10
[modMDM_BYM2_GH_v2] about to multiply Q_bym2 by u_bym2 (nAreas=41)
[modMDM_BYM2_GH_v2] completed Q_bym2 * u_bym2 multiply
[modMDM_BYM2_GH_v2] add_dataset start: nObs=741 Kint=100 fe.size=74100 w.rows=741 w.cols=100 lchoose=741 areaidx.len=741 areaidx.range=0..40
[modMDM_BYM2_GH_v2] add_dataset start: nObs=1442 Kint=100 fe.size=144200 w.rows=1442 w.cols=100 lchoose=1442 areaidx.len=1442 areaidx.range=0..37
[modMDM_BYM2_GH_v2] add_dataset start: nObs=572 Kint=16 fe.size=9152 w.rows=572 w.cols=16 lchoose=572 areaidx.len=572 areaidx.range=0..40
[modMDM_BYM2_GH_v2] add_dataset start: nObs=806 Kint=21 fe.size=16926 w.rows=806 w.cols=21 lchoose=806 areaidx.len=806 areaidx.range=0..37
[modMDM_BYM2_GH_v2] sizes: nUrbM=741 nRurM=1442 nUrbD=572 nRurD=806 nAreas=41 KUrbM=100 KRurM=100 KUrbD=16 KRurD=21 Q=10
[modMDM_BYM2_GH_v2] about to multiply Q_bym2 by u_bym2 (nAreas=41)
[modMDM_BYM2_GH_v2] completed Q_bym2 * u_bym2 multiply
[modMDM_BYM2_GH_v2] add_dataset start: nObs=741 Kint=100 fe.size=74100 w.rows=741 w.cols=100 lchoose=741 areaidx.len=741 areaidx.range=0..40
[modMDM_BYM2_GH_v2] add_dataset start: nObs=1442 Kint=100 fe.size=144200 w.rows=1442 w.cols=100 lchoose=1442 areaidx.len=1442 areaidx.range=0..37
[modMDM_BYM2_GH_v2] add_dataset start: nObs=572 Kint=16 fe.size=9152 w.rows=572 w.cols=16 lchoose=572 areaidx.len=572 areaidx.range=0..40
[modMDM_BYM2_GH_v2] add_dataset start: nObs=806 Kint=21 fe.size=16926 w.rows=806 w.cols=21 lchoose=806 areaidx.len=806 areaidx.range=0..37
[modMDM_BYM2_GH_v2] sizes: nUrbM=741 nRurM=1442 nUrbD=572 nRurD=806 nAreas=41 KUrbM=100 KRurM=100 KUrbD=16 KRurD=21 Q=10
[modMDM_BYM2_GH_v2] about to multiply Q_bym2 by u_bym2 (nAreas=41)
[modMDM_BYM2_GH_v2] completed Q_bym2 * u_bym2 multiply
[modMDM_BYM2_GH_v2] add_dataset start: nObs=741 Kint=100 fe.size=74100 w.rows=741 w.cols=100 lchoose=741 areaidx.len=741 areaidx.range=0..40
[modMDM_BYM2_GH_v2] add_dataset start: nObs=1442 Kint=100 fe.size=144200 w.rows=1442 w.cols=100 lchoose=1442 areaidx.len=1442 areaidx.range=0..37
[modMDM_BYM2_GH_v2] add_dataset start: nObs=572 Kint=16 fe.size=9152 w.rows=572 w.cols=16 lchoose=572 areaidx.len=572 areaidx.range=0..40
[modMDM_BYM2_GH_v2] add_dataset start: nObs=806 Kint=21 fe.size=16926 w.rows=806 w.cols=21 lchoose=806 areaidx.len=806 areaidx.range=0..37
fit 75.8 min
% latex table generated in R 4.4.3 by xtable 1.8-4 package
% Wed May 20 17:29:39 2026
\begin{table}[ht]
\centering
\begin{tabular}{rrrrrr}
  \hline
 & Est & Q0.025 & Q0.1 & Q0.9 & Q0.975 \\ 
  \hline
(Int) & -1.39 & -1.57 & -1.50 & -1.27 & -1.20 \\ 
  urb & 1.07 & 0.88 & 0.95 & 1.19 & 1.25 \\ 
  access & 0.08 & -0.04 & 0.00 & 0.16 & 0.20 \\ 
  elev & -0.03 & -0.15 & -0.11 & 0.05 & 0.09 \\ 
  distRiversLakes & -0.07 & -0.18 & -0.15 & 0.00 & 0.04 \\ 
  popValsNorm & 0.62 & 0.39 & 0.47 & 0.77 & 0.85 \\ 
  sigmaSq & 0.52 & 0.31 & 0.37 & 0.70 & 0.83 \\ 
  phi & 0.23 & 0.01 & 0.03 & 0.53 & 0.75 \\ 
  sigmaEpsSq & 1.46 & 1.34 & 1.38 & 1.54 & 1.59 \\ 
   \hline
\end{tabular}
\end{table}
% latex table generated in R 4.4.3 by xtable 1.8-4 package
% Wed May 20 17:34:01 2026
\begin{table}[ht]
\centering
\begin{tabular}{rrrrrr}
  \hline
 & Est & Q0.025 & Q0.1 & Q0.9 & Q0.975 \\ 
  \hline
(Int) & -1.39 & -1.57 & -1.50 & -1.27 & -1.21 \\ 
  urb & 1.07 & 0.88 & 0.95 & 1.19 & 1.26 \\ 
  access & 0.08 & -0.04 & 0.00 & 0.16 & 0.20 \\ 
  elev & -0.03 & -0.15 & -0.11 & 0.05 & 0.09 \\ 
  distRiversLakes & -0.07 & -0.19 & -0.15 & 0.00 & 0.04 \\ 
  popValsNorm & 0.62 & 0.39 & 0.47 & 0.77 & 0.85 \\ 
  sigmaSq & 0.52 & 0.31 & 0.37 & 0.70 & 0.83 \\ 
  phi & 0.22 & 0.01 & 0.03 & 0.53 & 0.75 \\ 
  sigmaEpsSq & 1.46 & 1.34 & 1.38 & 1.54 & 1.59 \\ 
   \hline
\end{tabular}
\end{table}

##### [BYM2] sim 5 #####
  [Md_FE] fitting ... Warning in Matrix.DeprecatedCoerce(cd1, cd2) :
  'as(<dgTMatrix>, "dgCMatrix")' is deprecated.
Use 'as(., "CsparseMatrix")' instead.
See help("Deprecated") and help("Matrix-deprecated").
Warning in eigen.spam(tempQ, symmetric = TRUE) : 
 The eigenvalues are calculated with the function 'eigen' from the base package.
[1] "dyn.unload(dynlib('code/'))"
Warning: 4 external pointers will be removed
[1] "dyn.unload(dynlib('code/'))"
Warning in TMB::sdreport(obj, getJointPrecision = TRUE, bias.correct = TRUE,  :
  'bias.correct' does nothing without random effects
fit 0.0 min
  [Md] fitting ... Warning in Matrix.DeprecatedCoerce(cd1, cd2) :
  'as(<dgTMatrix>, "dgCMatrix")' is deprecated.
Use 'as(., "CsparseMatrix")' instead.
See help("Deprecated") and help("Matrix-deprecated").
Warning in eigen.spam(tempQ, symmetric = TRUE) : 
 The eigenvalues are calculated with the function 'eigen' from the base package.
[1] "dyn.unload(dynlib('code/'))"
[1] "compiling code/modM_DSepRepar.cpp..."
using C++ compiler: 'G__~1.EXE (GCC) 13.3.0'
make: Nothing to be done for 'all'.
[1] "optimizing for tol = 1e-06."
par:
   log_tau  logit_phi log_tauEps 
         0          0          0 
Error in MakeADHessObject(obj$env$data, obj$env$parameters, obj$env$reportenv,  : 
  Caught exception 'std::bad_alloc' in function 'MakeADHessObject2'


    FIT ERROR: initial value in 'vmmin' is not finite
    -> no score file written
  [M_D_FE] fitting ... Warning in Matrix.DeprecatedCoerce(cd1, cd2) :
  'as(<dgTMatrix>, "dgCMatrix")' is deprecated.
Use 'as(., "CsparseMatrix")' instead.
See help("Deprecated") and help("Matrix-deprecated").
Warning in eigen.spam(tempQ, symmetric = TRUE) : 
 The eigenvalues are calculated with the function 'eigen' from the base package.
[1] "dyn.unload(dynlib('code/'))"
Warning: 4 external pointers will be removed
[1] "dyn.unload(dynlib('code/'))"
Warning in TMB::sdreport(obj, getJointPrecision = TRUE, bias.correct = TRUE,  :
  'bias.correct' does nothing without random effects
fit 0.4 min
  [M_M_FE] fitting ... [1] "dyn.unload(dynlib('code/'))"

    FIT ERROR: Caught exception 'std::bad_alloc' in function 'MakeADFunObject'

    -> no score file written
  [M_DM_FE] fitting ... Warning in Matrix.DeprecatedCoerce(cd1, cd2) :
  'as(<dgTMatrix>, "dgCMatrix")' is deprecated.
Use 'as(., "CsparseMatrix")' instead.
See help("Deprecated") and help("Matrix-deprecated").
Warning in eigen.spam(tempQ, symmetric = TRUE) : 
 The eigenvalues are calculated with the function 'eigen' from the base package.
[1] "dyn.unload(dynlib('code/'))"
Warning: 1 external pointers will be removed
[1] "dyn.unload(dynlib('code/'))"
[modMDM_BYM2_GH_v2] sizes: nUrbM=741 nRurM=1442 nUrbD=572 nRurD=806 nAreas=41 KUrbM=100 KRurM=100 KUrbD=16 KRurD=21 Q=10
[modMDM_BYM2_GH_v2] about to multiply Q_bym2 by u_bym2 (nAreas=41)
[modMDM_BYM2_GH_v2] completed Q_bym2 * u_bym2 multiply
[modMDM_BYM2_GH_v2] add_dataset start: nObs=741 Kint=100 fe.size=74100 w.rows=741 w.cols=100 lchoose=741 areaidx.len=741 areaidx.range=0..40
[modMDM_BYM2_GH_v2] add_dataset start: nObs=1442 Kint=100 fe.size=144200 w.rows=1442 w.cols=100 lchoose=1442 areaidx.len=1442 areaidx.range=0..37
[modMDM_BYM2_GH_v2] add_dataset start: nObs=572 Kint=16 fe.size=9152 w.rows=572 w.cols=16 lchoose=572 areaidx.len=572 areaidx.range=0..40
[modMDM_BYM2_GH_v2] add_dataset start: nObs=806 Kint=21 fe.size=16926 w.rows=806 w.cols=21 lchoose=806 areaidx.len=806 areaidx.range=0..37
[modMDM_BYM2_GH_v2] sizes: nUrbM=741 nRurM=1442 nUrbD=572 nRurD=806 nAreas=41 KUrbM=100 KRurM=100 KUrbD=16 KRurD=21 Q=10
[modMDM_BYM2_GH_v2] about to multiply Q_bym2 by u_bym2 (nAreas=41)
[modMDM_BYM2_GH_v2] completed Q_bym2 * u_bym2 multiply
[modMDM_BYM2_GH_v2] add_dataset start: nObs=741 Kint=100 fe.size=74100 w.rows=741 w.cols=100 lchoose=741 areaidx.len=741 areaidx.range=0..40
[modMDM_BYM2_GH_v2] add_dataset start: nObs=1442 Kint=100 fe.size=144200 w.rows=1442 w.cols=100 lchoose=1442 areaidx.len=1442 areaidx.range=0..37
[modMDM_BYM2_GH_v2] add_dataset start: nObs=572 Kint=16 fe.size=9152 w.rows=572 w.cols=16 lchoose=572 areaidx.len=572 areaidx.range=0..40
[modMDM_BYM2_GH_v2] add_dataset start: nObs=806 Kint=21 fe.size=16926 w.rows=806 w.cols=21 lchoose=806 areaidx.len=806 areaidx.range=0..37
[modMDM_BYM2_GH_v2] sizes: nUrbM=741 nRurM=1442 nUrbD=572 nRurD=806 nAreas=41 KUrbM=100 KRurM=100 KUrbD=16 KRurD=21 Q=10
[modMDM_BYM2_GH_v2] about to multiply Q_bym2 by u_bym2 (nAreas=41)
[modMDM_BYM2_GH_v2] completed Q_bym2 * u_bym2 multiply
[modMDM_BYM2_GH_v2] add_dataset start: nObs=741 Kint=100 fe.size=74100 w.rows=741 w.cols=100 lchoose=741 areaidx.len=741 areaidx.range=0..40
[modMDM_BYM2_GH_v2] add_dataset start: nObs=1442 Kint=100 fe.size=144200 w.rows=1442 w.cols=100 lchoose=1442 areaidx.len=1442 areaidx.range=0..37
[modMDM_BYM2_GH_v2] add_dataset start: nObs=572 Kint=16 fe.size=9152 w.rows=572 w.cols=16 lchoose=572 areaidx.len=572 areaidx.range=0..40
[modMDM_BYM2_GH_v2] add_dataset start: nObs=806 Kint=21 fe.size=16926 w.rows=806 w.cols=21 lchoose=806 areaidx.len=806 areaidx.range=0..37
[modMDM_BYM2_GH_v2] sizes: nUrbM=741 nRurM=1442 nUrbD=572 nRurD=806 nAreas=41 KUrbM=100 KRurM=100 KUrbD=16 KRurD=21 Q=10
[modMDM_BYM2_GH_v2] about to multiply Q_bym2 by u_bym2 (nAreas=41)
[modMDM_BYM2_GH_v2] completed Q_bym2 * u_bym2 multiply
[modMDM_BYM2_GH_v2] add_dataset start: nObs=741 Kint=100 fe.size=74100 w.rows=741 w.cols=100 lchoose=741 areaidx.len=741 areaidx.range=0..40
[modMDM_BYM2_GH_v2] add_dataset start: nObs=1442 Kint=100 fe.size=144200 w.rows=1442 w.cols=100 lchoose=1442 areaidx.len=1442 areaidx.range=0..37
[modMDM_BYM2_GH_v2] add_dataset start: nObs=572 Kint=16 fe.size=9152 w.rows=572 w.cols=16 lchoose=572 areaidx.len=572 areaidx.range=0..40
[modMDM_BYM2_GH_v2] add_dataset start: nObs=806 Kint=21 fe.size=16926 w.rows=806 w.cols=21 lchoose=806 areaidx.len=806 areaidx.range=0..37

    FIT ERROR: Caught exception 'std::bad_alloc' in function 'MakeADFunObject'

    -> no score file written
  [M_D_BYM2] fitting ... Warning in Matrix.DeprecatedCoerce(cd1, cd2) :
  'as(<dgTMatrix>, "dgCMatrix")' is deprecated.
Use 'as(., "CsparseMatrix")' instead.
See help("Deprecated") and help("Matrix-deprecated").
Warning in eigen.spam(tempQ, symmetric = TRUE) : 
 The eigenvalues are calculated with the function 'eigen' from the base package.
Warning in Matrix.DeprecatedCoerce(cd1, cd2) :
  'as(<dgTMatrix>, "dgCMatrix")' is deprecated.
Use 'as(., "CsparseMatrix")' instead.
See help("Deprecated") and help("Matrix-deprecated").
Warning in eigen.spam(tempQ, symmetric = TRUE) : 
 The eigenvalues are calculated with the function 'eigen' from the base package.
[1] "dyn.unload(dynlib('code/'))"
Warning: 1 external pointers will be removed
[1] "dyn.unload(dynlib('code/'))"
[1] "dyn.unload(dynlib('code/'))"
fit 0.3 min
% latex table generated in R 4.4.3 by xtable 1.8-4 package
% Wed May 20 19:12:48 2026
\begin{table}[ht]
\centering
\begin{tabular}{rrrrrr}
  \hline
 & Est & Q0.025 & Q0.1 & Q0.9 & Q0.975 \\ 
  \hline
(Int) & -1.17 & -1.35 & -1.29 & -1.06 & -0.99 \\ 
  urb & 0.96 & 0.75 & 0.82 & 1.11 & 1.18 \\ 
  access & -0.01 & -0.12 & -0.08 & 0.06 & 0.09 \\ 
  elev & -0.13 & -0.20 & -0.17 & -0.08 & -0.05 \\ 
  distRiversLakes & 0.08 & 0.01 & 0.03 & 0.13 & 0.16 \\ 
  popValsNorm & 0.40 & 0.18 & 0.25 & 0.55 & 0.63 \\ 
  sigmaSq & 2.06 & 0.09 & 0.22 & 4.49 & 10.13 \\ 
  phi & 0.51 & 0.04 & 0.11 & 0.90 & 0.96 \\ 
  sigmaEpsSq & 1.78 & 1.59 & 1.66 & 1.91 & 1.99 \\ 
   \hline
\end{tabular}
\end{table}
% latex table generated in R 4.4.3 by xtable 1.8-4 package
% Wed May 20 19:26:29 2026
\begin{table}[ht]
\centering
\begin{tabular}{rrrrrr}
  \hline
 & Est & Q0.025 & Q0.1 & Q0.9 & Q0.975 \\ 
  \hline
(Int) & -1.17 & -1.35 & -1.29 & -1.06 & -1.00 \\ 
  urb & 0.96 & 0.74 & 0.82 & 1.10 & 1.19 \\ 
  access & -0.01 & -0.12 & -0.09 & 0.06 & 0.10 \\ 
  elev & -0.13 & -0.20 & -0.17 & -0.08 & -0.05 \\ 
  distRiversLakes & 0.08 & 0.00 & 0.03 & 0.13 & 0.15 \\ 
  popValsNorm & 0.40 & 0.18 & 0.26 & 0.55 & 0.64 \\ 
  sigmaSq & 2.09 & 0.09 & 0.22 & 4.94 & 10.10 \\ 
  phi & 0.51 & 0.04 & 0.11 & 0.89 & 0.96 \\ 
  sigmaEpsSq & 1.78 & 1.59 & 1.65 & 1.91 & 1.98 \\ 
   \hline
\end{tabular}
\end{table}
  [M_M_BYM2] fitting ... Warning in Matrix.DeprecatedCoerce(cd1, cd2) :
  'as(<dgTMatrix>, "dgCMatrix")' is deprecated.
Use 'as(., "CsparseMatrix")' instead.
See help("Deprecated") and help("Matrix-deprecated").
Warning in eigen.spam(tempQ, symmetric = TRUE) : 
 The eigenvalues are calculated with the function 'eigen' from the base package.
[1] "dyn.unload(dynlib('code/'))"
[1] "dyn.unload(dynlib('code/'))"
Warning: 3 external pointers will be removed
[1] "dyn.unload(dynlib('code/'))"

    FIT ERROR: initial value in 'vmmin' is not finite
    -> no score file written
  [M_DM_BYM2] fitting ... Warning in Matrix.DeprecatedCoerce(cd1, cd2) :
  'as(<dgTMatrix>, "dgCMatrix")' is deprecated.
Use 'as(., "CsparseMatrix")' instead.
See help("Deprecated") and help("Matrix-deprecated").
Warning in eigen.spam(tempQ, symmetric = TRUE) : 
 The eigenvalues are calculated with the function 'eigen' from the base package.
Warning in Matrix.DeprecatedCoerce(cd1, cd2) :
  'as(<dgTMatrix>, "dgCMatrix")' is deprecated.
Use 'as(., "CsparseMatrix")' instead.
See help("Deprecated") and help("Matrix-deprecated").
Warning in eigen.spam(tempQ, symmetric = TRUE) : 
 The eigenvalues are calculated with the function 'eigen' from the base package.
[1] "dyn.unload(dynlib('code/'))"
Warning: 4 external pointers will be removed
[1] "dyn.unload(dynlib('code/'))"
[modMDM_BYM2_GH_v2] sizes: nUrbM=741 nRurM=1442 nUrbD=572 nRurD=806 nAreas=41 KUrbM=100 KRurM=100 KUrbD=16 KRurD=21 Q=10
[modMDM_BYM2_GH_v2] about to multiply Q_bym2 by u_bym2 (nAreas=41)
[modMDM_BYM2_GH_v2] completed Q_bym2 * u_bym2 multiply
[modMDM_BYM2_GH_v2] add_dataset start: nObs=741 Kint=100 fe.size=74100 w.rows=741 w.cols=100 lchoose=741 areaidx.len=741 areaidx.range=0..40
[modMDM_BYM2_GH_v2] add_dataset start: nObs=1442 Kint=100 fe.size=144200 w.rows=1442 w.cols=100 lchoose=1442 areaidx.len=1442 areaidx.range=0..37
[modMDM_BYM2_GH_v2] add_dataset start: nObs=572 Kint=16 fe.size=9152 w.rows=572 w.cols=16 lchoose=572 areaidx.len=572 areaidx.range=0..40
[modMDM_BYM2_GH_v2] add_dataset start: nObs=806 Kint=21 fe.size=16926 w.rows=806 w.cols=21 lchoose=806 areaidx.len=806 areaidx.range=0..37
[modMDM_BYM2_GH_v2] sizes: nUrbM=741 nRurM=1442 nUrbD=572 nRurD=806 nAreas=41 KUrbM=100 KRurM=100 KUrbD=16 KRurD=21 Q=10
[modMDM_BYM2_GH_v2] about to multiply Q_bym2 by u_bym2 (nAreas=41)
[modMDM_BYM2_GH_v2] completed Q_bym2 * u_bym2 multiply
[modMDM_BYM2_GH_v2] add_dataset start: nObs=741 Kint=100 fe.size=74100 w.rows=741 w.cols=100 lchoose=741 areaidx.len=741 areaidx.range=0..40
[modMDM_BYM2_GH_v2] add_dataset start: nObs=1442 Kint=100 fe.size=144200 w.rows=1442 w.cols=100 lchoose=1442 areaidx.len=1442 areaidx.range=0..37
[modMDM_BYM2_GH_v2] add_dataset start: nObs=572 Kint=16 fe.size=9152 w.rows=572 w.cols=16 lchoose=572 areaidx.len=572 areaidx.range=0..40
[modMDM_BYM2_GH_v2] add_dataset start: nObs=806 Kint=21 fe.size=16926 w.rows=806 w.cols=21 lchoose=806 areaidx.len=806 areaidx.range=0..37
[modMDM_BYM2_GH_v2] sizes: nUrbM=741 nRurM=1442 nUrbD=572 nRurD=806 nAreas=41 KUrbM=100 KRurM=100 KUrbD=16 KRurD=21 Q=10
[modMDM_BYM2_GH_v2] about to multiply Q_bym2 by u_bym2 (nAreas=41)
[modMDM_BYM2_GH_v2] completed Q_bym2 * u_bym2 multiply
[modMDM_BYM2_GH_v2] add_dataset start: nObs=741 Kint=100 fe.size=74100 w.rows=741 w.cols=100 lchoose=741 areaidx.len=741 areaidx.range=0..40
[modMDM_BYM2_GH_v2] add_dataset start: nObs=1442 Kint=100 fe.size=144200 w.rows=1442 w.cols=100 lchoose=1442 areaidx.len=1442 areaidx.range=0..37
[modMDM_BYM2_GH_v2] add_dataset start: nObs=572 Kint=16 fe.size=9152 w.rows=572 w.cols=16 lchoose=572 areaidx.len=572 areaidx.range=0..40
[modMDM_BYM2_GH_v2] add_dataset start: nObs=806 Kint=21 fe.size=16926 w.rows=806 w.cols=21 lchoose=806 areaidx.len=806 areaidx.range=0..37
[modMDM_BYM2_GH_v2] sizes: nUrbM=741 nRurM=1442 nUrbD=572 nRurD=806 nAreas=41 KUrbM=100 KRurM=100 KUrbD=16 KRurD=21 Q=10
[modMDM_BYM2_GH_v2] about to multiply Q_bym2 by u_bym2 (nAreas=41)
[modMDM_BYM2_GH_v2] completed Q_bym2 * u_bym2 multiply
[modMDM_BYM2_GH_v2] add_dataset start: nObs=741 Kint=100 fe.size=74100 w.rows=741 w.cols=100 lchoose=741 areaidx.len=741 areaidx.range=0..40
[modMDM_BYM2_GH_v2] add_dataset start: nObs=1442 Kint=100 fe.size=144200 w.rows=1442 w.cols=100 lchoose=1442 areaidx.len=1442 areaidx.range=0..37
[modMDM_BYM2_GH_v2] add_dataset start: nObs=572 Kint=16 fe.size=9152 w.rows=572 w.cols=16 lchoose=572 areaidx.len=572 areaidx.range=0..40
[modMDM_BYM2_GH_v2] add_dataset start: nObs=806 Kint=21 fe.size=16926 w.rows=806 w.cols=21 lchoose=806 areaidx.len=806 areaidx.range=0..37
[1] "dyn.unload(dynlib('code/'))"
Warning: 3 external pointers will be removed
[1] "dyn.unload(dynlib('code/'))"
[modMDM_BYM2_GH_v2] sizes: nUrbM=741 nRurM=1442 nUrbD=572 nRurD=806 nAreas=41 KUrbM=100 KRurM=100 KUrbD=16 KRurD=21 Q=10
[modMDM_BYM2_GH_v2] about to multiply Q_bym2 by u_bym2 (nAreas=41)
[modMDM_BYM2_GH_v2] completed Q_bym2 * u_bym2 multiply
[modMDM_BYM2_GH_v2] add_dataset start: nObs=741 Kint=100 fe.size=74100 w.rows=741 w.cols=100 lchoose=741 areaidx.len=741 areaidx.range=0..40
[modMDM_BYM2_GH_v2] add_dataset start: nObs=1442 Kint=100 fe.size=144200 w.rows=1442 w.cols=100 lchoose=1442 areaidx.len=1442 areaidx.range=0..37
[modMDM_BYM2_GH_v2] add_dataset start: nObs=572 Kint=16 fe.size=9152 w.rows=572 w.cols=16 lchoose=572 areaidx.len=572 areaidx.range=0..40
[modMDM_BYM2_GH_v2] add_dataset start: nObs=806 Kint=21 fe.size=16926 w.rows=806 w.cols=21 lchoose=806 areaidx.len=806 areaidx.range=0..37
[modMDM_BYM2_GH_v2] sizes: nUrbM=741 nRurM=1442 nUrbD=572 nRurD=806 nAreas=41 KUrbM=100 KRurM=100 KUrbD=16 KRurD=21 Q=10
[modMDM_BYM2_GH_v2] about to multiply Q_bym2 by u_bym2 (nAreas=41)
[modMDM_BYM2_GH_v2] completed Q_bym2 * u_bym2 multiply
[modMDM_BYM2_GH_v2] add_dataset start: nObs=741 Kint=100 fe.size=74100 w.rows=741 w.cols=100 lchoose=741 areaidx.len=741 areaidx.range=0..40
[modMDM_BYM2_GH_v2] add_dataset start: nObs=1442 Kint=100 fe.size=144200 w.rows=1442 w.cols=100 lchoose=1442 areaidx.len=1442 areaidx.range=0..37
[modMDM_BYM2_GH_v2] add_dataset start: nObs=572 Kint=16 fe.size=9152 w.rows=572 w.cols=16 lchoose=572 areaidx.len=572 areaidx.range=0..40
[modMDM_BYM2_GH_v2] add_dataset start: nObs=806 Kint=21 fe.size=16926 w.rows=806 w.cols=21 lchoose=806 areaidx.len=806 areaidx.range=0..37
[modMDM_BYM2_GH_v2] sizes: nUrbM=741 nRurM=1442 nUrbD=572 nRurD=806 nAreas=41 KUrbM=100 KRurM=100 KUrbD=16 KRurD=21 Q=10
[modMDM_BYM2_GH_v2] about to multiply Q_bym2 by u_bym2 (nAreas=41)
[modMDM_BYM2_GH_v2] completed Q_bym2 * u_bym2 multiply
[modMDM_BYM2_GH_v2] add_dataset start: nObs=741 Kint=100 fe.size=74100 w.rows=741 w.cols=100 lchoose=741 areaidx.len=741 areaidx.range=0..40
[modMDM_BYM2_GH_v2] add_dataset start: nObs=1442 Kint=100 fe.size=144200 w.rows=1442 w.cols=100 lchoose=1442 areaidx.len=1442 areaidx.range=0..37
[modMDM_BYM2_GH_v2] add_dataset start: nObs=572 Kint=16 fe.size=9152 w.rows=572 w.cols=16 lchoose=572 areaidx.len=572 areaidx.range=0..40
[modMDM_BYM2_GH_v2] add_dataset start: nObs=806 Kint=21 fe.size=16926 w.rows=806 w.cols=21 lchoose=806 areaidx.len=806 areaidx.range=0..37
[modMDM_BYM2_GH_v2] sizes: nUrbM=741 nRurM=1442 nUrbD=572 nRurD=806 nAreas=41 KUrbM=100 KRurM=100 KUrbD=16 KRurD=21 Q=10
[modMDM_BYM2_GH_v2] about to multiply Q_bym2 by u_bym2 (nAreas=41)
[modMDM_BYM2_GH_v2] completed Q_bym2 * u_bym2 multiply
[modMDM_BYM2_GH_v2] add_dataset start: nObs=741 Kint=100 fe.size=74100 w.rows=741 w.cols=100 lchoose=741 areaidx.len=741 areaidx.range=0..40
[modMDM_BYM2_GH_v2] add_dataset start: nObs=1442 Kint=100 fe.size=144200 w.rows=1442 w.cols=100 lchoose=1442 areaidx.len=1442 areaidx.range=0..37
[modMDM_BYM2_GH_v2] add_dataset start: nObs=572 Kint=16 fe.size=9152 w.rows=572 w.cols=16 lchoose=572 areaidx.len=572 areaidx.range=0..40
[modMDM_BYM2_GH_v2] add_dataset start: nObs=806 Kint=21 fe.size=16926 w.rows=806 w.cols=21 lchoose=806 areaidx.len=806 areaidx.range=0..37
[modMDM_BYM2_GH_v2] sizes: nUrbM=741 nRurM=1442 nUrbD=572 nRurD=806 nAreas=41 KUrbM=100 KRurM=100 KUrbD=16 KRurD=21 Q=10
[modMDM_BYM2_GH_v2] about to multiply Q_bym2 by u_bym2 (nAreas=41)
[modMDM_BYM2_GH_v2] completed Q_bym2 * u_bym2 multiply
[modMDM_BYM2_GH_v2] add_dataset start: nObs=741 Kint=100 fe.size=74100 w.rows=741 w.cols=100 lchoose=741 areaidx.len=741 areaidx.range=0..40
[modMDM_BYM2_GH_v2] add_dataset start: nObs=1442 Kint=100 fe.size=144200 w.rows=1442 w.cols=100 lchoose=1442 areaidx.len=1442 areaidx.range=0..37
[modMDM_BYM2_GH_v2] add_dataset start: nObs=572 Kint=16 fe.size=9152 w.rows=572 w.cols=16 lchoose=572 areaidx.len=572 areaidx.range=0..40
[modMDM_BYM2_GH_v2] add_dataset start: nObs=806 Kint=21 fe.size=16926 w.rows=806 w.cols=21 lchoose=806 areaidx.len=806 areaidx.range=0..37
[modMDM_BYM2_GH_v2] sizes: nUrbM=741 nRurM=1442 nUrbD=572 nRurD=806 nAreas=41 KUrbM=100 KRurM=100 KUrbD=16 KRurD=21 Q=10
[modMDM_BYM2_GH_v2] about to multiply Q_bym2 by u_bym2 (nAreas=41)
[modMDM_BYM2_GH_v2] completed Q_bym2 * u_bym2 multiply
[modMDM_BYM2_GH_v2] add_dataset start: nObs=741 Kint=100 fe.size=74100 w.rows=741 w.cols=100 lchoose=741 areaidx.len=741 areaidx.range=0..40
[modMDM_BYM2_GH_v2] add_dataset start: nObs=1442 Kint=100 fe.size=144200 w.rows=1442 w.cols=100 lchoose=1442 areaidx.len=1442 areaidx.range=0..37
[modMDM_BYM2_GH_v2] add_dataset start: nObs=572 Kint=16 fe.size=9152 w.rows=572 w.cols=16 lchoose=572 areaidx.len=572 areaidx.range=0..40
[modMDM_BYM2_GH_v2] add_dataset start: nObs=806 Kint=21 fe.size=16926 w.rows=806 w.cols=21 lchoose=806 areaidx.len=806 areaidx.range=0..37
[modMDM_BYM2_GH_v2] sizes: nUrbM=741 nRurM=1442 nUrbD=572 nRurD=806 nAreas=41 KUrbM=100 KRurM=100 KUrbD=16 KRurD=21 Q=10
[modMDM_BYM2_GH_v2] about to multiply Q_bym2 by u_bym2 (nAreas=41)
[modMDM_BYM2_GH_v2] completed Q_bym2 * u_bym2 multiply
[modMDM_BYM2_GH_v2] add_dataset start: nObs=741 Kint=100 fe.size=74100 w.rows=741 w.cols=100 lchoose=741 areaidx.len=741 areaidx.range=0..40
[modMDM_BYM2_GH_v2] add_dataset start: nObs=1442 Kint=100 fe.size=144200 w.rows=1442 w.cols=100 lchoose=1442 areaidx.len=1442 areaidx.range=0..37
[modMDM_BYM2_GH_v2] add_dataset start: nObs=572 Kint=16 fe.size=9152 w.rows=572 w.cols=16 lchoose=572 areaidx.len=572 areaidx.range=0..40
[modMDM_BYM2_GH_v2] add_dataset start: nObs=806 Kint=21 fe.size=16926 w.rows=806 w.cols=21 lchoose=806 areaidx.len=806 areaidx.range=0..37

    FIT ERROR: initial value in 'vmmin' is not finite
    -> no score file written

##### [BYM2] sim 6 #####
  [Md_FE] fitting ... Warning in Matrix.DeprecatedCoerce(cd1, cd2) :
  'as(<dgTMatrix>, "dgCMatrix")' is deprecated.
Use 'as(., "CsparseMatrix")' instead.
See help("Deprecated") and help("Matrix-deprecated").
Warning in eigen.spam(tempQ, symmetric = TRUE) : 
 The eigenvalues are calculated with the function 'eigen' from the base package.
[1] "dyn.unload(dynlib('code/'))"
[1] "dyn.unload(dynlib('code/'))"
Warning in TMB::sdreport(obj, getJointPrecision = TRUE, bias.correct = TRUE,  :
  'bias.correct' does nothing without random effects
fit 0.1 min
  [Md] fitting ... Warning in Matrix.DeprecatedCoerce(cd1, cd2) :
  'as(<dgTMatrix>, "dgCMatrix")' is deprecated.
Use 'as(., "CsparseMatrix")' instead.
See help("Deprecated") and help("Matrix-deprecated").
Warning in eigen.spam(tempQ, symmetric = TRUE) : 
 The eigenvalues are calculated with the function 'eigen' from the base package.
[1] "dyn.unload(dynlib('code/'))"
[1] "compiling code/modM_DSepRepar.cpp..."
using C++ compiler: 'G__~1.EXE (GCC) 13.3.0'
make: Nothing to be done for 'all'.
[1] "optimizing for tol = 1e-06."
par:
   log_tau  logit_phi log_tauEps 
         0          0          0 
iter: 1  value: 3762.353 mgc: 874.0409 ustep: 1 
iter: 2  value: 3699.349 mgc: 355.6043 ustep: 1 
iter: 3  value: 3697.951 mgc: 35.95366 ustep: 1 
iter: 4  value: 3697.948 mgc: 0.9429375 ustep: 1 
iter: 5  value: 3697.948 mgc: 0.00209927 ustep: 1 
iter: 6  value: 3697.948 mgc: 8.394233e-08 ustep: 1 
mgc: 6.384044e-14 
iter: 1  mgc: 6.384044e-14 
Matching hessian patterns... Done
outer mgc:  101.3509 
par:
    log_tau   logit_phi  log_tauEps 
 0.25670700 -0.02322879 -4.05403554 
iter: 1  value: 5699.138 mgc: 2.255119 ustep: 1 
iter: 2  value: 5655.476 mgc: 47.66014 ustep: 1 
iter: 3  value: 5647.312 mgc: 12.28028 ustep: 1 
iter: 4  value: 5646.587 mgc: 2.742755 ustep: 1 
iter: 5  value: 5646.576 mgc: 0.2721351 ustep: 1 
iter: 6  value: 5646.576 mgc: 0.005097332 ustep: 1 
iter: 7  value: 5646.576 mgc: 3.855571e-06 ustep: 1 
iter: 8  mgc: 4.876284e-12 
par:
     log_tau    logit_phi   log_tauEps 
 0.051341399 -0.004645758 -0.810807108 
iter: 1  value: 3916.192 mgc: 1.274842 ustep: 1 
iter: 2  value: 3915.58 mgc: 9.581429 ustep: 1 
iter: 3  value: 3915.58 mgc: 0.166271 ustep: 1 
iter: 4  value: 3915.58 mgc: 0.0001003928 ustep: 1 
iter: 5  mgc: 8.426556e-11 
par:
      log_tau     logit_phi    log_tauEps 
 0.0102682798 -0.0009291517 -0.1621614215 
iter: 1  value: 3732.64 mgc: 0.3435437 ustep: 1 
iter: 2  value: 3732.639 mgc: 0.5087397 ustep: 1 
iter: 3  value: 3732.639 mgc: 0.0002970927 ustep: 1 
iter: 4  mgc: 1.863128e-10 
iter: 1  mgc: 1.863128e-10 
outer mgc:  60.11142 
par:
   log_tau  logit_phi log_tauEps 
 5.0641096 -0.8071765 -0.3324262 
iter: 1  value: 3825.687 mgc: 612.0825 ustep: 1 
iter: 2  value: 3825.229 mgc: 9.448476 ustep: 1 
iter: 3  value: 3825.229 mgc: 0.09105065 ustep: 1 
iter: 4  value: 3825.229 mgc: 7.606392e-05 ustep: 1 
iter: 5  mgc: 8.003553e-11 
par:
   log_tau  logit_phi log_tauEps 
 1.0210365 -0.1621786 -0.1962144 
iter: 1  value: 3738.494 mgc: 6.930359 ustep: 1 
iter: 2  value: 3738.494 mgc: 0.1184094 ustep: 1 
iter: 3  value: 3738.494 mgc: 1.912319e-05 ustep: 1 
iter: 4  mgc: 4.655831e-12 
iter: 1  mgc: 4.655831e-12 
outer mgc:  48.50089 
par:
   log_tau  logit_phi log_tauEps 
 0.6033866 -2.5372568 -0.5378906 
iter: 1  value: 3836.103 mgc: 4.05273 ustep: 1 
iter: 2  value: 3836.074 mgc: 2.043925 ustep: 1 
iter: 3  value: 3836.074 mgc: 0.007482667 ustep: 1 
iter: 4  value: 3836.074 mgc: 1.399539e-07 ustep: 1 
iter: 5  mgc: 5.600729e-13 
iter: 1  mgc: 5.600729e-13 
outer mgc:  39.66324 
par:
   log_tau  logit_phi log_tauEps 
 0.5430994 -2.3488738 -0.3943699 
iter: 1  value: 3796.024 mgc: 0.4211471 ustep: 1 
iter: 2  value: 3796.023 mgc: 0.356956 ustep: 1 
iter: 3  value: 3796.023 mgc: 0.0001955301 ustep: 1 
iter: 4  mgc: 1.079972e-10 
iter: 1  mgc: 1.079972e-10 
outer mgc:  1.692082 
par:
   log_tau  logit_phi log_tauEps 
 0.6189524 -2.7192427 -0.3866750 
iter: 1  value: 3794.246 mgc: 0.6076816 ustep: 1 
iter: 2  value: 3794.246 mgc: 0.001593498 ustep: 1 
iter: 3  mgc: 6.262093e-09 
iter: 1  mgc: 6.262093e-09 
outer mgc:  0.7196693 
par:
   log_tau  logit_phi log_tauEps 
 0.5971476 -2.8549928 -0.3861961 
iter: 1  value: 3794.434 mgc: 0.1885821 ustep: 1 
iter: 2  value: 3794.434 mgc: 5.826567e-05 ustep: 1 
iter: 3  mgc: 5.925229e-12 
iter: 1  mgc: 5.925229e-12 
outer mgc:  0.3229637 
par:
   log_tau  logit_phi log_tauEps 
 0.5798566 -3.0246927 -0.3875482 
iter: 1  value: 3795.13 mgc: 0.2091111 ustep: 1 
iter: 2  value: 3795.13 mgc: 8.021469e-05 ustep: 1 
iter: 3  mgc: 2.163572e-11 
iter: 1  mgc: 2.163572e-11 
outer mgc:  0.01075677 
par:
   log_tau  logit_phi log_tauEps 
 0.5712492 -3.0321016 -0.3983050 
iter: 1  value: 3798.048 mgc: 0.02798351 ustep: 1 
iter: 2  value: 3798.048 mgc: 0.002054315 ustep: 1 
iter: 3  mgc: 6.675377e-09 
par:
   log_tau  logit_phi log_tauEps 
 0.5781351 -3.0261745 -0.3896996 
iter: 1  value: 3795.712 mgc: 0.005618639 ustep: 1 
iter: 2  value: 3795.712 mgc: 8.24744e-05 ustep: 1 
iter: 3  mgc: 1.087005e-11 
par:
   log_tau  logit_phi log_tauEps 
 0.5795123 -3.0249891 -0.3879785 
iter: 1  value: 3795.246 mgc: 0.001124608 ustep: 1 
iter: 2  value: 3795.246 mgc: 3.301391e-06 ustep: 1 
iter: 3  mgc: 2.194561e-13 
par:
   log_tau  logit_phi log_tauEps 
 0.5797877 -3.0247520 -0.3876343 
iter: 1  value: 3795.153 mgc: 0.0002249569 ustep: 1 
iter: 2  value: 3795.153 mgc: 1.320747e-07 ustep: 1 
iter: 3  mgc: 3.410558e-13 
[1] "completed optimization for tol = 1e-06"
iter: 1  mgc: 3.410558e-13 
outer mgc:  0.0117035 
iter: 1  value: 3795.148 mgc: 0.004051476 ustep: 1 
iter: 2  value: 3795.148 mgc: 7.974847e-08 ustep: 1 
iter: 3  mgc: 3.978637e-14 
outer mgc:  0.02398543 
iter: 1  value: 3795.158 mgc: 0.004046879 ustep: 1 
iter: 2  value: 3795.158 mgc: 7.961548e-08 ustep: 1 
iter: 3  mgc: 3.042283e-13 
outer mgc:  0.008546719 
iter: 1  value: 3795.152 mgc: 0.001079308 ustep: 1 
iter: 2  mgc: 1.96985e-10 
outer mgc:  0.01171857 
iter: 1  value: 3795.155 mgc: 0.001078684 ustep: 1 
iter: 2  mgc: 1.970255e-10 
outer mgc:  0.01168845 
iter: 1  value: 3794.888 mgc: 0.001767966 ustep: 1 
iter: 2  value: 3794.888 mgc: 1.752811e-05 ustep: 1 
iter: 3  mgc: 6.511825e-13 
outer mgc:  0.2518322 
iter: 1  value: 3795.419 mgc: 0.001766198 ustep: 1 
iter: 2  value: 3795.419 mgc: 1.751324e-05 ustep: 1 
iter: 3  mgc: 3.400695e-13 
outer mgc:  0.2752439 
Re-using symbolic Cholesky
iter: 1  mgc: 3.410558e-13 
Matching hessian patterns... Done
outer mgc:  0.0117035 
iter: 1  mgc: 3.410558e-13 
outer mgc:  0.0117035 
iter: 1  value: 3795.153 mgc: 0.000234774 ustep: 1 
iter: 2  mgc: 2.676792e-10 
outer mgc:  0.01188652 
iter: 1  value: 3795.154 mgc: 0.0002347586 ustep: 1 
iter: 2  mgc: 2.676087e-10 
outer mgc:  0.01152047 
iter: 1  value: 3795.153 mgc: 0.0003263981 ustep: 1 
iter: 2  mgc: 1.800654e-11 
outer mgc:  0.01170805 
iter: 1  value: 3795.154 mgc: 0.0003263409 ustep: 1 
iter: 2  mgc: 1.827995e-11 
outer mgc:  0.01169894 
iter: 1  value: 3795.143 mgc: 6.849947e-05 ustep: 1 
iter: 2  value: 3795.143 mgc: 2.632691e-08 ustep: 1 
mgc: 2.522266e-13 
outer mgc:  0.007627497 
iter: 1  value: 3795.164 mgc: 6.849682e-05 ustep: 1 
iter: 2  value: 3795.164 mgc: 2.63256e-08 ustep: 1 
mgc: 6.358949e-14 
outer mgc:  0.02191914 
iter: 1  value: 3795.153 mgc: 0.0001173851 ustep: 1 
iter: 2  mgc: 6.685845e-11 
outer mgc:  0.01179501 
iter: 1  value: 3795.153 mgc: 0.0001173812 ustep: 1 
iter: 2  mgc: 6.686758e-11 
outer mgc:  0.01161199 
iter: 1  value: 3795.153 mgc: 0.0001631919 ustep: 1 
iter: 2  mgc: 4.570038e-12 
outer mgc:  0.01170577 
iter: 1  value: 3795.154 mgc: 0.0001631776 ustep: 1 
iter: 2  mgc: 4.179167e-12 
outer mgc:  0.01170122 
iter: 1  value: 3795.148 mgc: 3.42494e-05 ustep: 1 
iter: 2  mgc: 6.581159e-09 
outer mgc:  0.007688679 
iter: 1  value: 3795.158 mgc: 3.424874e-05 ustep: 1 
iter: 2  mgc: 6.581751e-09 
outer mgc:  0.01681132 
iter: 1  value: 3795.153 mgc: 5.869206e-05 ustep: 1 
iter: 2  mgc: 1.632444e-11 
outer mgc:  0.01174925 
iter: 1  value: 3795.153 mgc: 5.869109e-05 ustep: 1 
iter: 2  mgc: 1.694541e-11 
outer mgc:  0.01165774 
iter: 1  value: 3795.153 mgc: 8.159416e-05 ustep: 1 
iter: 2  mgc: 9.340151e-13 
outer mgc:  0.01170463 
iter: 1  value: 3795.153 mgc: 8.159059e-05 ustep: 1 
iter: 2  mgc: 1.071646e-12 
outer mgc:  0.01170236 
iter: 1  value: 3795.151 mgc: 1.712462e-05 ustep: 1 
iter: 2  mgc: 1.645083e-09 
outer mgc:  0.009149587 
iter: 1  value: 3795.156 mgc: 1.712445e-05 ustep: 1 
iter: 2  mgc: 1.645266e-09 
outer mgc:  0.01425741 
iter: 1  value: 3795.153 mgc: 2.934591e-05 ustep: 1 
iter: 2  mgc: 4.282819e-12 
outer mgc:  0.01172637 
iter: 1  value: 3795.153 mgc: 2.934567e-05 ustep: 1 
iter: 2  mgc: 4.282438e-12 
outer mgc:  0.01168062 
iter: 1  value: 3795.153 mgc: 4.079663e-05 ustep: 1 
iter: 2  mgc: 2.085613e-13 
outer mgc:  0.01170407 
iter: 1  value: 3795.153 mgc: 4.079574e-05 ustep: 1 
iter: 2  mgc: 3.785927e-13 
outer mgc:  0.01170293 
iter: 1  value: 3795.152 mgc: 8.562289e-06 ustep: 1 
iter: 2  mgc: 4.108138e-10 
outer mgc:  0.01042654 
iter: 1  value: 3795.155 mgc: 8.562247e-06 ustep: 1 
iter: 2  mgc: 4.109962e-10 
outer mgc:  0.01298045 
  elapsed 
0.3631667 
[1] "optimization took 0.740833333333285 minutes"
fit 0.8 min
Warning in sweep(gridDraws_tmb, 2, alpha_tmb_draws, "+") :
  length(STATS) or dim(STATS) do not match dim(x)[MARGIN]
Warning in sweep(gridDraws_tmb, 2, alpha_tmb_draws, "+") :
  length(STATS) or dim(STATS) do not match dim(x)[MARGIN]
  [M_D_FE] fitting ... Warning in Matrix.DeprecatedCoerce(cd1, cd2) :
  'as(<dgTMatrix>, "dgCMatrix")' is deprecated.
Use 'as(., "CsparseMatrix")' instead.
See help("Deprecated") and help("Matrix-deprecated").
Warning in eigen.spam(tempQ, symmetric = TRUE) : 
 The eigenvalues are calculated with the function 'eigen' from the base package.
[1] "dyn.unload(dynlib('code/'))"
Warning: 4 external pointers will be removed
[1] "dyn.unload(dynlib('code/'))"
Warning in TMB::sdreport(obj, getJointPrecision = TRUE, bias.correct = TRUE,  :
  'bias.correct' does nothing without random effects
fit 0.3 min
  [M_M_FE] fitting ... [1] "dyn.unload(dynlib('code/'))"

    FIT ERROR: Caught exception 'std::bad_alloc' in function 'MakeADFunObject'

    -> no score file written
  [M_DM_FE] fitting ... Warning in system(paste(shQuote(inla.call.no.remote()), "-s -m qinv", "-r",  :
  running command '"C:/Users/jpaige/AppData/Local/R/win-library/4.4/INLA/bin/windows/64bit/inla.exe" -s -m qinv -r auto -S default -t14:1 C:/Users/jpaige/AppData/Local/Temp/RtmpCuXUq4/file12808412c42d8/file128081e1d2ae2 C:/Users/jpaige/AppData/Local/Temp/RtmpCuXUq4/file12808412c42d8/file128082a8674b3 C:/Users/jpaige/AppData/Local/Temp/RtmpCuXUq4/file12808412c42d8/file128084a0f40c4' had status 301

    FIT ERROR: file.exists(filename) is not TRUE
    -> no score file written
  [M_D_BYM2] fitting ... Warning in system(paste(shQuote(inla.call.no.remote()), "-s -m qinv", "-r",  :
  running command '"C:/Users/jpaige/AppData/Local/R/win-library/4.4/INLA/bin/windows/64bit/inla.exe" -s -m qinv -r auto -S default -t14:1 C:/Users/jpaige/AppData/Local/Temp/RtmpCuXUq4/file12808f6795f/file12808335b7132 C:/Users/jpaige/AppData/Local/Temp/RtmpCuXUq4/file12808f6795f/file1280833f877b4 C:/Users/jpaige/AppData/Local/Temp/RtmpCuXUq4/file12808f6795f/file128084586196b' had status 301

    FIT ERROR: file.exists(filename) is not TRUE
    -> no score file written
  [M_M_BYM2] fitting ... Warning in Matrix.DeprecatedCoerce(cd1, cd2) :
  'as(<dgTMatrix>, "dgCMatrix")' is deprecated.
Use 'as(., "CsparseMatrix")' instead.
See help("Deprecated") and help("Matrix-deprecated").
Warning in eigen.spam(tempQ, symmetric = TRUE) : 
 The eigenvalues are calculated with the function 'eigen' from the base package.
[1] "dyn.unload(dynlib('code/'))"
Warning: 1 external pointers will be removed
[1] "dyn.unload(dynlib('code/'))"
[1] "dyn.unload(dynlib('code/'))"
Warning: 3 external pointers will be removed
[1] "dyn.unload(dynlib('code/'))"
fit 9.8 min
% latex table generated in R 4.4.3 by xtable 1.8-4 package
% Wed May 20 21:29:58 2026
\begin{table}[ht]
\centering
\begin{tabular}{rrrrrr}
  \hline
 & Est & Q0.025 & Q0.1 & Q0.9 & Q0.975 \\ 
  \hline
(Int) & -1.34 & -1.77 & -1.62 & -1.05 & -0.90 \\ 
  urb & 0.80 & 0.37 & 0.52 & 1.09 & 1.23 \\ 
  access & -0.11 & -0.48 & -0.36 & 0.14 & 0.29 \\ 
  elev & 0.13 & -0.15 & -0.06 & 0.32 & 0.42 \\ 
  distRiversLakes & 0.05 & -0.20 & -0.11 & 0.21 & 0.30 \\ 
  popValsNorm & 0.51 & -0.13 & 0.09 & 0.93 & 1.17 \\ 
  sigmaSq & 0.55 & 0.33 & 0.39 & 0.75 & 0.88 \\ 
  phi & 0.17 & 0.01 & 0.02 & 0.40 & 0.61 \\ 
  sigmaEpsSq & 1.51 & 1.31 & 1.37 & 1.66 & 1.74 \\ 
   \hline
\end{tabular}
\end{table}
% latex table generated in R 4.4.3 by xtable 1.8-4 package
% Wed May 20 21:44:22 2026
\begin{table}[ht]
\centering
\begin{tabular}{rrrrrr}
  \hline
 & Est & Q0.025 & Q0.1 & Q0.9 & Q0.975 \\ 
  \hline
(Int) & -1.34 & -1.76 & -1.63 & -1.06 & -0.90 \\ 
  urb & 0.80 & 0.36 & 0.51 & 1.09 & 1.24 \\ 
  access & -0.11 & -0.49 & -0.35 & 0.14 & 0.27 \\ 
  elev & 0.13 & -0.15 & -0.05 & 0.31 & 0.42 \\ 
  distRiversLakes & 0.05 & -0.21 & -0.12 & 0.21 & 0.30 \\ 
  popValsNorm & 0.52 & -0.14 & 0.09 & 0.93 & 1.15 \\ 
  sigmaSq & 0.55 & 0.33 & 0.39 & 0.74 & 0.89 \\ 
  phi & 0.17 & 0.01 & 0.02 & 0.41 & 0.63 \\ 
  sigmaEpsSq & 1.51 & 1.32 & 1.38 & 1.66 & 1.74 \\ 
   \hline
\end{tabular}
\end{table}
  [M_DM_BYM2] fitting ... Warning in Matrix.DeprecatedCoerce(cd1, cd2) :
  'as(<dgTMatrix>, "dgCMatrix")' is deprecated.
Use 'as(., "CsparseMatrix")' instead.
See help("Deprecated") and help("Matrix-deprecated").
Warning in eigen.spam(tempQ, symmetric = TRUE) : 
 The eigenvalues are calculated with the function 'eigen' from the base package.
Warning in Matrix.DeprecatedCoerce(cd1, cd2) :
  'as(<dgTMatrix>, "dgCMatrix")' is deprecated.
Use 'as(., "CsparseMatrix")' instead.
See help("Deprecated") and help("Matrix-deprecated").
Warning in eigen.spam(tempQ, symmetric = TRUE) : 
 The eigenvalues are calculated with the function 'eigen' from the base package.
[1] "dyn.unload(dynlib('code/'))"
Warning: 4 external pointers will be removed
[1] "dyn.unload(dynlib('code/'))"
[modMDM_BYM2_GH_v2] sizes: nUrbM=741 nRurM=1442 nUrbD=572 nRurD=806 nAreas=41 KUrbM=100 KRurM=100 KUrbD=16 KRurD=21 Q=10
[modMDM_BYM2_GH_v2] about to multiply Q_bym2 by u_bym2 (nAreas=41)
[modMDM_BYM2_GH_v2] completed Q_bym2 * u_bym2 multiply
[modMDM_BYM2_GH_v2] add_dataset start: nObs=741 Kint=100 fe.size=74100 w.rows=741 w.cols=100 lchoose=741 areaidx.len=741 areaidx.range=0..40
[modMDM_BYM2_GH_v2] add_dataset start: nObs=1442 Kint=100 fe.size=144200 w.rows=1442 w.cols=100 lchoose=1442 areaidx.len=1442 areaidx.range=0..37
[modMDM_BYM2_GH_v2] add_dataset start: nObs=572 Kint=16 fe.size=9152 w.rows=572 w.cols=16 lchoose=572 areaidx.len=572 areaidx.range=0..40
[modMDM_BYM2_GH_v2] add_dataset start: nObs=806 Kint=21 fe.size=16926 w.rows=806 w.cols=21 lchoose=806 areaidx.len=806 areaidx.range=0..37
[modMDM_BYM2_GH_v2] sizes: nUrbM=741 nRurM=1442 nUrbD=572 nRurD=806 nAreas=41 KUrbM=100 KRurM=100 KUrbD=16 KRurD=21 Q=10
[modMDM_BYM2_GH_v2] about to multiply Q_bym2 by u_bym2 (nAreas=41)
[modMDM_BYM2_GH_v2] completed Q_bym2 * u_bym2 multiply
[modMDM_BYM2_GH_v2] add_dataset start: nObs=741 Kint=100 fe.size=74100 w.rows=741 w.cols=100 lchoose=741 areaidx.len=741 areaidx.range=0..40
[modMDM_BYM2_GH_v2] add_dataset start: nObs=1442 Kint=100 fe.size=144200 w.rows=1442 w.cols=100 lchoose=1442 areaidx.len=1442 areaidx.range=0..37
[modMDM_BYM2_GH_v2] add_dataset start: nObs=572 Kint=16 fe.size=9152 w.rows=572 w.cols=16 lchoose=572 areaidx.len=572 areaidx.range=0..40
[modMDM_BYM2_GH_v2] add_dataset start: nObs=806 Kint=21 fe.size=16926 w.rows=806 w.cols=21 lchoose=806 areaidx.len=806 areaidx.range=0..37
[modMDM_BYM2_GH_v2] sizes: nUrbM=741 nRurM=1442 nUrbD=572 nRurD=806 nAreas=41 KUrbM=100 KRurM=100 KUrbD=16 KRurD=21 Q=10
[modMDM_BYM2_GH_v2] about to multiply Q_bym2 by u_bym2 (nAreas=41)
[modMDM_BYM2_GH_v2] completed Q_bym2 * u_bym2 multiply
[modMDM_BYM2_GH_v2] add_dataset start: nObs=741 Kint=100 fe.size=74100 w.rows=741 w.cols=100 lchoose=741 areaidx.len=741 areaidx.range=0..40
[modMDM_BYM2_GH_v2] add_dataset start: nObs=1442 Kint=100 fe.size=144200 w.rows=1442 w.cols=100 lchoose=1442 areaidx.len=1442 areaidx.range=0..37
[modMDM_BYM2_GH_v2] add_dataset start: nObs=572 Kint=16 fe.size=9152 w.rows=572 w.cols=16 lchoose=572 areaidx.len=572 areaidx.range=0..40
[modMDM_BYM2_GH_v2] add_dataset start: nObs=806 Kint=21 fe.size=16926 w.rows=806 w.cols=21 lchoose=806 areaidx.len=806 areaidx.range=0..37
[modMDM_BYM2_GH_v2] sizes: nUrbM=741 nRurM=1442 nUrbD=572 nRurD=806 nAreas=41 KUrbM=100 KRurM=100 KUrbD=16 KRurD=21 Q=10
[modMDM_BYM2_GH_v2] about to multiply Q_bym2 by u_bym2 (nAreas=41)
[modMDM_BYM2_GH_v2] completed Q_bym2 * u_bym2 multiply
[modMDM_BYM2_GH_v2] add_dataset start: nObs=741 Kint=100 fe.size=74100 w.rows=741 w.cols=100 lchoose=741 areaidx.len=741 areaidx.range=0..40
[modMDM_BYM2_GH_v2] add_dataset start: nObs=1442 Kint=100 fe.size=144200 w.rows=1442 w.cols=100 lchoose=1442 areaidx.len=1442 areaidx.range=0..37
[modMDM_BYM2_GH_v2] add_dataset start: nObs=572 Kint=16 fe.size=9152 w.rows=572 w.cols=16 lchoose=572 areaidx.len=572 areaidx.range=0..40
[modMDM_BYM2_GH_v2] add_dataset start: nObs=806 Kint=21 fe.size=16926 w.rows=806 w.cols=21 lchoose=806 areaidx.len=806 areaidx.range=0..37
[1] "dyn.unload(dynlib('code/'))"
Warning: 3 external pointers will be removed
[1] "dyn.unload(dynlib('code/'))"
[modMDM_BYM2_GH_v2] sizes: nUrbM=741 nRurM=1442 nUrbD=572 nRurD=806 nAreas=41 KUrbM=100 KRurM=100 KUrbD=16 KRurD=21 Q=10
[modMDM_BYM2_GH_v2] about to multiply Q_bym2 by u_bym2 (nAreas=41)
[modMDM_BYM2_GH_v2] completed Q_bym2 * u_bym2 multiply
[modMDM_BYM2_GH_v2] add_dataset start: nObs=741 Kint=100 fe.size=74100 w.rows=741 w.cols=100 lchoose=741 areaidx.len=741 areaidx.range=0..40
[modMDM_BYM2_GH_v2] add_dataset start: nObs=1442 Kint=100 fe.size=144200 w.rows=1442 w.cols=100 lchoose=1442 areaidx.len=1442 areaidx.range=0..37
[modMDM_BYM2_GH_v2] add_dataset start: nObs=572 Kint=16 fe.size=9152 w.rows=572 w.cols=16 lchoose=572 areaidx.len=572 areaidx.range=0..40
[modMDM_BYM2_GH_v2] add_dataset start: nObs=806 Kint=21 fe.size=16926 w.rows=806 w.cols=21 lchoose=806 areaidx.len=806 areaidx.range=0..37
[modMDM_BYM2_GH_v2] sizes: nUrbM=741 nRurM=1442 nUrbD=572 nRurD=806 nAreas=41 KUrbM=100 KRurM=100 KUrbD=16 KRurD=21 Q=10
[modMDM_BYM2_GH_v2] about to multiply Q_bym2 by u_bym2 (nAreas=41)
[modMDM_BYM2_GH_v2] completed Q_bym2 * u_bym2 multiply
[modMDM_BYM2_GH_v2] add_dataset start: nObs=741 Kint=100 fe.size=74100 w.rows=741 w.cols=100 lchoose=741 areaidx.len=741 areaidx.range=0..40
[modMDM_BYM2_GH_v2] add_dataset start: nObs=1442 Kint=100 fe.size=144200 w.rows=1442 w.cols=100 lchoose=1442 areaidx.len=1442 areaidx.range=0..37
[modMDM_BYM2_GH_v2] add_dataset start: nObs=572 Kint=16 fe.size=9152 w.rows=572 w.cols=16 lchoose=572 areaidx.len=572 areaidx.range=0..40
[modMDM_BYM2_GH_v2] add_dataset start: nObs=806 Kint=21 fe.size=16926 w.rows=806 w.cols=21 lchoose=806 areaidx.len=806 areaidx.range=0..37
[modMDM_BYM2_GH_v2] sizes: nUrbM=741 nRurM=1442 nUrbD=572 nRurD=806 nAreas=41 KUrbM=100 KRurM=100 KUrbD=16 KRurD=21 Q=10
[modMDM_BYM2_GH_v2] about to multiply Q_bym2 by u_bym2 (nAreas=41)
[modMDM_BYM2_GH_v2] completed Q_bym2 * u_bym2 multiply
[modMDM_BYM2_GH_v2] add_dataset start: nObs=741 Kint=100 fe.size=74100 w.rows=741 w.cols=100 lchoose=741 areaidx.len=741 areaidx.range=0..40
[modMDM_BYM2_GH_v2] add_dataset start: nObs=1442 Kint=100 fe.size=144200 w.rows=1442 w.cols=100 lchoose=1442 areaidx.len=1442 areaidx.range=0..37
[modMDM_BYM2_GH_v2] add_dataset start: nObs=572 Kint=16 fe.size=9152 w.rows=572 w.cols=16 lchoose=572 areaidx.len=572 areaidx.range=0..40
[modMDM_BYM2_GH_v2] add_dataset start: nObs=806 Kint=21 fe.size=16926 w.rows=806 w.cols=21 lchoose=806 areaidx.len=806 areaidx.range=0..37
[modMDM_BYM2_GH_v2] sizes: nUrbM=741 nRurM=1442 nUrbD=572 nRurD=806 nAreas=41 KUrbM=100 KRurM=100 KUrbD=16 KRurD=21 Q=10
[modMDM_BYM2_GH_v2] about to multiply Q_bym2 by u_bym2 (nAreas=41)
[modMDM_BYM2_GH_v2] completed Q_bym2 * u_bym2 multiply
[modMDM_BYM2_GH_v2] add_dataset start: nObs=741 Kint=100 fe.size=74100 w.rows=741 w.cols=100 lchoose=741 areaidx.len=741 areaidx.range=0..40
[modMDM_BYM2_GH_v2] add_dataset start: nObs=1442 Kint=100 fe.size=144200 w.rows=1442 w.cols=100 lchoose=1442 areaidx.len=1442 areaidx.range=0..37
[modMDM_BYM2_GH_v2] add_dataset start: nObs=572 Kint=16 fe.size=9152 w.rows=572 w.cols=16 lchoose=572 areaidx.len=572 areaidx.range=0..40
[modMDM_BYM2_GH_v2] add_dataset start: nObs=806 Kint=21 fe.size=16926 w.rows=806 w.cols=21 lchoose=806 areaidx.len=806 areaidx.range=0..37
[modMDM_BYM2_GH_v2] sizes: nUrbM=741 nRurM=1442 nUrbD=572 nRurD=806 nAreas=41 KUrbM=100 KRurM=100 KUrbD=16 KRurD=21 Q=10
[modMDM_BYM2_GH_v2] about to multiply Q_bym2 by u_bym2 (nAreas=41)
[modMDM_BYM2_GH_v2] completed Q_bym2 * u_bym2 multiply
[modMDM_BYM2_GH_v2] add_dataset start: nObs=741 Kint=100 fe.size=74100 w.rows=741 w.cols=100 lchoose=741 areaidx.len=741 areaidx.range=0..40
[modMDM_BYM2_GH_v2] add_dataset start: nObs=1442 Kint=100 fe.size=144200 w.rows=1442 w.cols=100 lchoose=1442 areaidx.len=1442 areaidx.range=0..37
[modMDM_BYM2_GH_v2] add_dataset start: nObs=572 Kint=16 fe.size=9152 w.rows=572 w.cols=16 lchoose=572 areaidx.len=572 areaidx.range=0..40
[modMDM_BYM2_GH_v2] add_dataset start: nObs=806 Kint=21 fe.size=16926 w.rows=806 w.cols=21 lchoose=806 areaidx.len=806 areaidx.range=0..37
[modMDM_BYM2_GH_v2] sizes: nUrbM=741 nRurM=1442 nUrbD=572 nRurD=806 nAreas=41 KUrbM=100 KRurM=100 KUrbD=16 KRurD=21 Q=10
[modMDM_BYM2_GH_v2] about to multiply Q_bym2 by u_bym2 (nAreas=41)
[modMDM_BYM2_GH_v2] completed Q_bym2 * u_bym2 multiply
[modMDM_BYM2_GH_v2] add_dataset start: nObs=741 Kint=100 fe.size=74100 w.rows=741 w.cols=100 lchoose=741 areaidx.len=741 areaidx.range=0..40
[modMDM_BYM2_GH_v2] add_dataset start: nObs=1442 Kint=100 fe.size=144200 w.rows=1442 w.cols=100 lchoose=1442 areaidx.len=1442 areaidx.range=0..37
[modMDM_BYM2_GH_v2] add_dataset start: nObs=572 Kint=16 fe.size=9152 w.rows=572 w.cols=16 lchoose=572 areaidx.len=572 areaidx.range=0..40
[modMDM_BYM2_GH_v2] add_dataset start: nObs=806 Kint=21 fe.size=16926 w.rows=806 w.cols=21 lchoose=806 areaidx.len=806 areaidx.range=0..37

    FIT ERROR: Caught exception 'std::bad_alloc' in function 'MakeADGradObject'

    -> no score file written

##### [BYM2] sim 7 #####
  [Md_FE] fitting ... Warning in Matrix.DeprecatedCoerce(cd1, cd2) :
  'as(<dgTMatrix>, "dgCMatrix")' is deprecated.
Use 'as(., "CsparseMatrix")' instead.
See help("Deprecated") and help("Matrix-deprecated").
Warning in eigen.spam(tempQ, symmetric = TRUE) : 
 The eigenvalues are calculated with the function 'eigen' from the base package.
[1] "dyn.unload(dynlib('code/'))"
[1] "dyn.unload(dynlib('code/'))"
Warning in TMB::sdreport(obj, getJointPrecision = TRUE, bias.correct = TRUE,  :
  'bias.correct' does nothing without random effects
fit 0.1 min
    scoreSpatial(subarea) error: cannot allocate vector of size 29.6 Mb
  [Md] fitting ... Warning in system(paste(shQuote(inla.call.no.remote()), "-s -m qinv", "-r",  :
  running command '"C:/Users/jpaige/AppData/Local/R/win-library/4.4/INLA/bin/windows/64bit/inla.exe" -s -m qinv -r auto -S default -t14:1 C:/Users/jpaige/AppData/Local/Temp/RtmpCuXUq4/file1280878091557/file1280850576a0a C:/Users/jpaige/AppData/Local/Temp/RtmpCuXUq4/file1280878091557/file12808728e7721 C:/Users/jpaige/AppData/Local/Temp/RtmpCuXUq4/file1280878091557/file12808723a7ce4' had status 301

    FIT ERROR: file.exists(filename) is not TRUE
    -> no score file written
  [M_D_FE] fitting ... Warning in Matrix.DeprecatedCoerce(cd1, cd2) :
  'as(<dgTMatrix>, "dgCMatrix")' is deprecated.
Use 'as(., "CsparseMatrix")' instead.
See help("Deprecated") and help("Matrix-deprecated").
Warning in eigen.spam(tempQ, symmetric = TRUE) : 
 The eigenvalues are calculated with the function 'eigen' from the base package.
[1] "dyn.unload(dynlib('code/'))"
Warning in TMB::sdreport(obj, getJointPrecision = TRUE, bias.correct = TRUE,  :
  'bias.correct' does nothing without random effects
fit 0.1 min
  [M_M_FE] fitting ... [1] "dyn.unload(dynlib('code/'))"
Warning in TMB::sdreport(obj, getJointPrecision = TRUE, bias.correct = TRUE,  :
  'bias.correct' does nothing without random effects
fit 0.4 min
