Spam version 2.11-3 (2026-01-05) is loaded.
Type 'help( Spam)' or 'demo( spam)' for a short introduction 
and overview of this package.
Help for individual functions is also obtained by adding the
suffix '.spam' to the function name, e.g. 'help( chol.spam)'.

Attaching package: 'spam'

The following object is masked from 'package:Matrix':

    det

The following objects are masked from 'package:base':

    backsolve, forwardsolve

Loading required package: viridisLite

Try help(fields) to get started.
Loading required package: spam64
Loading required package: fftwtools

Attaching package: 'xtable'

The following object is masked from 'package:spam':

    display

Loading required package: coda
Loading required package: MASS

Attaching package: 'MASS'

The following objects are masked from 'package:raster':

    area, select

##
## Markov Chain Monte Carlo Package (MCMCpack)
## Copyright (C) 2003-2026 Andrew D. Martin, Kevin M. Quinn, and Jong Hee Park
##
## Support provided by the U.S. National Science Foundation
## (Grants SES-0350646 and SES-0350613)
##

Attaching package: 'MCMCpack'

The following objects are masked from 'package:invgamma':

    dinvgamma, rinvgamma

This is INLA_25.03.13 built 2025-03-12 21:15:52 UTC.
 - See www.r-inla.org/contact-us for how to get help.
 - List available models/likelihoods/etc with inla.list.models()
 - Use inla.doc(<NAME>) to access documentation

Attaching package: 'INLA'

The following object is masked from 'package:spam':

    Oral


Attaching package: 'data.table'

The following object is masked from 'package:raster':

    shift

Loading required package: grid
Loading required package: survival

Attaching package: 'survival'

The following objects are masked from 'package:sampling':

    cluster, strata


Attaching package: 'survey'

The following object is masked from 'package:raster':

    cv

The following object is masked from 'package:graphics':

    dotchart

SUMMER version 1.4.1
  See latest changes with 'news(package = 'SUMMER')'
Loading required package: TraMineR

TraMineR stable version 2.2-11 (Built: 2025-03-22)
Website: http://traminer.unige.ch
Please type 'citation("TraMineR")' for citation information.

Loading required package: cluster
This is WeightedCluster stable version 1.8-1 (Built: 2025-03-22)

To access available manuals and short tutorials, please run:
   vignette("WeightedCluster") ## For the complete manual in English
   vignette(package="WeightedCluster") ## To list available documentation

To cite WeightedCluster in publications please use or references in the help pages:
Studer, Matthias (2013). WeightedCluster Library Manual: A practical
   guide to creating typologies of trajectories in the social sciences
   with R. LIVES Working Papers, 24. doi:
   10.12682/lives.2296-1658.2013.24
Loading required package: foreign

Attaching package: 'shapefiles'

The following objects are masked from 'package:foreign':

    read.dbf, write.dbf

Loading required package: usethis

Attaching package: 'colorspace'

The following object is masked from 'package:raster':

    RGB

Loading required package: Rcpp
Warning in CPL_crs_from_input(x) :
  GDAL Message 1: +init=epsg:XXXX syntax is deprecated. It might return a CRS with a non-EPSG compliant axis order.
[sim] loading cached savedOutput/simStudy1/simPopsSurveys_SPDE.RData

##### [SPDE] sim 1 #####
Loading required package: prodlim
  [Md_FE] fitting ... Warning in Matrix.DeprecatedCoerce(cd1, cd2) :
  'as(<dgTMatrix>, "dgCMatrix")' is deprecated.
Use 'as(., "CsparseMatrix")' instead.
See help("Deprecated") and help("Matrix-deprecated").
Warning in eigen.spam(tempQ, symmetric = TRUE) : 
 The eigenvalues are calculated with the function 'eigen' from the base package.
[1] "dyn.unload(dynlib('code/'))"
Warning in TMB::sdreport(obj, getJointPrecision = TRUE, bias.correct = TRUE,  :
  'bias.correct' does nothing without random effects
fit 0.0 min
  [Md] fitting ... Warning in Matrix.DeprecatedCoerce(cd1, cd2) :
  'as(<dgTMatrix>, "dgCMatrix")' is deprecated.
Use 'as(., "CsparseMatrix")' instead.
See help("Deprecated") and help("Matrix-deprecated").
Warning in eigen.spam(tempQ, symmetric = TRUE) : 
 The eigenvalues are calculated with the function 'eigen' from the base package.
[1] "dyn.unload(dynlib('code/'))"
[1] "compiling code/modM_DSepRepar.cpp..."
using C++ compiler: 'G__~1.EXE (GCC) 13.3.0'
make: Nothing to be done for 'all'.
[1] "optimizing for tol = 1e-06."
par:
   log_tau  logit_phi log_tauEps 
         0          0          0 
iter: 1  value: 3794.915 mgc: 702.9051 ustep: 1 
iter: 2  value: 3743.336 mgc: 243.3845 ustep: 1 
iter: 3  value: 3742.367 mgc: 24.63289 ustep: 1 
iter: 4  value: 3742.365 mgc: 0.6083176 ustep: 1 
iter: 5  value: 3742.365 mgc: 0.0009070015 ustep: 1 
iter: 6  mgc: 9.001115e-09 
iter: 1  mgc: 9.001115e-09 
Matching hessian patterns... Done
outer mgc:  107.901 
par:
    log_tau   logit_phi  log_tauEps 
 0.53172644  0.04685088 -4.31603864 
iter: 1  value: 5890.761 mgc: 2.369053 ustep: 1 
iter: 2  value: 5839.238 mgc: 49.57781 ustep: 1 
iter: 3  value: 5828.061 mgc: 15.34362 ustep: 1 
iter: 4  value: 5826.706 mgc: 4.100707 ustep: 1 
iter: 5  value: 5826.668 mgc: 0.586646 ustep: 1 
iter: 6  value: 5826.668 mgc: 0.01767844 ustep: 1 
iter: 7  value: 5826.668 mgc: 1.656962e-05 ustep: 1 
iter: 8  mgc: 2.265024e-10 
par:
     log_tau    logit_phi   log_tauEps 
 0.106345289  0.009370175 -0.863207728 
iter: 1  value: 3967.351 mgc: 1.388308 ustep: 1 
iter: 2  value: 3966.465 mgc: 11.2651 ustep: 1 
iter: 3  value: 3966.464 mgc: 0.251045 ustep: 1 
iter: 4  value: 3966.464 mgc: 0.0001416685 ustep: 1 
iter: 5  mgc: 1.471512e-10 
par:
     log_tau    logit_phi   log_tauEps 
 0.021269058  0.001874035 -0.172641546 
iter: 1  value: 3777.059 mgc: 0.3807226 ustep: 1 
iter: 2  value: 3777.057 mgc: 0.601912 ustep: 1 
iter: 3  value: 3777.057 mgc: 0.0003879611 ustep: 1 
iter: 4  mgc: 1.505982e-10 
iter: 1  mgc: 1.505982e-10 
outer mgc:  64.01548 
par:
   log_tau  logit_phi log_tauEps 
 2.5108058  0.2206972 -0.2001918 
iter: 1  value: 3763.46 mgc: 47.78403 ustep: 1 
iter: 2  value: 3763.457 mgc: 0.3427466 ustep: 1 
iter: 3  value: 3763.457 mgc: 0.0004088322 ustep: 1 
iter: 4  mgc: 2.456049e-09 
iter: 1  mgc: 2.456049e-09 
outer mgc:  56.52475 
par:
   log_tau  logit_phi log_tauEps 
 1.2063502  0.7121568 -0.4480131 
iter: 1  value: 3821.437 mgc: 23.98885 ustep: 1 
iter: 2  value: 3821.42 mgc: 1.329754 ustep: 1 
iter: 3  value: 3821.42 mgc: 0.002788344 ustep: 1 
iter: 4  value: 3821.42 mgc: 2.382545e-08 ustep: 1 
mgc: 5.816719e-13 
iter: 1  mgc: 5.816719e-13 
outer mgc:  10.20853 
par:
   log_tau  logit_phi log_tauEps 
 1.2837956  0.5973730 -0.4088973 
iter: 1  value: 3812.07 mgc: 1.157551 ustep: 1 
iter: 2  value: 3812.07 mgc: 0.03044288 ustep: 1 
iter: 3  value: 3812.07 mgc: 1.368168e-06 ustep: 1 
iter: 4  mgc: 2.4869e-14 
iter: 1  mgc: 2.4869e-14 
outer mgc:  0.1495 
par:
   log_tau  logit_phi log_tauEps 
 1.3021256  0.5182047 -0.4084191 
iter: 1  value: 3812.734 mgc: 0.3775301 ustep: 1 
iter: 2  value: 3812.734 mgc: 1.902609e-05 ustep: 1 
iter: 3  mgc: 3.012701e-12 
iter: 1  mgc: 3.012701e-12 
outer mgc:  0.08985562 
par:
   log_tau  logit_phi log_tauEps 
 1.3041967  0.4868664 -0.4086863 
iter: 1  value: 3813.144 mgc: 0.1294624 ustep: 1 
iter: 2  value: 3813.144 mgc: 2.89946e-06 ustep: 1 
iter: 3  mgc: 4.735203e-13 
par:
   log_tau  logit_phi log_tauEps 
 1.3056524  0.4644697 -0.4985419 
iter: 1  value: 3837.061 mgc: 0.1541987 ustep: 1 
iter: 2  value: 3837.061 mgc: 0.1506499 ustep: 1 
iter: 3  value: 3837.061 mgc: 3.521691e-05 ustep: 1 
iter: 4  mgc: 1.950914e-12 
par:
   log_tau  logit_phi log_tauEps 
 1.3044878  0.4823871 -0.4266574 
iter: 1  value: 3817.816 mgc: 0.03195802 ustep: 1 
iter: 2  value: 3817.816 mgc: 0.006207256 ustep: 1 
iter: 3  value: 3817.816 mgc: 5.570859e-08 ustep: 1 
mgc: 6.297809e-13 
par:
   log_tau  logit_phi log_tauEps 
 1.3042549  0.4859706 -0.4122805 
iter: 1  value: 3814.074 mgc: 0.006437633 ustep: 1 
iter: 2  value: 3814.074 mgc: 0.0002497303 ustep: 1 
iter: 3  mgc: 8.829938e-11 
par:
   log_tau  logit_phi log_tauEps 
 1.3042083  0.4866873 -0.4094051 
iter: 1  value: 3813.33 mgc: 0.001289378 ustep: 1 
iter: 2  value: 3813.33 mgc: 1.000071e-05 ustep: 1 
iter: 3  mgc: 1.139506e-13 
par:
   log_tau  logit_phi log_tauEps 
 1.3041990  0.4868306 -0.4088300 
iter: 1  value: 3813.182 mgc: 0.0002579498 ustep: 1 
iter: 2  value: 3813.182 mgc: 4.001206e-07 ustep: 1 
iter: 3  mgc: 8.371303e-14 
par:
   log_tau  logit_phi log_tauEps 
 1.3041971  0.4868593 -0.4087150 
iter: 1  value: 3813.152 mgc: 5.159293e-05 ustep: 1 
iter: 2  value: 3813.152 mgc: 1.600591e-08 ustep: 1 
mgc: 7.164809e-14 
[1] "completed optimization for tol = 1e-06"
iter: 1  mgc: 7.164809e-14 
outer mgc:  0.009912017 
iter: 1  value: 3813.145 mgc: 0.01225564 ustep: 1 
iter: 2  value: 3813.145 mgc: 5.348496e-08 ustep: 1 
iter: 3  mgc: 4.686253e-13 
outer mgc:  0.01124166 
iter: 1  value: 3813.159 mgc: 0.01223868 ustep: 1 
iter: 2  value: 3813.159 mgc: 5.345522e-08 ustep: 1 
iter: 3  mgc: 2.169698e-13 
outer mgc:  0.01140663 
iter: 1  value: 3813.14 mgc: 0.004057438 ustep: 1 
iter: 2  mgc: 2.626948e-09 
outer mgc:  0.009928436 
iter: 1  value: 3813.163 mgc: 0.004053747 ustep: 1 
iter: 2  mgc: 2.626106e-09 
outer mgc:  0.009895738 
iter: 1  value: 3812.896 mgc: 0.001795188 ustep: 1 
iter: 2  value: 3812.896 mgc: 1.935061e-05 ustep: 1 
iter: 3  mgc: 3.161783e-13 
outer mgc:  0.2722811 
iter: 1  value: 3813.408 mgc: 0.001793393 ustep: 1 
iter: 2  value: 3813.408 mgc: 1.933514e-05 ustep: 1 
iter: 3  mgc: 2.38862e-13 
outer mgc:  0.252457 
Re-using symbolic Cholesky
iter: 1  mgc: 7.164809e-14 
Matching hessian patterns... Done
outer mgc:  0.009912017 
iter: 1  mgc: 7.164809e-14 
outer mgc:  0.009912017 
iter: 1  value: 3813.151 mgc: 0.001597415 ustep: 1 
iter: 2  mgc: 9.095633e-10 
outer mgc:  0.009801645 
iter: 1  value: 3813.153 mgc: 0.001597126 ustep: 1 
iter: 2  mgc: 9.099518e-10 
outer mgc:  0.01002244 
iter: 1  value: 3813.151 mgc: 0.0001974546 ustep: 1 
iter: 2  mgc: 6.349355e-12 
outer mgc:  0.009912813 
iter: 1  value: 3813.152 mgc: 0.0001974459 ustep: 1 
iter: 2  mgc: 6.257127e-12 
outer mgc:  0.009911221 
iter: 1  value: 3813.141 mgc: 7.333684e-05 ustep: 1 
iter: 2  value: 3813.141 mgc: 3.231284e-08 ustep: 1 
mgc: 1.032817e-13 
outer mgc:  0.02063544 
iter: 1  value: 3813.162 mgc: 7.333384e-05 ustep: 1 
iter: 2  value: 3813.162 mgc: 3.231191e-08 ustep: 1 
mgc: 7.406749e-14 
outer mgc:  0.0008114015 
iter: 1  value: 3813.151 mgc: 0.0007986713 ustep: 1 
iter: 2  mgc: 2.268964e-10 
outer mgc:  0.009856824 
iter: 1  value: 3813.152 mgc: 0.0007985992 ustep: 1 
iter: 2  mgc: 2.277017e-10 
outer mgc:  0.009967223 
iter: 1  value: 3813.152 mgc: 9.872622e-05 ustep: 1 
iter: 2  mgc: 1.548478e-12 
outer mgc:  0.009912415 
iter: 1  value: 3813.152 mgc: 9.872403e-05 ustep: 1 
iter: 2  mgc: 1.706617e-12 
outer mgc:  0.009911619 
iter: 1  value: 3813.147 mgc: 3.666804e-05 ustep: 1 
iter: 2  mgc: 8.077851e-09 
outer mgc:  0.01527372 
iter: 1  value: 3813.157 mgc: 3.666729e-05 ustep: 1 
iter: 2  mgc: 8.078289e-09 
outer mgc:  0.004550305 
iter: 1  value: 3813.152 mgc: 0.0003993266 ustep: 1 
iter: 2  mgc: 5.70475e-11 
outer mgc:  0.009884419 
iter: 1  value: 3813.152 mgc: 0.0003993086 ustep: 1 
iter: 2  mgc: 5.649626e-11 
outer mgc:  0.009939618 
iter: 1  value: 3813.152 mgc: 4.936284e-05 ustep: 1 
iter: 2  mgc: 5.202237e-13 
outer mgc:  0.009912216 
iter: 1  value: 3813.152 mgc: 4.936229e-05 ustep: 1 
iter: 2  mgc: 4.740602e-13 
outer mgc:  0.009911818 
iter: 1  value: 3813.149 mgc: 1.833393e-05 ustep: 1 
iter: 2  mgc: 2.019805e-09 
outer mgc:  0.01259287 
iter: 1  value: 3813.154 mgc: 1.833374e-05 ustep: 1 
iter: 2  mgc: 2.019011e-09 
outer mgc:  0.007231162 
iter: 1  value: 3813.152 mgc: 0.0001996611 ustep: 1 
iter: 2  mgc: 1.450172e-11 
outer mgc:  0.009898218 
iter: 1  value: 3813.152 mgc: 0.0001996566 ustep: 1 
iter: 2  mgc: 1.451565e-11 
outer mgc:  0.009925817 
iter: 1  value: 3813.152 mgc: 2.468135e-05 ustep: 1 
iter: 2  mgc: 1.51294e-13 
outer mgc:  0.009912117 
iter: 1  value: 3813.152 mgc: 2.468121e-05 ustep: 1 
iter: 2  mgc: 3.132183e-13 
outer mgc:  0.009911918 
iter: 1  value: 3813.151 mgc: 9.16694e-06 ustep: 1 
iter: 2  mgc: 5.045455e-10 
outer mgc:  0.01125244 
iter: 1  value: 3813.153 mgc: 9.166894e-06 ustep: 1 
iter: 2  mgc: 5.053478e-10 
outer mgc:  0.00857159 
  elapsed 
0.5498333 
[1] "optimization took 0.95 minutes"
fit 1.0 min
Warning in sweep(gridDraws_tmb, 2, alpha_tmb_draws, "+") :
  length(STATS) or dim(STATS) do not match dim(x)[MARGIN]
Warning in sweep(gridDraws_tmb, 2, alpha_tmb_draws, "+") :
  length(STATS) or dim(STATS) do not match dim(x)[MARGIN]
  [M_D_FE] fitting ... Warning in Matrix.DeprecatedCoerce(cd1, cd2) :
  'as(<dgTMatrix>, "dgCMatrix")' is deprecated.
Use 'as(., "CsparseMatrix")' instead.
See help("Deprecated") and help("Matrix-deprecated").
Warning in eigen.spam(tempQ, symmetric = TRUE) : 
 The eigenvalues are calculated with the function 'eigen' from the base package.
[1] "dyn.unload(dynlib('code/'))"
Warning: 4 external pointers will be removed
[1] "dyn.unload(dynlib('code/'))"
Warning in TMB::sdreport(obj, getJointPrecision = TRUE, bias.correct = TRUE,  :
  'bias.correct' does nothing without random effects
fit 0.2 min
  [M_M_FE] fitting ... [1] "dyn.unload(dynlib('code/'))"
Warning in TMB::sdreport(obj, getJointPrecision = TRUE, bias.correct = TRUE,  :
  'bias.correct' does nothing without random effects
fit 0.6 min
  [M_DM_FE] fitting ... Warning in Matrix.DeprecatedCoerce(cd1, cd2) :
  'as(<dgTMatrix>, "dgCMatrix")' is deprecated.
Use 'as(., "CsparseMatrix")' instead.
See help("Deprecated") and help("Matrix-deprecated").
Warning in eigen.spam(tempQ, symmetric = TRUE) : 
 The eigenvalues are calculated with the function 'eigen' from the base package.
[1] "dyn.unload(dynlib('code/'))"
Warning: 2 external pointers will be removed
[1] "dyn.unload(dynlib('code/'))"
[modMDM_BYM2_GH_v2] sizes: nUrbM=741 nRurM=1442 nUrbD=572 nRurD=806 nAreas=41 KUrbM=100 KRurM=100 KUrbD=16 KRurD=21 Q=10
[modMDM_BYM2_GH_v2] about to multiply Q_bym2 by u_bym2 (nAreas=41)
[modMDM_BYM2_GH_v2] completed Q_bym2 * u_bym2 multiply
[modMDM_BYM2_GH_v2] add_dataset start: nObs=741 Kint=100 fe.size=74100 w.rows=741 w.cols=100 lchoose=741 areaidx.len=741 areaidx.range=0..40
[modMDM_BYM2_GH_v2] add_dataset start: nObs=1442 Kint=100 fe.size=144200 w.rows=1442 w.cols=100 lchoose=1442 areaidx.len=1442 areaidx.range=0..37
[modMDM_BYM2_GH_v2] add_dataset start: nObs=572 Kint=16 fe.size=9152 w.rows=572 w.cols=16 lchoose=572 areaidx.len=572 areaidx.range=0..40
[modMDM_BYM2_GH_v2] add_dataset start: nObs=806 Kint=21 fe.size=16926 w.rows=806 w.cols=21 lchoose=806 areaidx.len=806 areaidx.range=0..37
[modMDM_BYM2_GH_v2] sizes: nUrbM=741 nRurM=1442 nUrbD=572 nRurD=806 nAreas=41 KUrbM=100 KRurM=100 KUrbD=16 KRurD=21 Q=10
[modMDM_BYM2_GH_v2] about to multiply Q_bym2 by u_bym2 (nAreas=41)
[modMDM_BYM2_GH_v2] completed Q_bym2 * u_bym2 multiply
[modMDM_BYM2_GH_v2] add_dataset start: nObs=741 Kint=100 fe.size=74100 w.rows=741 w.cols=100 lchoose=741 areaidx.len=741 areaidx.range=0..40
[modMDM_BYM2_GH_v2] add_dataset start: nObs=1442 Kint=100 fe.size=144200 w.rows=1442 w.cols=100 lchoose=1442 areaidx.len=1442 areaidx.range=0..37
[modMDM_BYM2_GH_v2] add_dataset start: nObs=572 Kint=16 fe.size=9152 w.rows=572 w.cols=16 lchoose=572 areaidx.len=572 areaidx.range=0..40
[modMDM_BYM2_GH_v2] add_dataset start: nObs=806 Kint=21 fe.size=16926 w.rows=806 w.cols=21 lchoose=806 areaidx.len=806 areaidx.range=0..37
[modMDM_BYM2_GH_v2] sizes: nUrbM=741 nRurM=1442 nUrbD=572 nRurD=806 nAreas=41 KUrbM=100 KRurM=100 KUrbD=16 KRurD=21 Q=10
[modMDM_BYM2_GH_v2] about to multiply Q_bym2 by u_bym2 (nAreas=41)
[modMDM_BYM2_GH_v2] completed Q_bym2 * u_bym2 multiply
[modMDM_BYM2_GH_v2] add_dataset start: nObs=741 Kint=100 fe.size=74100 w.rows=741 w.cols=100 lchoose=741 areaidx.len=741 areaidx.range=0..40
[modMDM_BYM2_GH_v2] add_dataset start: nObs=1442 Kint=100 fe.size=144200 w.rows=1442 w.cols=100 lchoose=1442 areaidx.len=1442 areaidx.range=0..37
[modMDM_BYM2_GH_v2] add_dataset start: nObs=572 Kint=16 fe.size=9152 w.rows=572 w.cols=16 lchoose=572 areaidx.len=572 areaidx.range=0..40
[modMDM_BYM2_GH_v2] add_dataset start: nObs=806 Kint=21 fe.size=16926 w.rows=806 w.cols=21 lchoose=806 areaidx.len=806 areaidx.range=0..37
[modMDM_BYM2_GH_v2] sizes: nUrbM=741 nRurM=1442 nUrbD=572 nRurD=806 nAreas=41 KUrbM=100 KRurM=100 KUrbD=16 KRurD=21 Q=10
[modMDM_BYM2_GH_v2] about to multiply Q_bym2 by u_bym2 (nAreas=41)
[modMDM_BYM2_GH_v2] completed Q_bym2 * u_bym2 multiply
[modMDM_BYM2_GH_v2] add_dataset start: nObs=741 Kint=100 fe.size=74100 w.rows=741 w.cols=100 lchoose=741 areaidx.len=741 areaidx.range=0..40
[modMDM_BYM2_GH_v2] add_dataset start: nObs=1442 Kint=100 fe.size=144200 w.rows=1442 w.cols=100 lchoose=1442 areaidx.len=1442 areaidx.range=0..37
[modMDM_BYM2_GH_v2] add_dataset start: nObs=572 Kint=16 fe.size=9152 w.rows=572 w.cols=16 lchoose=572 areaidx.len=572 areaidx.range=0..40
[modMDM_BYM2_GH_v2] add_dataset start: nObs=806 Kint=21 fe.size=16926 w.rows=806 w.cols=21 lchoose=806 areaidx.len=806 areaidx.range=0..37
[modMDM_BYM2_GH_v2] sizes: nUrbM=741 nRurM=1442 nUrbD=572 nRurD=806 nAreas=41 KUrbM=100 KRurM=100 KUrbD=16 KRurD=21 Q=10
[modMDM_BYM2_GH_v2] about to multiply Q_bym2 by u_bym2 (nAreas=41)
[modMDM_BYM2_GH_v2] completed Q_bym2 * u_bym2 multiply
[modMDM_BYM2_GH_v2] add_dataset start: nObs=741 Kint=100 fe.size=74100 w.rows=741 w.cols=100 lchoose=741 areaidx.len=741 areaidx.range=0..40
[modMDM_BYM2_GH_v2] add_dataset start: nObs=1442 Kint=100 fe.size=144200 w.rows=1442 w.cols=100 lchoose=1442 areaidx.len=1442 areaidx.range=0..37
[modMDM_BYM2_GH_v2] add_dataset start: nObs=572 Kint=16 fe.size=9152 w.rows=572 w.cols=16 lchoose=572 areaidx.len=572 areaidx.range=0..40
[modMDM_BYM2_GH_v2] add_dataset start: nObs=806 Kint=21 fe.size=16926 w.rows=806 w.cols=21 lchoose=806 areaidx.len=806 areaidx.range=0..37
[modMDM_BYM2_GH_v2] sizes: nUrbM=741 nRurM=1442 nUrbD=572 nRurD=806 nAreas=41 KUrbM=100 KRurM=100 KUrbD=16 KRurD=21 Q=10
[modMDM_BYM2_GH_v2] about to multiply Q_bym2 by u_bym2 (nAreas=41)
[modMDM_BYM2_GH_v2] completed Q_bym2 * u_bym2 multiply
[modMDM_BYM2_GH_v2] add_dataset start: nObs=741 Kint=100 fe.size=74100 w.rows=741 w.cols=100 lchoose=741 areaidx.len=741 areaidx.range=0..40
[modMDM_BYM2_GH_v2] add_dataset start: nObs=1442 Kint=100 fe.size=144200 w.rows=1442 w.cols=100 lchoose=1442 areaidx.len=1442 areaidx.range=0..37
[modMDM_BYM2_GH_v2] add_dataset start: nObs=572 Kint=16 fe.size=9152 w.rows=572 w.cols=16 lchoose=572 areaidx.len=572 areaidx.range=0..40
[modMDM_BYM2_GH_v2] add_dataset start: nObs=806 Kint=21 fe.size=16926 w.rows=806 w.cols=21 lchoose=806 areaidx.len=806 areaidx.range=0..37
[modMDM_BYM2_GH_v2] sizes: nUrbM=741 nRurM=1442 nUrbD=572 nRurD=806 nAreas=41 KUrbM=100 KRurM=100 KUrbD=16 KRurD=21 Q=10
[modMDM_BYM2_GH_v2] about to multiply Q_bym2 by u_bym2 (nAreas=41)
[modMDM_BYM2_GH_v2] completed Q_bym2 * u_bym2 multiply
[modMDM_BYM2_GH_v2] add_dataset start: nObs=741 Kint=100 fe.size=74100 w.rows=741 w.cols=100 lchoose=741 areaidx.len=741 areaidx.range=0..40
[modMDM_BYM2_GH_v2] add_dataset start: nObs=1442 Kint=100 fe.size=144200 w.rows=1442 w.cols=100 lchoose=1442 areaidx.len=1442 areaidx.range=0..37
[modMDM_BYM2_GH_v2] add_dataset start: nObs=572 Kint=16 fe.size=9152 w.rows=572 w.cols=16 lchoose=572 areaidx.len=572 areaidx.range=0..40
[modMDM_BYM2_GH_v2] add_dataset start: nObs=806 Kint=21 fe.size=16926 w.rows=806 w.cols=21 lchoose=806 areaidx.len=806 areaidx.range=0..37
Warning in TMB::sdreport(obj, getJointPrecision = TRUE, bias.correct = TRUE,  :
  'bias.correct' does nothing without random effects
fit 3.3 min
  [M_D_BYM2] fitting ... Warning in Matrix.DeprecatedCoerce(cd1, cd2) :
  'as(<dgTMatrix>, "dgCMatrix")' is deprecated.
Use 'as(., "CsparseMatrix")' instead.
See help("Deprecated") and help("Matrix-deprecated").
Warning in eigen.spam(tempQ, symmetric = TRUE) : 
 The eigenvalues are calculated with the function 'eigen' from the base package.
Warning in Matrix.DeprecatedCoerce(cd1, cd2) :
  'as(<dgTMatrix>, "dgCMatrix")' is deprecated.
Use 'as(., "CsparseMatrix")' instead.
See help("Deprecated") and help("Matrix-deprecated").
Warning in eigen.spam(tempQ, symmetric = TRUE) : 
 The eigenvalues are calculated with the function 'eigen' from the base package.
[1] "dyn.unload(dynlib('code/'))"
Warning: 2 external pointers will be removed
[1] "dyn.unload(dynlib('code/'))"
[1] "dyn.unload(dynlib('code/'))"
fit 0.9 min
Warning in .local(A, ...) :
  CHOLMOD warning 'matrix not positive definite' at file 'Supernodal/t_cholmod_super_numeric_worker.c', line 1114
  [M_M_BYM2] fitting ... Warning in Matrix.DeprecatedCoerce(cd1, cd2) :
  'as(<dgTMatrix>, "dgCMatrix")' is deprecated.
Use 'as(., "CsparseMatrix")' instead.
See help("Deprecated") and help("Matrix-deprecated").
Warning in eigen.spam(tempQ, symmetric = TRUE) : 
 The eigenvalues are calculated with the function 'eigen' from the base package.
[1] "dyn.unload(dynlib('code/'))"
[1] "dyn.unload(dynlib('code/'))"
Warning: 3 external pointers will be removed
[1] "dyn.unload(dynlib('code/'))"
fit 8.5 min
% latex table generated in R 4.4.3 by xtable 1.8-4 package
% Wed May 20 01:30:50 2026
\begin{table}[ht]
\centering
\begin{tabular}{rrrrrr}
  \hline
 & Est & Q0.025 & Q0.1 & Q0.9 & Q0.975 \\ 
  \hline
(Int) & -1.43 & -1.84 & -1.70 & -1.17 & -1.04 \\ 
  urb & 0.91 & 0.50 & 0.64 & 1.20 & 1.35 \\ 
  access & -0.01 & -0.43 & -0.28 & 0.26 & 0.41 \\ 
  elev & -0.03 & -0.25 & -0.17 & 0.11 & 0.18 \\ 
  distRiversLakes & 0.01 & -0.18 & -0.11 & 0.14 & 0.20 \\ 
  popValsNorm & 0.61 & -0.01 & 0.21 & 1.02 & 1.23 \\ 
  sigmaSq & 0.25 & 0.13 & 0.16 & 0.36 & 0.45 \\ 
  phi & 0.69 & 0.18 & 0.36 & 0.94 & 0.97 \\ 
  sigmaEpsSq & 1.55 & 1.37 & 1.43 & 1.69 & 1.76 \\ 
   \hline
\end{tabular}
\end{table}
% latex table generated in R 4.4.3 by xtable 1.8-4 package
% Wed May 20 01:38:19 2026
\begin{table}[ht]
\centering
\begin{tabular}{rrrrrr}
  \hline
 & Est & Q0.025 & Q0.1 & Q0.9 & Q0.975 \\ 
  \hline
(Int) & -1.43 & -1.84 & -1.69 & -1.18 & -1.05 \\ 
  urb & 0.91 & 0.47 & 0.63 & 1.19 & 1.33 \\ 
  access & -0.01 & -0.43 & -0.29 & 0.27 & 0.41 \\ 
  elev & -0.03 & -0.25 & -0.17 & 0.10 & 0.18 \\ 
  distRiversLakes & 0.02 & -0.17 & -0.11 & 0.14 & 0.21 \\ 
  popValsNorm & 0.61 & -0.01 & 0.21 & 1.02 & 1.22 \\ 
  sigmaSq & 0.25 & 0.13 & 0.16 & 0.36 & 0.44 \\ 
  phi & 0.70 & 0.19 & 0.36 & 0.94 & 0.97 \\ 
  sigmaEpsSq & 1.55 & 1.36 & 1.43 & 1.69 & 1.77 \\ 
   \hline
\end{tabular}
\end{table}
  [M_DM_BYM2] fitting ... Warning in Matrix.DeprecatedCoerce(cd1, cd2) :
  'as(<dgTMatrix>, "dgCMatrix")' is deprecated.
Use 'as(., "CsparseMatrix")' instead.
See help("Deprecated") and help("Matrix-deprecated").
Warning in eigen.spam(tempQ, symmetric = TRUE) : 
 The eigenvalues are calculated with the function 'eigen' from the base package.
Warning in Matrix.DeprecatedCoerce(cd1, cd2) :
  'as(<dgTMatrix>, "dgCMatrix")' is deprecated.
Use 'as(., "CsparseMatrix")' instead.
See help("Deprecated") and help("Matrix-deprecated").
Warning in eigen.spam(tempQ, symmetric = TRUE) : 
 The eigenvalues are calculated with the function 'eigen' from the base package.
[1] "dyn.unload(dynlib('code/'))"
Warning: 4 external pointers will be removed
[1] "dyn.unload(dynlib('code/'))"
[modMDM_BYM2_GH_v2] sizes: nUrbM=741 nRurM=1442 nUrbD=572 nRurD=806 nAreas=41 KUrbM=100 KRurM=100 KUrbD=16 KRurD=21 Q=10
[modMDM_BYM2_GH_v2] about to multiply Q_bym2 by u_bym2 (nAreas=41)
[modMDM_BYM2_GH_v2] completed Q_bym2 * u_bym2 multiply
[modMDM_BYM2_GH_v2] add_dataset start: nObs=741 Kint=100 fe.size=74100 w.rows=741 w.cols=100 lchoose=741 areaidx.len=741 areaidx.range=0..40
[modMDM_BYM2_GH_v2] add_dataset start: nObs=1442 Kint=100 fe.size=144200 w.rows=1442 w.cols=100 lchoose=1442 areaidx.len=1442 areaidx.range=0..37
[modMDM_BYM2_GH_v2] add_dataset start: nObs=572 Kint=16 fe.size=9152 w.rows=572 w.cols=16 lchoose=572 areaidx.len=572 areaidx.range=0..40
[modMDM_BYM2_GH_v2] add_dataset start: nObs=806 Kint=21 fe.size=16926 w.rows=806 w.cols=21 lchoose=806 areaidx.len=806 areaidx.range=0..37
[modMDM_BYM2_GH_v2] sizes: nUrbM=741 nRurM=1442 nUrbD=572 nRurD=806 nAreas=41 KUrbM=100 KRurM=100 KUrbD=16 KRurD=21 Q=10
[modMDM_BYM2_GH_v2] about to multiply Q_bym2 by u_bym2 (nAreas=41)
[modMDM_BYM2_GH_v2] completed Q_bym2 * u_bym2 multiply
[modMDM_BYM2_GH_v2] add_dataset start: nObs=741 Kint=100 fe.size=74100 w.rows=741 w.cols=100 lchoose=741 areaidx.len=741 areaidx.range=0..40
[modMDM_BYM2_GH_v2] add_dataset start: nObs=1442 Kint=100 fe.size=144200 w.rows=1442 w.cols=100 lchoose=1442 areaidx.len=1442 areaidx.range=0..37
[modMDM_BYM2_GH_v2] add_dataset start: nObs=572 Kint=16 fe.size=9152 w.rows=572 w.cols=16 lchoose=572 areaidx.len=572 areaidx.range=0..40
[modMDM_BYM2_GH_v2] add_dataset start: nObs=806 Kint=21 fe.size=16926 w.rows=806 w.cols=21 lchoose=806 areaidx.len=806 areaidx.range=0..37
[modMDM_BYM2_GH_v2] sizes: nUrbM=741 nRurM=1442 nUrbD=572 nRurD=806 nAreas=41 KUrbM=100 KRurM=100 KUrbD=16 KRurD=21 Q=10
[modMDM_BYM2_GH_v2] about to multiply Q_bym2 by u_bym2 (nAreas=41)
[modMDM_BYM2_GH_v2] completed Q_bym2 * u_bym2 multiply
[modMDM_BYM2_GH_v2] add_dataset start: nObs=741 Kint=100 fe.size=74100 w.rows=741 w.cols=100 lchoose=741 areaidx.len=741 areaidx.range=0..40
[modMDM_BYM2_GH_v2] add_dataset start: nObs=1442 Kint=100 fe.size=144200 w.rows=1442 w.cols=100 lchoose=1442 areaidx.len=1442 areaidx.range=0..37
[modMDM_BYM2_GH_v2] add_dataset start: nObs=572 Kint=16 fe.size=9152 w.rows=572 w.cols=16 lchoose=572 areaidx.len=572 areaidx.range=0..40
[modMDM_BYM2_GH_v2] add_dataset start: nObs=806 Kint=21 fe.size=16926 w.rows=806 w.cols=21 lchoose=806 areaidx.len=806 areaidx.range=0..37
[modMDM_BYM2_GH_v2] sizes: nUrbM=741 nRurM=1442 nUrbD=572 nRurD=806 nAreas=41 KUrbM=100 KRurM=100 KUrbD=16 KRurD=21 Q=10
[modMDM_BYM2_GH_v2] about to multiply Q_bym2 by u_bym2 (nAreas=41)
[modMDM_BYM2_GH_v2] completed Q_bym2 * u_bym2 multiply
[modMDM_BYM2_GH_v2] add_dataset start: nObs=741 Kint=100 fe.size=74100 w.rows=741 w.cols=100 lchoose=741 areaidx.len=741 areaidx.range=0..40
[modMDM_BYM2_GH_v2] add_dataset start: nObs=1442 Kint=100 fe.size=144200 w.rows=1442 w.cols=100 lchoose=1442 areaidx.len=1442 areaidx.range=0..37
[modMDM_BYM2_GH_v2] add_dataset start: nObs=572 Kint=16 fe.size=9152 w.rows=572 w.cols=16 lchoose=572 areaidx.len=572 areaidx.range=0..40
[modMDM_BYM2_GH_v2] add_dataset start: nObs=806 Kint=21 fe.size=16926 w.rows=806 w.cols=21 lchoose=806 areaidx.len=806 areaidx.range=0..37
[1] "dyn.unload(dynlib('code/'))"
Warning: 3 external pointers will be removed
[1] "dyn.unload(dynlib('code/'))"
[modMDM_BYM2_GH_v2] sizes: nUrbM=741 nRurM=1442 nUrbD=572 nRurD=806 nAreas=41 KUrbM=100 KRurM=100 KUrbD=16 KRurD=21 Q=10
[modMDM_BYM2_GH_v2] about to multiply Q_bym2 by u_bym2 (nAreas=41)
[modMDM_BYM2_GH_v2] completed Q_bym2 * u_bym2 multiply
[modMDM_BYM2_GH_v2] add_dataset start: nObs=741 Kint=100 fe.size=74100 w.rows=741 w.cols=100 lchoose=741 areaidx.len=741 areaidx.range=0..40
[modMDM_BYM2_GH_v2] add_dataset start: nObs=1442 Kint=100 fe.size=144200 w.rows=1442 w.cols=100 lchoose=1442 areaidx.len=1442 areaidx.range=0..37
[modMDM_BYM2_GH_v2] add_dataset start: nObs=572 Kint=16 fe.size=9152 w.rows=572 w.cols=16 lchoose=572 areaidx.len=572 areaidx.range=0..40
[modMDM_BYM2_GH_v2] add_dataset start: nObs=806 Kint=21 fe.size=16926 w.rows=806 w.cols=21 lchoose=806 areaidx.len=806 areaidx.range=0..37
[modMDM_BYM2_GH_v2] sizes: nUrbM=741 nRurM=1442 nUrbD=572 nRurD=806 nAreas=41 KUrbM=100 KRurM=100 KUrbD=16 KRurD=21 Q=10
[modMDM_BYM2_GH_v2] about to multiply Q_bym2 by u_bym2 (nAreas=41)
[modMDM_BYM2_GH_v2] completed Q_bym2 * u_bym2 multiply
[modMDM_BYM2_GH_v2] add_dataset start: nObs=741 Kint=100 fe.size=74100 w.rows=741 w.cols=100 lchoose=741 areaidx.len=741 areaidx.range=0..40
[modMDM_BYM2_GH_v2] add_dataset start: nObs=1442 Kint=100 fe.size=144200 w.rows=1442 w.cols=100 lchoose=1442 areaidx.len=1442 areaidx.range=0..37
[modMDM_BYM2_GH_v2] add_dataset start: nObs=572 Kint=16 fe.size=9152 w.rows=572 w.cols=16 lchoose=572 areaidx.len=572 areaidx.range=0..40
[modMDM_BYM2_GH_v2] add_dataset start: nObs=806 Kint=21 fe.size=16926 w.rows=806 w.cols=21 lchoose=806 areaidx.len=806 areaidx.range=0..37
[modMDM_BYM2_GH_v2] sizes: nUrbM=741 nRurM=1442 nUrbD=572 nRurD=806 nAreas=41 KUrbM=100 KRurM=100 KUrbD=16 KRurD=21 Q=10
[modMDM_BYM2_GH_v2] about to multiply Q_bym2 by u_bym2 (nAreas=41)
[modMDM_BYM2_GH_v2] completed Q_bym2 * u_bym2 multiply
[modMDM_BYM2_GH_v2] add_dataset start: nObs=741 Kint=100 fe.size=74100 w.rows=741 w.cols=100 lchoose=741 areaidx.len=741 areaidx.range=0..40
[modMDM_BYM2_GH_v2] add_dataset start: nObs=1442 Kint=100 fe.size=144200 w.rows=1442 w.cols=100 lchoose=1442 areaidx.len=1442 areaidx.range=0..37
[modMDM_BYM2_GH_v2] add_dataset start: nObs=572 Kint=16 fe.size=9152 w.rows=572 w.cols=16 lchoose=572 areaidx.len=572 areaidx.range=0..40
[modMDM_BYM2_GH_v2] add_dataset start: nObs=806 Kint=21 fe.size=16926 w.rows=806 w.cols=21 lchoose=806 areaidx.len=806 areaidx.range=0..37
[modMDM_BYM2_GH_v2] sizes: nUrbM=741 nRurM=1442 nUrbD=572 nRurD=806 nAreas=41 KUrbM=100 KRurM=100 KUrbD=16 KRurD=21 Q=10
[modMDM_BYM2_GH_v2] about to multiply Q_bym2 by u_bym2 (nAreas=41)
[modMDM_BYM2_GH_v2] completed Q_bym2 * u_bym2 multiply
[modMDM_BYM2_GH_v2] add_dataset start: nObs=741 Kint=100 fe.size=74100 w.rows=741 w.cols=100 lchoose=741 areaidx.len=741 areaidx.range=0..40
[modMDM_BYM2_GH_v2] add_dataset start: nObs=1442 Kint=100 fe.size=144200 w.rows=1442 w.cols=100 lchoose=1442 areaidx.len=1442 areaidx.range=0..37
[modMDM_BYM2_GH_v2] add_dataset start: nObs=572 Kint=16 fe.size=9152 w.rows=572 w.cols=16 lchoose=572 areaidx.len=572 areaidx.range=0..40
[modMDM_BYM2_GH_v2] add_dataset start: nObs=806 Kint=21 fe.size=16926 w.rows=806 w.cols=21 lchoose=806 areaidx.len=806 areaidx.range=0..37
[modMDM_BYM2_GH_v2] sizes: nUrbM=741 nRurM=1442 nUrbD=572 nRurD=806 nAreas=41 KUrbM=100 KRurM=100 KUrbD=16 KRurD=21 Q=10
[modMDM_BYM2_GH_v2] about to multiply Q_bym2 by u_bym2 (nAreas=41)
[modMDM_BYM2_GH_v2] completed Q_bym2 * u_bym2 multiply
[modMDM_BYM2_GH_v2] add_dataset start: nObs=741 Kint=100 fe.size=74100 w.rows=741 w.cols=100 lchoose=741 areaidx.len=741 areaidx.range=0..40
[modMDM_BYM2_GH_v2] add_dataset start: nObs=1442 Kint=100 fe.size=144200 w.rows=1442 w.cols=100 lchoose=1442 areaidx.len=1442 areaidx.range=0..37
[modMDM_BYM2_GH_v2] add_dataset start: nObs=572 Kint=16 fe.size=9152 w.rows=572 w.cols=16 lchoose=572 areaidx.len=572 areaidx.range=0..40
[modMDM_BYM2_GH_v2] add_dataset start: nObs=806 Kint=21 fe.size=16926 w.rows=806 w.cols=21 lchoose=806 areaidx.len=806 areaidx.range=0..37
[modMDM_BYM2_GH_v2] sizes: nUrbM=741 nRurM=1442 nUrbD=572 nRurD=806 nAreas=41 KUrbM=100 KRurM=100 KUrbD=16 KRurD=21 Q=10
[modMDM_BYM2_GH_v2] about to multiply Q_bym2 by u_bym2 (nAreas=41)
[modMDM_BYM2_GH_v2] completed Q_bym2 * u_bym2 multiply
[modMDM_BYM2_GH_v2] add_dataset start: nObs=741 Kint=100 fe.size=74100 w.rows=741 w.cols=100 lchoose=741 areaidx.len=741 areaidx.range=0..40
[modMDM_BYM2_GH_v2] add_dataset start: nObs=1442 Kint=100 fe.size=144200 w.rows=1442 w.cols=100 lchoose=1442 areaidx.len=1442 areaidx.range=0..37
[modMDM_BYM2_GH_v2] add_dataset start: nObs=572 Kint=16 fe.size=9152 w.rows=572 w.cols=16 lchoose=572 areaidx.len=572 areaidx.range=0..40
[modMDM_BYM2_GH_v2] add_dataset start: nObs=806 Kint=21 fe.size=16926 w.rows=806 w.cols=21 lchoose=806 areaidx.len=806 areaidx.range=0..37
[modMDM_BYM2_GH_v2] sizes: nUrbM=741 nRurM=1442 nUrbD=572 nRurD=806 nAreas=41 KUrbM=100 KRurM=100 KUrbD=16 KRurD=21 Q=10
[modMDM_BYM2_GH_v2] about to multiply Q_bym2 by u_bym2 (nAreas=41)
[modMDM_BYM2_GH_v2] completed Q_bym2 * u_bym2 multiply
[modMDM_BYM2_GH_v2] add_dataset start: nObs=741 Kint=100 fe.size=74100 w.rows=741 w.cols=100 lchoose=741 areaidx.len=741 areaidx.range=0..40
[modMDM_BYM2_GH_v2] add_dataset start: nObs=1442 Kint=100 fe.size=144200 w.rows=1442 w.cols=100 lchoose=1442 areaidx.len=1442 areaidx.range=0..37
[modMDM_BYM2_GH_v2] add_dataset start: nObs=572 Kint=16 fe.size=9152 w.rows=572 w.cols=16 lchoose=572 areaidx.len=572 areaidx.range=0..40
[modMDM_BYM2_GH_v2] add_dataset start: nObs=806 Kint=21 fe.size=16926 w.rows=806 w.cols=21 lchoose=806 areaidx.len=806 areaidx.range=0..37
[modMDM_BYM2_GH_v2] sizes: nUrbM=741 nRurM=1442 nUrbD=572 nRurD=806 nAreas=41 KUrbM=100 KRurM=100 KUrbD=16 KRurD=21 Q=10
[modMDM_BYM2_GH_v2] about to multiply Q_bym2 by u_bym2 (nAreas=41)
[modMDM_BYM2_GH_v2] completed Q_bym2 * u_bym2 multiply
[modMDM_BYM2_GH_v2] add_dataset start: nObs=741 Kint=100 fe.size=74100 w.rows=741 w.cols=100 lchoose=741 areaidx.len=741 areaidx.range=0..40
[modMDM_BYM2_GH_v2] add_dataset start: nObs=1442 Kint=100 fe.size=144200 w.rows=1442 w.cols=100 lchoose=1442 areaidx.len=1442 areaidx.range=0..37
[modMDM_BYM2_GH_v2] add_dataset start: nObs=572 Kint=16 fe.size=9152 w.rows=572 w.cols=16 lchoose=572 areaidx.len=572 areaidx.range=0..40
[modMDM_BYM2_GH_v2] add_dataset start: nObs=806 Kint=21 fe.size=16926 w.rows=806 w.cols=21 lchoose=806 areaidx.len=806 areaidx.range=0..37
[modMDM_BYM2_GH_v2] sizes: nUrbM=741 nRurM=1442 nUrbD=572 nRurD=806 nAreas=41 KUrbM=100 KRurM=100 KUrbD=16 KRurD=21 Q=10
[modMDM_BYM2_GH_v2] about to multiply Q_bym2 by u_bym2 (nAreas=41)
[modMDM_BYM2_GH_v2] completed Q_bym2 * u_bym2 multiply
[modMDM_BYM2_GH_v2] add_dataset start: nObs=741 Kint=100 fe.size=74100 w.rows=741 w.cols=100 lchoose=741 areaidx.len=741 areaidx.range=0..40
[modMDM_BYM2_GH_v2] add_dataset start: nObs=1442 Kint=100 fe.size=144200 w.rows=1442 w.cols=100 lchoose=1442 areaidx.len=1442 areaidx.range=0..37
[modMDM_BYM2_GH_v2] add_dataset start: nObs=572 Kint=16 fe.size=9152 w.rows=572 w.cols=16 lchoose=572 areaidx.len=572 areaidx.range=0..40
[modMDM_BYM2_GH_v2] add_dataset start: nObs=806 Kint=21 fe.size=16926 w.rows=806 w.cols=21 lchoose=806 areaidx.len=806 areaidx.range=0..37
[modMDM_BYM2_GH_v2] sizes: nUrbM=741 nRurM=1442 nUrbD=572 nRurD=806 nAreas=41 KUrbM=100 KRurM=100 KUrbD=16 KRurD=21 Q=10
[modMDM_BYM2_GH_v2] about to multiply Q_bym2 by u_bym2 (nAreas=41)
[modMDM_BYM2_GH_v2] completed Q_bym2 * u_bym2 multiply
[modMDM_BYM2_GH_v2] add_dataset start: nObs=741 Kint=100 fe.size=74100 w.rows=741 w.cols=100 lchoose=741 areaidx.len=741 areaidx.range=0..40
[modMDM_BYM2_GH_v2] add_dataset start: nObs=1442 Kint=100 fe.size=144200 w.rows=1442 w.cols=100 lchoose=1442 areaidx.len=1442 areaidx.range=0..37
[modMDM_BYM2_GH_v2] add_dataset start: nObs=572 Kint=16 fe.size=9152 w.rows=572 w.cols=16 lchoose=572 areaidx.len=572 areaidx.range=0..40
[modMDM_BYM2_GH_v2] add_dataset start: nObs=806 Kint=21 fe.size=16926 w.rows=806 w.cols=21 lchoose=806 areaidx.len=806 areaidx.range=0..37
[modMDM_BYM2_GH_v2] sizes: nUrbM=741 nRurM=1442 nUrbD=572 nRurD=806 nAreas=41 KUrbM=100 KRurM=100 KUrbD=16 KRurD=21 Q=10
[modMDM_BYM2_GH_v2] about to multiply Q_bym2 by u_bym2 (nAreas=41)
[modMDM_BYM2_GH_v2] completed Q_bym2 * u_bym2 multiply
[modMDM_BYM2_GH_v2] add_dataset start: nObs=741 Kint=100 fe.size=74100 w.rows=741 w.cols=100 lchoose=741 areaidx.len=741 areaidx.range=0..40
[modMDM_BYM2_GH_v2] add_dataset start: nObs=1442 Kint=100 fe.size=144200 w.rows=1442 w.cols=100 lchoose=1442 areaidx.len=1442 areaidx.range=0..37
[modMDM_BYM2_GH_v2] add_dataset start: nObs=572 Kint=16 fe.size=9152 w.rows=572 w.cols=16 lchoose=572 areaidx.len=572 areaidx.range=0..40
[modMDM_BYM2_GH_v2] add_dataset start: nObs=806 Kint=21 fe.size=16926 w.rows=806 w.cols=21 lchoose=806 areaidx.len=806 areaidx.range=0..37
[modMDM_BYM2_GH_v2] sizes: nUrbM=741 nRurM=1442 nUrbD=572 nRurD=806 nAreas=41 KUrbM=100 KRurM=100 KUrbD=16 KRurD=21 Q=10
[modMDM_BYM2_GH_v2] about to multiply Q_bym2 by u_bym2 (nAreas=41)
[modMDM_BYM2_GH_v2] completed Q_bym2 * u_bym2 multiply
[modMDM_BYM2_GH_v2] add_dataset start: nObs=741 Kint=100 fe.size=74100 w.rows=741 w.cols=100 lchoose=741 areaidx.len=741 areaidx.range=0..40
[modMDM_BYM2_GH_v2] add_dataset start: nObs=1442 Kint=100 fe.size=144200 w.rows=1442 w.cols=100 lchoose=1442 areaidx.len=1442 areaidx.range=0..37
[modMDM_BYM2_GH_v2] add_dataset start: nObs=572 Kint=16 fe.size=9152 w.rows=572 w.cols=16 lchoose=572 areaidx.len=572 areaidx.range=0..40
[modMDM_BYM2_GH_v2] add_dataset start: nObs=806 Kint=21 fe.size=16926 w.rows=806 w.cols=21 lchoose=806 areaidx.len=806 areaidx.range=0..37
[modMDM_BYM2_GH_v2] sizes: nUrbM=741 nRurM=1442 nUrbD=572 nRurD=806 nAreas=41 KUrbM=100 KRurM=100 KUrbD=16 KRurD=21 Q=10
[modMDM_BYM2_GH_v2] about to multiply Q_bym2 by u_bym2 (nAreas=41)
[modMDM_BYM2_GH_v2] completed Q_bym2 * u_bym2 multiply
[modMDM_BYM2_GH_v2] add_dataset start: nObs=741 Kint=100 fe.size=74100 w.rows=741 w.cols=100 lchoose=741 areaidx.len=741 areaidx.range=0..40
[modMDM_BYM2_GH_v2] add_dataset start: nObs=1442 Kint=100 fe.size=144200 w.rows=1442 w.cols=100 lchoose=1442 areaidx.len=1442 areaidx.range=0..37
[modMDM_BYM2_GH_v2] add_dataset start: nObs=572 Kint=16 fe.size=9152 w.rows=572 w.cols=16 lchoose=572 areaidx.len=572 areaidx.range=0..40
[modMDM_BYM2_GH_v2] add_dataset start: nObs=806 Kint=21 fe.size=16926 w.rows=806 w.cols=21 lchoose=806 areaidx.len=806 areaidx.range=0..37
[modMDM_BYM2_GH_v2] sizes: nUrbM=741 nRurM=1442 nUrbD=572 nRurD=806 nAreas=41 KUrbM=100 KRurM=100 KUrbD=16 KRurD=21 Q=10
[modMDM_BYM2_GH_v2] about to multiply Q_bym2 by u_bym2 (nAreas=41)
[modMDM_BYM2_GH_v2] completed Q_bym2 * u_bym2 multiply
[modMDM_BYM2_GH_v2] add_dataset start: nObs=741 Kint=100 fe.size=74100 w.rows=741 w.cols=100 lchoose=741 areaidx.len=741 areaidx.range=0..40
[modMDM_BYM2_GH_v2] add_dataset start: nObs=1442 Kint=100 fe.size=144200 w.rows=1442 w.cols=100 lchoose=1442 areaidx.len=1442 areaidx.range=0..37
[modMDM_BYM2_GH_v2] add_dataset start: nObs=572 Kint=16 fe.size=9152 w.rows=572 w.cols=16 lchoose=572 areaidx.len=572 areaidx.range=0..40
[modMDM_BYM2_GH_v2] add_dataset start: nObs=806 Kint=21 fe.size=16926 w.rows=806 w.cols=21 lchoose=806 areaidx.len=806 areaidx.range=0..37
[modMDM_BYM2_GH_v2] sizes: nUrbM=741 nRurM=1442 nUrbD=572 nRurD=806 nAreas=41 KUrbM=100 KRurM=100 KUrbD=16 KRurD=21 Q=10
[modMDM_BYM2_GH_v2] about to multiply Q_bym2 by u_bym2 (nAreas=41)
[modMDM_BYM2_GH_v2] completed Q_bym2 * u_bym2 multiply
[modMDM_BYM2_GH_v2] add_dataset start: nObs=741 Kint=100 fe.size=74100 w.rows=741 w.cols=100 lchoose=741 areaidx.len=741 areaidx.range=0..40
[modMDM_BYM2_GH_v2] add_dataset start: nObs=1442 Kint=100 fe.size=144200 w.rows=1442 w.cols=100 lchoose=1442 areaidx.len=1442 areaidx.range=0..37
[modMDM_BYM2_GH_v2] add_dataset start: nObs=572 Kint=16 fe.size=9152 w.rows=572 w.cols=16 lchoose=572 areaidx.len=572 areaidx.range=0..40
[modMDM_BYM2_GH_v2] add_dataset start: nObs=806 Kint=21 fe.size=16926 w.rows=806 w.cols=21 lchoose=806 areaidx.len=806 areaidx.range=0..37
[modMDM_BYM2_GH_v2] sizes: nUrbM=741 nRurM=1442 nUrbD=572 nRurD=806 nAreas=41 KUrbM=100 KRurM=100 KUrbD=16 KRurD=21 Q=10
[modMDM_BYM2_GH_v2] about to multiply Q_bym2 by u_bym2 (nAreas=41)
[modMDM_BYM2_GH_v2] completed Q_bym2 * u_bym2 multiply
[modMDM_BYM2_GH_v2] add_dataset start: nObs=741 Kint=100 fe.size=74100 w.rows=741 w.cols=100 lchoose=741 areaidx.len=741 areaidx.range=0..40
[modMDM_BYM2_GH_v2] add_dataset start: nObs=1442 Kint=100 fe.size=144200 w.rows=1442 w.cols=100 lchoose=1442 areaidx.len=1442 areaidx.range=0..37
[modMDM_BYM2_GH_v2] add_dataset start: nObs=572 Kint=16 fe.size=9152 w.rows=572 w.cols=16 lchoose=572 areaidx.len=572 areaidx.range=0..40
[modMDM_BYM2_GH_v2] add_dataset start: nObs=806 Kint=21 fe.size=16926 w.rows=806 w.cols=21 lchoose=806 areaidx.len=806 areaidx.range=0..37
fit 74.7 min
% latex table generated in R 4.4.3 by xtable 1.8-4 package
% Wed May 20 03:11:46 2026
\begin{table}[ht]
\centering
\begin{tabular}{rrrrrr}
  \hline
 & Est & Q0.025 & Q0.1 & Q0.9 & Q0.975 \\ 
  \hline
(Int) & -1.36 & -1.53 & -1.47 & -1.24 & -1.17 \\ 
  urb & 0.92 & 0.74 & 0.80 & 1.04 & 1.10 \\ 
  access & 0.05 & -0.05 & -0.01 & 0.12 & 0.16 \\ 
  elev & 0.01 & -0.10 & -0.06 & 0.08 & 0.12 \\ 
  distRiversLakes & -0.15 & -0.26 & -0.22 & -0.08 & -0.03 \\ 
  popValsNorm & 0.64 & 0.42 & 0.49 & 0.79 & 0.86 \\ 
  sigmaSq & 0.31 & 0.17 & 0.20 & 0.43 & 0.51 \\ 
  phi & 0.68 & 0.21 & 0.36 & 0.92 & 0.96 \\ 
  sigmaEpsSq & 1.54 & 1.42 & 1.46 & 1.62 & 1.66 \\ 
   \hline
\end{tabular}
\end{table}
% latex table generated in R 4.4.3 by xtable 1.8-4 package
% Wed May 20 03:16:00 2026
\begin{table}[ht]
\centering
\begin{tabular}{rrrrrr}
  \hline
 & Est & Q0.025 & Q0.1 & Q0.9 & Q0.975 \\ 
  \hline
(Int) & -1.35 & -1.54 & -1.47 & -1.23 & -1.17 \\ 
  urb & 0.92 & 0.73 & 0.80 & 1.04 & 1.10 \\ 
  access & 0.05 & -0.05 & -0.02 & 0.12 & 0.15 \\ 
  elev & 0.01 & -0.10 & -0.06 & 0.08 & 0.12 \\ 
  distRiversLakes & -0.15 & -0.26 & -0.22 & -0.07 & -0.03 \\ 
  popValsNorm & 0.64 & 0.41 & 0.49 & 0.78 & 0.86 \\ 
  sigmaSq & 0.30 & 0.17 & 0.20 & 0.42 & 0.52 \\ 
  phi & 0.68 & 0.21 & 0.37 & 0.92 & 0.96 \\ 
  sigmaEpsSq & 1.54 & 1.42 & 1.46 & 1.62 & 1.67 \\ 
   \hline
\end{tabular}
\end{table}

##### [SPDE] sim 2 #####
  [Md_FE] fitting ... Warning in Matrix.DeprecatedCoerce(cd1, cd2) :
  'as(<dgTMatrix>, "dgCMatrix")' is deprecated.
Use 'as(., "CsparseMatrix")' instead.
See help("Deprecated") and help("Matrix-deprecated").
Warning in eigen.spam(tempQ, symmetric = TRUE) : 
 The eigenvalues are calculated with the function 'eigen' from the base package.
[1] "dyn.unload(dynlib('code/'))"
Warning: 4 external pointers will be removed
[1] "dyn.unload(dynlib('code/'))"
Warning in TMB::sdreport(obj, getJointPrecision = TRUE, bias.correct = TRUE,  :
  'bias.correct' does nothing without random effects
fit 0.0 min
  [Md] fitting ... Warning in Matrix.DeprecatedCoerce(cd1, cd2) :
  'as(<dgTMatrix>, "dgCMatrix")' is deprecated.
Use 'as(., "CsparseMatrix")' instead.
See help("Deprecated") and help("Matrix-deprecated").
Warning in eigen.spam(tempQ, symmetric = TRUE) : 
 The eigenvalues are calculated with the function 'eigen' from the base package.
[1] "dyn.unload(dynlib('code/'))"
[1] "compiling code/modM_DSepRepar.cpp..."
using C++ compiler: 'G__~1.EXE (GCC) 13.3.0'
make: Nothing to be done for 'all'.
[1] "optimizing for tol = 1e-06."
par:
   log_tau  logit_phi log_tauEps 
         0          0          0 
iter: 1  value: 3826.594 mgc: 924.9162 ustep: 1 
iter: 2  value: 3771.136 mgc: 393.2805 ustep: 1 
iter: 3  value: 3769.504 mgc: 49.48559 ustep: 1 
iter: 4  value: 3769.488 mgc: 2.947989 ustep: 1 
iter: 5  value: 3769.488 mgc: 0.03928231 ustep: 1 
iter: 6  value: 3769.488 mgc: 1.547167e-05 ustep: 1 
iter: 7  mgc: 2.67381e-12 
iter: 1  mgc: 2.67381e-12 
Matching hessian patterns... Done
outer mgc:  145.5705 
par:
    log_tau   logit_phi  log_tauEps 
 0.61045113  0.05913061 -5.82282024 
iter: 1  value: 6899.21 mgc: 2.743491 ustep: 1 
iter: 2  value: 6839.629 mgc: 62.96647 ustep: 1 
iter: 3  value: 6822.095 mgc: 18.22746 ustep: 1 
iter: 4  value: 6817.331 mgc: 5.869544 ustep: 1 
iter: 5  value: 6816.541 mgc: 1.664162 ustep: 1 
iter: 6  value: 6816.499 mgc: 0.293109 ustep: 1 
iter: 7  value: 6816.498 mgc: 0.01597162 ustep: 1 
iter: 8  value: 6816.498 mgc: 7.217216e-05 ustep: 1 
iter: 9  mgc: 3.372901e-09 
par:
    log_tau   logit_phi  log_tauEps 
 0.12209023  0.01182612 -1.16456405 
iter: 1  value: 4077.259 mgc: 1.892963 ustep: 1 
iter: 2  value: 4074.521 mgc: 21.57554 ustep: 1 
iter: 3  value: 4074.515 mgc: 0.8329535 ustep: 1 
iter: 4  value: 4074.515 mgc: 0.00174793 ustep: 1 
iter: 5  value: 4074.515 mgc: 1.17494e-08 ustep: 1 
mgc: 1.213555e-13 
par:
     log_tau    logit_phi   log_tauEps 
 0.024418045  0.002365224 -0.232912809 
iter: 1  value: 3810.362 mgc: 0.5717272 ustep: 1 
iter: 2  value: 3810.356 mgc: 1.330538 ustep: 1 
iter: 3  value: 3810.356 mgc: 0.001594615 ustep: 1 
iter: 4  mgc: 2.577677e-09 
iter: 1  mgc: 2.577677e-09 
outer mgc:  82.85026 
par:
   log_tau  logit_phi log_tauEps 
 2.9095777  0.2804940 -0.2754856 
iter: 1  value: 3785.154 mgc: 65.42636 ustep: 1 
iter: 2  value: 3785.135 mgc: 3.885256 ustep: 1 
iter: 3  value: 3785.135 mgc: 0.03470455 ustep: 1 
iter: 4  value: 3785.135 mgc: 5.756737e-06 ustep: 1 
iter: 5  mgc: 1.2458e-13 
iter: 1  mgc: 1.2458e-13 
outer mgc:  71.11016 
par:
   log_tau  logit_phi log_tauEps 
 1.8961070  0.7547443 -0.5718395 
iter: 1  value: 3854.67 mgc: 27.7784 ustep: 1 
iter: 2  value: 3854.646 mgc: 2.646303 ustep: 1 
iter: 3  value: 3854.646 mgc: 0.01286809 ustep: 1 
iter: 4  value: 3854.646 mgc: 5.624639e-07 ustep: 1 
iter: 5  mgc: 2.238261e-13 
iter: 1  mgc: 2.238261e-13 
outer mgc:  13.81708 
par:
   log_tau  logit_phi log_tauEps 
 1.8332228  0.8183100 -0.5241907 
iter: 1  value: 3842.295 mgc: 1.38132 ustep: 1 
iter: 2  value: 3842.295 mgc: 0.05117212 ustep: 1 
iter: 3  value: 3842.295 mgc: 3.258747e-06 ustep: 1 
iter: 4  mgc: 7.870974e-14 
iter: 1  mgc: 7.870974e-14 
outer mgc:  0.7010797 
par:
   log_tau  logit_phi log_tauEps 
 1.8273924  0.8794889 -0.5214496 
iter: 1  value: 3840.849 mgc: 0.406149 ustep: 1 
iter: 2  value: 3840.849 mgc: 0.0002432521 ustep: 1 
iter: 3  mgc: 5.725726e-11 
iter: 1  mgc: 5.725726e-11 
outer mgc:  0.04421178 
par:
   log_tau  logit_phi log_tauEps 
 1.8235697  0.9201965 -0.5212933 
iter: 1  value: 3840.296 mgc: 0.2699677 ustep: 1 
iter: 2  value: 3840.296 mgc: 3.422597e-05 ustep: 1 
iter: 3  mgc: 2.926352e-12 
par:
   log_tau  logit_phi log_tauEps 
 1.8170189  0.9453566 -0.5655051 
iter: 1  value: 3851.224 mgc: 0.2099436 ustep: 1 
iter: 2  value: 3851.224 mgc: 0.0425894 ustep: 1 
iter: 3  value: 3851.224 mgc: 2.365334e-06 ustep: 1 
iter: 4  mgc: 1.664575e-13 
par:
   log_tau  logit_phi log_tauEps 
 1.8222595  0.9252285 -0.5301357 
iter: 1  value: 3842.452 mgc: 0.04164072 ustep: 1 
iter: 2  value: 3842.452 mgc: 0.00173149 ustep: 1 
iter: 3  mgc: 3.787934e-09 
par:
   log_tau  logit_phi log_tauEps 
 1.8233077  0.9212029 -0.5230618 
iter: 1  value: 3840.726 mgc: 0.008314354 ustep: 1 
iter: 2  value: 3840.726 mgc: 6.948317e-05 ustep: 1 
iter: 3  mgc: 5.882988e-12 
par:
   log_tau  logit_phi log_tauEps 
 1.8235173  0.9203977 -0.5216470 
iter: 1  value: 3840.382 mgc: 0.00166232 ustep: 1 
iter: 2  value: 3840.382 mgc: 2.781116e-06 ustep: 1 
iter: 3  mgc: 1.39874e-13 
[1] "completed optimization for tol = 1e-06"
iter: 1  mgc: 1.39874e-13 
outer mgc:  0.01877383 
iter: 1  value: 3840.372 mgc: 0.02134639 ustep: 1 
iter: 2  value: 3840.372 mgc: 4.712196e-07 ustep: 1 
iter: 3  mgc: 2.689283e-13 
outer mgc:  0.01842591 
iter: 1  value: 3840.391 mgc: 0.02131686 ustep: 1 
iter: 2  value: 3840.391 mgc: 4.709565e-07 ustep: 1 
iter: 3  mgc: 1.002826e-13 
outer mgc:  0.01911746 
iter: 1  value: 3840.368 mgc: 0.006137487 ustep: 1 
iter: 2  value: 3840.368 mgc: 1.092875e-08 ustep: 1 
mgc: 2.5506e-13 
outer mgc:  0.01894241 
iter: 1  value: 3840.395 mgc: 0.006131683 ustep: 1 
iter: 2  value: 3840.395 mgc: 1.094182e-08 ustep: 1 
mgc: 6.226572e-14 
outer mgc:  0.01860507 
iter: 1  value: 3840.132 mgc: 0.001840255 ustep: 1 
iter: 2  value: 3840.132 mgc: 2.216647e-05 ustep: 1 
iter: 3  mgc: 7.301647e-13 
outer mgc:  0.2579081 
iter: 1  value: 3840.631 mgc: 0.001838415 ustep: 1 
iter: 2  value: 3840.631 mgc: 2.214635e-05 ustep: 1 
iter: 3  mgc: 9.401858e-13 
outer mgc:  0.2954416 
Re-using symbolic Cholesky
iter: 1  mgc: 1.39874e-13 
Matching hessian patterns... Done
outer mgc:  0.01877383 
iter: 1  mgc: 1.39874e-13 
outer mgc:  0.01877383 
iter: 1  value: 3840.38 mgc: 0.003890349 ustep: 1 
iter: 2  value: 3840.38 mgc: 1.566541e-08 ustep: 1 
mgc: 2.354536e-13 
outer mgc:  0.01871071 
iter: 1  value: 3840.383 mgc: 0.003889367 ustep: 1 
iter: 2  value: 3840.383 mgc: 1.566365e-08 ustep: 1 
mgc: 2.666316e-13 
outer mgc:  0.01883681 
iter: 1  value: 3840.38 mgc: 0.0005646503 ustep: 1 
iter: 2  mgc: 9.275088e-11 
outer mgc:  0.01878935 
iter: 1  value: 3840.383 mgc: 0.0005646012 ustep: 1 
iter: 2  mgc: 9.323909e-11 
outer mgc:  0.0187583 
iter: 1  value: 3840.369 mgc: 9.595085e-05 ustep: 1 
iter: 2  value: 3840.369 mgc: 6.029314e-08 ustep: 1 
mgc: 1.365538e-13 
outer mgc:  0.004341149 
iter: 1  value: 3840.395 mgc: 9.594584e-05 ustep: 1 
iter: 2  value: 3840.395 mgc: 6.028945e-08 ustep: 1 
mgc: 4.551096e-14 
outer mgc:  0.03320647 
iter: 1  value: 3840.381 mgc: 0.001945052 ustep: 1 
iter: 2  mgc: 3.916512e-09 
outer mgc:  0.01874229 
iter: 1  value: 3840.382 mgc: 0.001944806 ustep: 1 
iter: 2  mgc: 3.916125e-09 
outer mgc:  0.01880534 
iter: 1  value: 3840.381 mgc: 0.000282319 ustep: 1 
iter: 2  mgc: 2.351937e-11 
outer mgc:  0.01878159 
iter: 1  value: 3840.382 mgc: 0.0002823067 ustep: 1 
iter: 2  mgc: 2.311155e-11 
outer mgc:  0.01876607 
iter: 1  value: 3840.375 mgc: 4.79748e-05 ustep: 1 
iter: 2  value: 3840.375 mgc: 1.507312e-08 ustep: 1 
mgc: 1.230766e-13 
outer mgc:  0.01155749 
iter: 1  value: 3840.388 mgc: 4.797355e-05 ustep: 1 
iter: 2  value: 3840.388 mgc: 1.507231e-08 ustep: 1 
mgc: 2.210375e-13 
outer mgc:  0.02599016 
iter: 1  value: 3840.381 mgc: 0.0009724952 ustep: 1 
iter: 2  mgc: 9.792635e-10 
outer mgc:  0.01875806 
iter: 1  value: 3840.382 mgc: 0.0009724338 ustep: 1 
iter: 2  mgc: 9.789741e-10 
outer mgc:  0.01878959 
iter: 1  value: 3840.381 mgc: 0.000141158 ustep: 1 
iter: 2  mgc: 5.672682e-12 
outer mgc:  0.01877771 
iter: 1  value: 3840.382 mgc: 0.0001411549 ustep: 1 
iter: 2  mgc: 6.199744e-12 
outer mgc:  0.01876995 
iter: 1  value: 3840.378 mgc: 2.398724e-05 ustep: 1 
iter: 2  mgc: 3.768016e-09 
outer mgc:  0.01516566 
iter: 1  value: 3840.385 mgc: 2.398693e-05 ustep: 1 
iter: 2  mgc: 3.768587e-09 
outer mgc:  0.022382 
iter: 1  value: 3840.381 mgc: 0.0004862399 ustep: 1 
iter: 2  mgc: 2.448552e-10 
outer mgc:  0.01876595 
iter: 1  value: 3840.382 mgc: 0.0004862246 ustep: 1 
iter: 2  mgc: 2.445169e-10 
outer mgc:  0.01878171 
iter: 1  value: 3840.381 mgc: 7.05786e-05 ustep: 1 
iter: 2  mgc: 1.207171e-12 
outer mgc:  0.01877577 
iter: 1  value: 3840.382 mgc: 7.057783e-05 ustep: 1 
iter: 2  mgc: 1.658996e-12 
outer mgc:  0.01877189 
iter: 1  value: 3840.38 mgc: 1.199358e-05 ustep: 1 
iter: 2  mgc: 9.422449e-10 
outer mgc:  0.01696975 
iter: 1  value: 3840.383 mgc: 1.19935e-05 ustep: 1 
iter: 2  mgc: 9.420478e-10 
outer mgc:  0.02057791 
  elapsed 
0.2591667 
[1] "optimization took 0.453999999999966 minutes"
fit 0.5 min
Warning in sweep(gridDraws_tmb, 2, alpha_tmb_draws, "+") :
  length(STATS) or dim(STATS) do not match dim(x)[MARGIN]
Warning in sweep(gridDraws_tmb, 2, alpha_tmb_draws, "+") :
  length(STATS) or dim(STATS) do not match dim(x)[MARGIN]
  [M_D_FE] fitting ... Warning in Matrix.DeprecatedCoerce(cd1, cd2) :
  'as(<dgTMatrix>, "dgCMatrix")' is deprecated.
Use 'as(., "CsparseMatrix")' instead.
See help("Deprecated") and help("Matrix-deprecated").
Warning in eigen.spam(tempQ, symmetric = TRUE) : 
 The eigenvalues are calculated with the function 'eigen' from the base package.
[1] "dyn.unload(dynlib('code/'))"
Warning: 4 external pointers will be removed
[1] "dyn.unload(dynlib('code/'))"
Warning in TMB::sdreport(obj, getJointPrecision = TRUE, bias.correct = TRUE,  :
  'bias.correct' does nothing without random effects
fit 0.1 min
  [M_M_FE] fitting ... [1] "dyn.unload(dynlib('code/'))"
Warning in TMB::sdreport(obj, getJointPrecision = TRUE, bias.correct = TRUE,  :
  'bias.correct' does nothing without random effects
fit 0.3 min
  [M_DM_FE] fitting ... Warning in Matrix.DeprecatedCoerce(cd1, cd2) :
  'as(<dgTMatrix>, "dgCMatrix")' is deprecated.
Use 'as(., "CsparseMatrix")' instead.
See help("Deprecated") and help("Matrix-deprecated").
Warning in eigen.spam(tempQ, symmetric = TRUE) : 
 The eigenvalues are calculated with the function 'eigen' from the base package.
[1] "dyn.unload(dynlib('code/'))"
Warning: 2 external pointers will be removed
[1] "dyn.unload(dynlib('code/'))"
[modMDM_BYM2_GH_v2] sizes: nUrbM=741 nRurM=1442 nUrbD=572 nRurD=806 nAreas=41 KUrbM=100 KRurM=100 KUrbD=16 KRurD=21 Q=10
[modMDM_BYM2_GH_v2] about to multiply Q_bym2 by u_bym2 (nAreas=41)
[modMDM_BYM2_GH_v2] completed Q_bym2 * u_bym2 multiply
[modMDM_BYM2_GH_v2] add_dataset start: nObs=741 Kint=100 fe.size=74100 w.rows=741 w.cols=100 lchoose=741 areaidx.len=741 areaidx.range=0..40
[modMDM_BYM2_GH_v2] add_dataset start: nObs=1442 Kint=100 fe.size=144200 w.rows=1442 w.cols=100 lchoose=1442 areaidx.len=1442 areaidx.range=0..37
[modMDM_BYM2_GH_v2] add_dataset start: nObs=572 Kint=16 fe.size=9152 w.rows=572 w.cols=16 lchoose=572 areaidx.len=572 areaidx.range=0..40
[modMDM_BYM2_GH_v2] add_dataset start: nObs=806 Kint=21 fe.size=16926 w.rows=806 w.cols=21 lchoose=806 areaidx.len=806 areaidx.range=0..37
[modMDM_BYM2_GH_v2] sizes: nUrbM=741 nRurM=1442 nUrbD=572 nRurD=806 nAreas=41 KUrbM=100 KRurM=100 KUrbD=16 KRurD=21 Q=10
[modMDM_BYM2_GH_v2] about to multiply Q_bym2 by u_bym2 (nAreas=41)
[modMDM_BYM2_GH_v2] completed Q_bym2 * u_bym2 multiply
[modMDM_BYM2_GH_v2] add_dataset start: nObs=741 Kint=100 fe.size=74100 w.rows=741 w.cols=100 lchoose=741 areaidx.len=741 areaidx.range=0..40
[modMDM_BYM2_GH_v2] add_dataset start: nObs=1442 Kint=100 fe.size=144200 w.rows=1442 w.cols=100 lchoose=1442 areaidx.len=1442 areaidx.range=0..37
[modMDM_BYM2_GH_v2] add_dataset start: nObs=572 Kint=16 fe.size=9152 w.rows=572 w.cols=16 lchoose=572 areaidx.len=572 areaidx.range=0..40
[modMDM_BYM2_GH_v2] add_dataset start: nObs=806 Kint=21 fe.size=16926 w.rows=806 w.cols=21 lchoose=806 areaidx.len=806 areaidx.range=0..37
[modMDM_BYM2_GH_v2] sizes: nUrbM=741 nRurM=1442 nUrbD=572 nRurD=806 nAreas=41 KUrbM=100 KRurM=100 KUrbD=16 KRurD=21 Q=10
[modMDM_BYM2_GH_v2] about to multiply Q_bym2 by u_bym2 (nAreas=41)
[modMDM_BYM2_GH_v2] completed Q_bym2 * u_bym2 multiply
[modMDM_BYM2_GH_v2] add_dataset start: nObs=741 Kint=100 fe.size=74100 w.rows=741 w.cols=100 lchoose=741 areaidx.len=741 areaidx.range=0..40
[modMDM_BYM2_GH_v2] add_dataset start: nObs=1442 Kint=100 fe.size=144200 w.rows=1442 w.cols=100 lchoose=1442 areaidx.len=1442 areaidx.range=0..37
[modMDM_BYM2_GH_v2] add_dataset start: nObs=572 Kint=16 fe.size=9152 w.rows=572 w.cols=16 lchoose=572 areaidx.len=572 areaidx.range=0..40
[modMDM_BYM2_GH_v2] add_dataset start: nObs=806 Kint=21 fe.size=16926 w.rows=806 w.cols=21 lchoose=806 areaidx.len=806 areaidx.range=0..37
[modMDM_BYM2_GH_v2] sizes: nUrbM=741 nRurM=1442 nUrbD=572 nRurD=806 nAreas=41 KUrbM=100 KRurM=100 KUrbD=16 KRurD=21 Q=10
[modMDM_BYM2_GH_v2] about to multiply Q_bym2 by u_bym2 (nAreas=41)
[modMDM_BYM2_GH_v2] completed Q_bym2 * u_bym2 multiply
[modMDM_BYM2_GH_v2] add_dataset start: nObs=741 Kint=100 fe.size=74100 w.rows=741 w.cols=100 lchoose=741 areaidx.len=741 areaidx.range=0..40
[modMDM_BYM2_GH_v2] add_dataset start: nObs=1442 Kint=100 fe.size=144200 w.rows=1442 w.cols=100 lchoose=1442 areaidx.len=1442 areaidx.range=0..37
[modMDM_BYM2_GH_v2] add_dataset start: nObs=572 Kint=16 fe.size=9152 w.rows=572 w.cols=16 lchoose=572 areaidx.len=572 areaidx.range=0..40
[modMDM_BYM2_GH_v2] add_dataset start: nObs=806 Kint=21 fe.size=16926 w.rows=806 w.cols=21 lchoose=806 areaidx.len=806 areaidx.range=0..37
[modMDM_BYM2_GH_v2] sizes: nUrbM=741 nRurM=1442 nUrbD=572 nRurD=806 nAreas=41 KUrbM=100 KRurM=100 KUrbD=16 KRurD=21 Q=10
[modMDM_BYM2_GH_v2] about to multiply Q_bym2 by u_bym2 (nAreas=41)
[modMDM_BYM2_GH_v2] completed Q_bym2 * u_bym2 multiply
[modMDM_BYM2_GH_v2] add_dataset start: nObs=741 Kint=100 fe.size=74100 w.rows=741 w.cols=100 lchoose=741 areaidx.len=741 areaidx.range=0..40
[modMDM_BYM2_GH_v2] add_dataset start: nObs=1442 Kint=100 fe.size=144200 w.rows=1442 w.cols=100 lchoose=1442 areaidx.len=1442 areaidx.range=0..37
[modMDM_BYM2_GH_v2] add_dataset start: nObs=572 Kint=16 fe.size=9152 w.rows=572 w.cols=16 lchoose=572 areaidx.len=572 areaidx.range=0..40
[modMDM_BYM2_GH_v2] add_dataset start: nObs=806 Kint=21 fe.size=16926 w.rows=806 w.cols=21 lchoose=806 areaidx.len=806 areaidx.range=0..37
[modMDM_BYM2_GH_v2] sizes: nUrbM=741 nRurM=1442 nUrbD=572 nRurD=806 nAreas=41 KUrbM=100 KRurM=100 KUrbD=16 KRurD=21 Q=10
[modMDM_BYM2_GH_v2] about to multiply Q_bym2 by u_bym2 (nAreas=41)
[modMDM_BYM2_GH_v2] completed Q_bym2 * u_bym2 multiply
[modMDM_BYM2_GH_v2] add_dataset start: nObs=741 Kint=100 fe.size=74100 w.rows=741 w.cols=100 lchoose=741 areaidx.len=741 areaidx.range=0..40
[modMDM_BYM2_GH_v2] add_dataset start: nObs=1442 Kint=100 fe.size=144200 w.rows=1442 w.cols=100 lchoose=1442 areaidx.len=1442 areaidx.range=0..37
[modMDM_BYM2_GH_v2] add_dataset start: nObs=572 Kint=16 fe.size=9152 w.rows=572 w.cols=16 lchoose=572 areaidx.len=572 areaidx.range=0..40
[modMDM_BYM2_GH_v2] add_dataset start: nObs=806 Kint=21 fe.size=16926 w.rows=806 w.cols=21 lchoose=806 areaidx.len=806 areaidx.range=0..37
[modMDM_BYM2_GH_v2] sizes: nUrbM=741 nRurM=1442 nUrbD=572 nRurD=806 nAreas=41 KUrbM=100 KRurM=100 KUrbD=16 KRurD=21 Q=10
[modMDM_BYM2_GH_v2] about to multiply Q_bym2 by u_bym2 (nAreas=41)
[modMDM_BYM2_GH_v2] completed Q_bym2 * u_bym2 multiply
[modMDM_BYM2_GH_v2] add_dataset start: nObs=741 Kint=100 fe.size=74100 w.rows=741 w.cols=100 lchoose=741 areaidx.len=741 areaidx.range=0..40
[modMDM_BYM2_GH_v2] add_dataset start: nObs=1442 Kint=100 fe.size=144200 w.rows=1442 w.cols=100 lchoose=1442 areaidx.len=1442 areaidx.range=0..37
[modMDM_BYM2_GH_v2] add_dataset start: nObs=572 Kint=16 fe.size=9152 w.rows=572 w.cols=16 lchoose=572 areaidx.len=572 areaidx.range=0..40
[modMDM_BYM2_GH_v2] add_dataset start: nObs=806 Kint=21 fe.size=16926 w.rows=806 w.cols=21 lchoose=806 areaidx.len=806 areaidx.range=0..37
Warning in TMB::sdreport(obj, getJointPrecision = TRUE, bias.correct = TRUE,  :
  'bias.correct' does nothing without random effects
fit 1.6 min
  [M_D_BYM2] fitting ... Warning in Matrix.DeprecatedCoerce(cd1, cd2) :
  'as(<dgTMatrix>, "dgCMatrix")' is deprecated.
Use 'as(., "CsparseMatrix")' instead.
See help("Deprecated") and help("Matrix-deprecated").
Warning in eigen.spam(tempQ, symmetric = TRUE) : 
 The eigenvalues are calculated with the function 'eigen' from the base package.
Warning in Matrix.DeprecatedCoerce(cd1, cd2) :
  'as(<dgTMatrix>, "dgCMatrix")' is deprecated.
Use 'as(., "CsparseMatrix")' instead.
See help("Deprecated") and help("Matrix-deprecated").
Warning in eigen.spam(tempQ, symmetric = TRUE) : 
 The eigenvalues are calculated with the function 'eigen' from the base package.
[1] "dyn.unload(dynlib('code/'))"
Warning: 2 external pointers will be removed
[1] "dyn.unload(dynlib('code/'))"
[1] "dyn.unload(dynlib('code/'))"
fit 0.3 min
% latex table generated in R 4.4.3 by xtable 1.8-4 package
% Wed May 20 04:41:51 2026
\begin{table}[ht]
\centering
\begin{tabular}{rrrrrr}
  \hline
 & Est & Q0.025 & Q0.1 & Q0.9 & Q0.975 \\ 
  \hline
(Int) & -1.48 & -1.68 & -1.61 & -1.36 & -1.29 \\ 
  urb & 0.89 & 0.62 & 0.72 & 1.06 & 1.16 \\ 
  access & 0.02 & -0.12 & -0.07 & 0.12 & 0.17 \\ 
  elev & -0.02 & -0.10 & -0.07 & 0.03 & 0.06 \\ 
  distRiversLakes & -0.11 & -0.19 & -0.16 & -0.05 & -0.02 \\ 
  popValsNorm & 0.75 & 0.51 & 0.59 & 0.92 & 1.00 \\ 
  sigmaSq & 1.12 & 0.34 & 0.50 & 1.90 & 2.66 \\ 
  phi & 0.50 & 0.03 & 0.09 & 0.90 & 0.97 \\ 
  sigmaEpsSq & 1.83 & 1.63 & 1.70 & 1.96 & 2.04 \\ 
   \hline
\end{tabular}
\end{table}
% latex table generated in R 4.4.3 by xtable 1.8-4 package
% Wed May 20 04:46:28 2026
\begin{table}[ht]
\centering
\begin{tabular}{rrrrrr}
  \hline
 & Est & Q0.025 & Q0.1 & Q0.9 & Q0.975 \\ 
  \hline
(Int) & -1.48 & -1.67 & -1.61 & -1.35 & -1.28 \\ 
  urb & 0.89 & 0.63 & 0.72 & 1.06 & 1.16 \\ 
  access & 0.02 & -0.12 & -0.07 & 0.12 & 0.17 \\ 
  elev & -0.02 & -0.10 & -0.07 & 0.03 & 0.06 \\ 
  distRiversLakes & -0.11 & -0.19 & -0.16 & -0.05 & -0.02 \\ 
  popValsNorm & 0.75 & 0.49 & 0.58 & 0.91 & 0.99 \\ 
  sigmaSq & 1.14 & 0.35 & 0.50 & 1.96 & 2.76 \\ 
  phi & 0.51 & 0.03 & 0.10 & 0.90 & 0.97 \\ 
  sigmaEpsSq & 1.83 & 1.63 & 1.70 & 1.97 & 2.05 \\ 
   \hline
\end{tabular}
\end{table}
  [M_M_BYM2] fitting ... Warning in Matrix.DeprecatedCoerce(cd1, cd2) :
  'as(<dgTMatrix>, "dgCMatrix")' is deprecated.
Use 'as(., "CsparseMatrix")' instead.
See help("Deprecated") and help("Matrix-deprecated").
Warning in eigen.spam(tempQ, symmetric = TRUE) : 
 The eigenvalues are calculated with the function 'eigen' from the base package.
[1] "dyn.unload(dynlib('code/'))"
[1] "dyn.unload(dynlib('code/'))"
Warning: 3 external pointers will be removed
[1] "dyn.unload(dynlib('code/'))"
fit 5.3 min
% latex table generated in R 4.4.3 by xtable 1.8-4 package
% Wed May 20 05:05:00 2026
\begin{table}[ht]
\centering
\begin{tabular}{rrrrrr}
  \hline
 & Est & Q0.025 & Q0.1 & Q0.9 & Q0.975 \\ 
  \hline
(Int) & -1.27 & -1.61 & -1.50 & -1.04 & -0.92 \\ 
  urb & 0.38 & 0.04 & 0.15 & 0.60 & 0.72 \\ 
  access & -0.30 & -0.55 & -0.47 & -0.13 & -0.04 \\ 
  elev & 0.11 & -0.05 & 0.00 & 0.21 & 0.27 \\ 
  distRiversLakes & -0.12 & -0.26 & -0.21 & -0.03 & 0.02 \\ 
  popValsNorm & 0.50 & -0.02 & 0.17 & 0.83 & 1.00 \\ 
  sigmaSq & 0.09 & 0.04 & 0.05 & 0.13 & 0.17 \\ 
  phi & 0.56 & 0.12 & 0.23 & 0.87 & 0.93 \\ 
  sigmaEpsSq & 1.44 & 1.22 & 1.29 & 1.58 & 1.67 \\ 
   \hline
\end{tabular}
\end{table}
% latex table generated in R 4.4.3 by xtable 1.8-4 package
% Wed May 20 05:09:21 2026
\begin{table}[ht]
\centering
\begin{tabular}{rrrrrr}
  \hline
 & Est & Q0.025 & Q0.1 & Q0.9 & Q0.975 \\ 
  \hline
(Int) & -1.27 & -1.61 & -1.50 & -1.04 & -0.92 \\ 
  urb & 0.38 & 0.02 & 0.15 & 0.60 & 0.73 \\ 
  access & -0.29 & -0.56 & -0.47 & -0.12 & -0.03 \\ 
  elev & 0.11 & -0.05 & 0.00 & 0.21 & 0.26 \\ 
  distRiversLakes & -0.12 & -0.26 & -0.21 & -0.03 & 0.02 \\ 
  popValsNorm & 0.50 & -0.02 & 0.17 & 0.84 & 1.01 \\ 
  sigmaSq & 0.09 & 0.04 & 0.05 & 0.14 & 0.18 \\ 
  phi & 0.56 & 0.12 & 0.24 & 0.86 & 0.93 \\ 
  sigmaEpsSq & 1.44 & 1.22 & 1.30 & 1.59 & 1.67 \\ 
   \hline
\end{tabular}
\end{table}
  [M_DM_BYM2] fitting ... Warning in Matrix.DeprecatedCoerce(cd1, cd2) :
  'as(<dgTMatrix>, "dgCMatrix")' is deprecated.
Use 'as(., "CsparseMatrix")' instead.
See help("Deprecated") and help("Matrix-deprecated").
Warning in eigen.spam(tempQ, symmetric = TRUE) : 
 The eigenvalues are calculated with the function 'eigen' from the base package.
Warning in Matrix.DeprecatedCoerce(cd1, cd2) :
  'as(<dgTMatrix>, "dgCMatrix")' is deprecated.
Use 'as(., "CsparseMatrix")' instead.
See help("Deprecated") and help("Matrix-deprecated").
Warning in eigen.spam(tempQ, symmetric = TRUE) : 
 The eigenvalues are calculated with the function 'eigen' from the base package.
[1] "dyn.unload(dynlib('code/'))"
Warning: 4 external pointers will be removed
[1] "dyn.unload(dynlib('code/'))"
[modMDM_BYM2_GH_v2] sizes: nUrbM=741 nRurM=1442 nUrbD=572 nRurD=806 nAreas=41 KUrbM=100 KRurM=100 KUrbD=16 KRurD=21 Q=10
[modMDM_BYM2_GH_v2] about to multiply Q_bym2 by u_bym2 (nAreas=41)
[modMDM_BYM2_GH_v2] completed Q_bym2 * u_bym2 multiply
[modMDM_BYM2_GH_v2] add_dataset start: nObs=741 Kint=100 fe.size=74100 w.rows=741 w.cols=100 lchoose=741 areaidx.len=741 areaidx.range=0..40
[modMDM_BYM2_GH_v2] add_dataset start: nObs=1442 Kint=100 fe.size=144200 w.rows=1442 w.cols=100 lchoose=1442 areaidx.len=1442 areaidx.range=0..37
[modMDM_BYM2_GH_v2] add_dataset start: nObs=572 Kint=16 fe.size=9152 w.rows=572 w.cols=16 lchoose=572 areaidx.len=572 areaidx.range=0..40
[modMDM_BYM2_GH_v2] add_dataset start: nObs=806 Kint=21 fe.size=16926 w.rows=806 w.cols=21 lchoose=806 areaidx.len=806 areaidx.range=0..37
[modMDM_BYM2_GH_v2] sizes: nUrbM=741 nRurM=1442 nUrbD=572 nRurD=806 nAreas=41 KUrbM=100 KRurM=100 KUrbD=16 KRurD=21 Q=10
[modMDM_BYM2_GH_v2] about to multiply Q_bym2 by u_bym2 (nAreas=41)
[modMDM_BYM2_GH_v2] completed Q_bym2 * u_bym2 multiply
[modMDM_BYM2_GH_v2] add_dataset start: nObs=741 Kint=100 fe.size=74100 w.rows=741 w.cols=100 lchoose=741 areaidx.len=741 areaidx.range=0..40
[modMDM_BYM2_GH_v2] add_dataset start: nObs=1442 Kint=100 fe.size=144200 w.rows=1442 w.cols=100 lchoose=1442 areaidx.len=1442 areaidx.range=0..37
[modMDM_BYM2_GH_v2] add_dataset start: nObs=572 Kint=16 fe.size=9152 w.rows=572 w.cols=16 lchoose=572 areaidx.len=572 areaidx.range=0..40
[modMDM_BYM2_GH_v2] add_dataset start: nObs=806 Kint=21 fe.size=16926 w.rows=806 w.cols=21 lchoose=806 areaidx.len=806 areaidx.range=0..37
[modMDM_BYM2_GH_v2] sizes: nUrbM=741 nRurM=1442 nUrbD=572 nRurD=806 nAreas=41 KUrbM=100 KRurM=100 KUrbD=16 KRurD=21 Q=10
[modMDM_BYM2_GH_v2] about to multiply Q_bym2 by u_bym2 (nAreas=41)
[modMDM_BYM2_GH_v2] completed Q_bym2 * u_bym2 multiply
[modMDM_BYM2_GH_v2] add_dataset start: nObs=741 Kint=100 fe.size=74100 w.rows=741 w.cols=100 lchoose=741 areaidx.len=741 areaidx.range=0..40
[modMDM_BYM2_GH_v2] add_dataset start: nObs=1442 Kint=100 fe.size=144200 w.rows=1442 w.cols=100 lchoose=1442 areaidx.len=1442 areaidx.range=0..37
[modMDM_BYM2_GH_v2] add_dataset start: nObs=572 Kint=16 fe.size=9152 w.rows=572 w.cols=16 lchoose=572 areaidx.len=572 areaidx.range=0..40
[modMDM_BYM2_GH_v2] add_dataset start: nObs=806 Kint=21 fe.size=16926 w.rows=806 w.cols=21 lchoose=806 areaidx.len=806 areaidx.range=0..37
[modMDM_BYM2_GH_v2] sizes: nUrbM=741 nRurM=1442 nUrbD=572 nRurD=806 nAreas=41 KUrbM=100 KRurM=100 KUrbD=16 KRurD=21 Q=10
[modMDM_BYM2_GH_v2] about to multiply Q_bym2 by u_bym2 (nAreas=41)
[modMDM_BYM2_GH_v2] completed Q_bym2 * u_bym2 multiply
[modMDM_BYM2_GH_v2] add_dataset start: nObs=741 Kint=100 fe.size=74100 w.rows=741 w.cols=100 lchoose=741 areaidx.len=741 areaidx.range=0..40
[modMDM_BYM2_GH_v2] add_dataset start: nObs=1442 Kint=100 fe.size=144200 w.rows=1442 w.cols=100 lchoose=1442 areaidx.len=1442 areaidx.range=0..37
[modMDM_BYM2_GH_v2] add_dataset start: nObs=572 Kint=16 fe.size=9152 w.rows=572 w.cols=16 lchoose=572 areaidx.len=572 areaidx.range=0..40
[modMDM_BYM2_GH_v2] add_dataset start: nObs=806 Kint=21 fe.size=16926 w.rows=806 w.cols=21 lchoose=806 areaidx.len=806 areaidx.range=0..37
[1] "dyn.unload(dynlib('code/'))"
Warning: 3 external pointers will be removed
[1] "dyn.unload(dynlib('code/'))"
[modMDM_BYM2_GH_v2] sizes: nUrbM=741 nRurM=1442 nUrbD=572 nRurD=806 nAreas=41 KUrbM=100 KRurM=100 KUrbD=16 KRurD=21 Q=10
[modMDM_BYM2_GH_v2] about to multiply Q_bym2 by u_bym2 (nAreas=41)
[modMDM_BYM2_GH_v2] completed Q_bym2 * u_bym2 multiply
[modMDM_BYM2_GH_v2] add_dataset start: nObs=741 Kint=100 fe.size=74100 w.rows=741 w.cols=100 lchoose=741 areaidx.len=741 areaidx.range=0..40
[modMDM_BYM2_GH_v2] add_dataset start: nObs=1442 Kint=100 fe.size=144200 w.rows=1442 w.cols=100 lchoose=1442 areaidx.len=1442 areaidx.range=0..37
[modMDM_BYM2_GH_v2] add_dataset start: nObs=572 Kint=16 fe.size=9152 w.rows=572 w.cols=16 lchoose=572 areaidx.len=572 areaidx.range=0..40
[modMDM_BYM2_GH_v2] add_dataset start: nObs=806 Kint=21 fe.size=16926 w.rows=806 w.cols=21 lchoose=806 areaidx.len=806 areaidx.range=0..37
[modMDM_BYM2_GH_v2] sizes: nUrbM=741 nRurM=1442 nUrbD=572 nRurD=806 nAreas=41 KUrbM=100 KRurM=100 KUrbD=16 KRurD=21 Q=10
[modMDM_BYM2_GH_v2] about to multiply Q_bym2 by u_bym2 (nAreas=41)
[modMDM_BYM2_GH_v2] completed Q_bym2 * u_bym2 multiply
[modMDM_BYM2_GH_v2] add_dataset start: nObs=741 Kint=100 fe.size=74100 w.rows=741 w.cols=100 lchoose=741 areaidx.len=741 areaidx.range=0..40
[modMDM_BYM2_GH_v2] add_dataset start: nObs=1442 Kint=100 fe.size=144200 w.rows=1442 w.cols=100 lchoose=1442 areaidx.len=1442 areaidx.range=0..37
[modMDM_BYM2_GH_v2] add_dataset start: nObs=572 Kint=16 fe.size=9152 w.rows=572 w.cols=16 lchoose=572 areaidx.len=572 areaidx.range=0..40
[modMDM_BYM2_GH_v2] add_dataset start: nObs=806 Kint=21 fe.size=16926 w.rows=806 w.cols=21 lchoose=806 areaidx.len=806 areaidx.range=0..37
[modMDM_BYM2_GH_v2] sizes: nUrbM=741 nRurM=1442 nUrbD=572 nRurD=806 nAreas=41 KUrbM=100 KRurM=100 KUrbD=16 KRurD=21 Q=10
[modMDM_BYM2_GH_v2] about to multiply Q_bym2 by u_bym2 (nAreas=41)
[modMDM_BYM2_GH_v2] completed Q_bym2 * u_bym2 multiply
[modMDM_BYM2_GH_v2] add_dataset start: nObs=741 Kint=100 fe.size=74100 w.rows=741 w.cols=100 lchoose=741 areaidx.len=741 areaidx.range=0..40
[modMDM_BYM2_GH_v2] add_dataset start: nObs=1442 Kint=100 fe.size=144200 w.rows=1442 w.cols=100 lchoose=1442 areaidx.len=1442 areaidx.range=0..37
[modMDM_BYM2_GH_v2] add_dataset start: nObs=572 Kint=16 fe.size=9152 w.rows=572 w.cols=16 lchoose=572 areaidx.len=572 areaidx.range=0..40
[modMDM_BYM2_GH_v2] add_dataset start: nObs=806 Kint=21 fe.size=16926 w.rows=806 w.cols=21 lchoose=806 areaidx.len=806 areaidx.range=0..37
[modMDM_BYM2_GH_v2] sizes: nUrbM=741 nRurM=1442 nUrbD=572 nRurD=806 nAreas=41 KUrbM=100 KRurM=100 KUrbD=16 KRurD=21 Q=10
[modMDM_BYM2_GH_v2] about to multiply Q_bym2 by u_bym2 (nAreas=41)
[modMDM_BYM2_GH_v2] completed Q_bym2 * u_bym2 multiply
[modMDM_BYM2_GH_v2] add_dataset start: nObs=741 Kint=100 fe.size=74100 w.rows=741 w.cols=100 lchoose=741 areaidx.len=741 areaidx.range=0..40
[modMDM_BYM2_GH_v2] add_dataset start: nObs=1442 Kint=100 fe.size=144200 w.rows=1442 w.cols=100 lchoose=1442 areaidx.len=1442 areaidx.range=0..37
[modMDM_BYM2_GH_v2] add_dataset start: nObs=572 Kint=16 fe.size=9152 w.rows=572 w.cols=16 lchoose=572 areaidx.len=572 areaidx.range=0..40
[modMDM_BYM2_GH_v2] add_dataset start: nObs=806 Kint=21 fe.size=16926 w.rows=806 w.cols=21 lchoose=806 areaidx.len=806 areaidx.range=0..37
[modMDM_BYM2_GH_v2] sizes: nUrbM=741 nRurM=1442 nUrbD=572 nRurD=806 nAreas=41 KUrbM=100 KRurM=100 KUrbD=16 KRurD=21 Q=10
[modMDM_BYM2_GH_v2] about to multiply Q_bym2 by u_bym2 (nAreas=41)
[modMDM_BYM2_GH_v2] completed Q_bym2 * u_bym2 multiply
[modMDM_BYM2_GH_v2] add_dataset start: nObs=741 Kint=100 fe.size=74100 w.rows=741 w.cols=100 lchoose=741 areaidx.len=741 areaidx.range=0..40
[modMDM_BYM2_GH_v2] add_dataset start: nObs=1442 Kint=100 fe.size=144200 w.rows=1442 w.cols=100 lchoose=1442 areaidx.len=1442 areaidx.range=0..37
[modMDM_BYM2_GH_v2] add_dataset start: nObs=572 Kint=16 fe.size=9152 w.rows=572 w.cols=16 lchoose=572 areaidx.len=572 areaidx.range=0..40
[modMDM_BYM2_GH_v2] add_dataset start: nObs=806 Kint=21 fe.size=16926 w.rows=806 w.cols=21 lchoose=806 areaidx.len=806 areaidx.range=0..37
[modMDM_BYM2_GH_v2] sizes: nUrbM=741 nRurM=1442 nUrbD=572 nRurD=806 nAreas=41 KUrbM=100 KRurM=100 KUrbD=16 KRurD=21 Q=10
[modMDM_BYM2_GH_v2] about to multiply Q_bym2 by u_bym2 (nAreas=41)
[modMDM_BYM2_GH_v2] completed Q_bym2 * u_bym2 multiply
[modMDM_BYM2_GH_v2] add_dataset start: nObs=741 Kint=100 fe.size=74100 w.rows=741 w.cols=100 lchoose=741 areaidx.len=741 areaidx.range=0..40
[modMDM_BYM2_GH_v2] add_dataset start: nObs=1442 Kint=100 fe.size=144200 w.rows=1442 w.cols=100 lchoose=1442 areaidx.len=1442 areaidx.range=0..37
[modMDM_BYM2_GH_v2] add_dataset start: nObs=572 Kint=16 fe.size=9152 w.rows=572 w.cols=16 lchoose=572 areaidx.len=572 areaidx.range=0..40
[modMDM_BYM2_GH_v2] add_dataset start: nObs=806 Kint=21 fe.size=16926 w.rows=806 w.cols=21 lchoose=806 areaidx.len=806 areaidx.range=0..37
[modMDM_BYM2_GH_v2] sizes: nUrbM=741 nRurM=1442 nUrbD=572 nRurD=806 nAreas=41 KUrbM=100 KRurM=100 KUrbD=16 KRurD=21 Q=10
[modMDM_BYM2_GH_v2] about to multiply Q_bym2 by u_bym2 (nAreas=41)
[modMDM_BYM2_GH_v2] completed Q_bym2 * u_bym2 multiply
[modMDM_BYM2_GH_v2] add_dataset start: nObs=741 Kint=100 fe.size=74100 w.rows=741 w.cols=100 lchoose=741 areaidx.len=741 areaidx.range=0..40
[modMDM_BYM2_GH_v2] add_dataset start: nObs=1442 Kint=100 fe.size=144200 w.rows=1442 w.cols=100 lchoose=1442 areaidx.len=1442 areaidx.range=0..37
[modMDM_BYM2_GH_v2] add_dataset start: nObs=572 Kint=16 fe.size=9152 w.rows=572 w.cols=16 lchoose=572 areaidx.len=572 areaidx.range=0..40
[modMDM_BYM2_GH_v2] add_dataset start: nObs=806 Kint=21 fe.size=16926 w.rows=806 w.cols=21 lchoose=806 areaidx.len=806 areaidx.range=0..37
[modMDM_BYM2_GH_v2] sizes: nUrbM=741 nRurM=1442 nUrbD=572 nRurD=806 nAreas=41 KUrbM=100 KRurM=100 KUrbD=16 KRurD=21 Q=10
[modMDM_BYM2_GH_v2] about to multiply Q_bym2 by u_bym2 (nAreas=41)
[modMDM_BYM2_GH_v2] completed Q_bym2 * u_bym2 multiply
[modMDM_BYM2_GH_v2] add_dataset start: nObs=741 Kint=100 fe.size=74100 w.rows=741 w.cols=100 lchoose=741 areaidx.len=741 areaidx.range=0..40
[modMDM_BYM2_GH_v2] add_dataset start: nObs=1442 Kint=100 fe.size=144200 w.rows=1442 w.cols=100 lchoose=1442 areaidx.len=1442 areaidx.range=0..37
[modMDM_BYM2_GH_v2] add_dataset start: nObs=572 Kint=16 fe.size=9152 w.rows=572 w.cols=16 lchoose=572 areaidx.len=572 areaidx.range=0..40
[modMDM_BYM2_GH_v2] add_dataset start: nObs=806 Kint=21 fe.size=16926 w.rows=806 w.cols=21 lchoose=806 areaidx.len=806 areaidx.range=0..37
[modMDM_BYM2_GH_v2] sizes: nUrbM=741 nRurM=1442 nUrbD=572 nRurD=806 nAreas=41 KUrbM=100 KRurM=100 KUrbD=16 KRurD=21 Q=10
[modMDM_BYM2_GH_v2] about to multiply Q_bym2 by u_bym2 (nAreas=41)
[modMDM_BYM2_GH_v2] completed Q_bym2 * u_bym2 multiply
[modMDM_BYM2_GH_v2] add_dataset start: nObs=741 Kint=100 fe.size=74100 w.rows=741 w.cols=100 lchoose=741 areaidx.len=741 areaidx.range=0..40
[modMDM_BYM2_GH_v2] add_dataset start: nObs=1442 Kint=100 fe.size=144200 w.rows=1442 w.cols=100 lchoose=1442 areaidx.len=1442 areaidx.range=0..37
[modMDM_BYM2_GH_v2] add_dataset start: nObs=572 Kint=16 fe.size=9152 w.rows=572 w.cols=16 lchoose=572 areaidx.len=572 areaidx.range=0..40
[modMDM_BYM2_GH_v2] add_dataset start: nObs=806 Kint=21 fe.size=16926 w.rows=806 w.cols=21 lchoose=806 areaidx.len=806 areaidx.range=0..37
[modMDM_BYM2_GH_v2] sizes: nUrbM=741 nRurM=1442 nUrbD=572 nRurD=806 nAreas=41 KUrbM=100 KRurM=100 KUrbD=16 KRurD=21 Q=10
[modMDM_BYM2_GH_v2] about to multiply Q_bym2 by u_bym2 (nAreas=41)
[modMDM_BYM2_GH_v2] completed Q_bym2 * u_bym2 multiply
[modMDM_BYM2_GH_v2] add_dataset start: nObs=741 Kint=100 fe.size=74100 w.rows=741 w.cols=100 lchoose=741 areaidx.len=741 areaidx.range=0..40
[modMDM_BYM2_GH_v2] add_dataset start: nObs=1442 Kint=100 fe.size=144200 w.rows=1442 w.cols=100 lchoose=1442 areaidx.len=1442 areaidx.range=0..37
[modMDM_BYM2_GH_v2] add_dataset start: nObs=572 Kint=16 fe.size=9152 w.rows=572 w.cols=16 lchoose=572 areaidx.len=572 areaidx.range=0..40
[modMDM_BYM2_GH_v2] add_dataset start: nObs=806 Kint=21 fe.size=16926 w.rows=806 w.cols=21 lchoose=806 areaidx.len=806 areaidx.range=0..37
[modMDM_BYM2_GH_v2] sizes: nUrbM=741 nRurM=1442 nUrbD=572 nRurD=806 nAreas=41 KUrbM=100 KRurM=100 KUrbD=16 KRurD=21 Q=10
[modMDM_BYM2_GH_v2] about to multiply Q_bym2 by u_bym2 (nAreas=41)
[modMDM_BYM2_GH_v2] completed Q_bym2 * u_bym2 multiply
[modMDM_BYM2_GH_v2] add_dataset start: nObs=741 Kint=100 fe.size=74100 w.rows=741 w.cols=100 lchoose=741 areaidx.len=741 areaidx.range=0..40
[modMDM_BYM2_GH_v2] add_dataset start: nObs=1442 Kint=100 fe.size=144200 w.rows=1442 w.cols=100 lchoose=1442 areaidx.len=1442 areaidx.range=0..37
[modMDM_BYM2_GH_v2] add_dataset start: nObs=572 Kint=16 fe.size=9152 w.rows=572 w.cols=16 lchoose=572 areaidx.len=572 areaidx.range=0..40
[modMDM_BYM2_GH_v2] add_dataset start: nObs=806 Kint=21 fe.size=16926 w.rows=806 w.cols=21 lchoose=806 areaidx.len=806 areaidx.range=0..37
[modMDM_BYM2_GH_v2] sizes: nUrbM=741 nRurM=1442 nUrbD=572 nRurD=806 nAreas=41 KUrbM=100 KRurM=100 KUrbD=16 KRurD=21 Q=10
[modMDM_BYM2_GH_v2] about to multiply Q_bym2 by u_bym2 (nAreas=41)
[modMDM_BYM2_GH_v2] completed Q_bym2 * u_bym2 multiply
[modMDM_BYM2_GH_v2] add_dataset start: nObs=741 Kint=100 fe.size=74100 w.rows=741 w.cols=100 lchoose=741 areaidx.len=741 areaidx.range=0..40
[modMDM_BYM2_GH_v2] add_dataset start: nObs=1442 Kint=100 fe.size=144200 w.rows=1442 w.cols=100 lchoose=1442 areaidx.len=1442 areaidx.range=0..37
[modMDM_BYM2_GH_v2] add_dataset start: nObs=572 Kint=16 fe.size=9152 w.rows=572 w.cols=16 lchoose=572 areaidx.len=572 areaidx.range=0..40
[modMDM_BYM2_GH_v2] add_dataset start: nObs=806 Kint=21 fe.size=16926 w.rows=806 w.cols=21 lchoose=806 areaidx.len=806 areaidx.range=0..37
[modMDM_BYM2_GH_v2] sizes: nUrbM=741 nRurM=1442 nUrbD=572 nRurD=806 nAreas=41 KUrbM=100 KRurM=100 KUrbD=16 KRurD=21 Q=10
[modMDM_BYM2_GH_v2] about to multiply Q_bym2 by u_bym2 (nAreas=41)
[modMDM_BYM2_GH_v2] completed Q_bym2 * u_bym2 multiply
[modMDM_BYM2_GH_v2] add_dataset start: nObs=741 Kint=100 fe.size=74100 w.rows=741 w.cols=100 lchoose=741 areaidx.len=741 areaidx.range=0..40
[modMDM_BYM2_GH_v2] add_dataset start: nObs=1442 Kint=100 fe.size=144200 w.rows=1442 w.cols=100 lchoose=1442 areaidx.len=1442 areaidx.range=0..37
[modMDM_BYM2_GH_v2] add_dataset start: nObs=572 Kint=16 fe.size=9152 w.rows=572 w.cols=16 lchoose=572 areaidx.len=572 areaidx.range=0..40
[modMDM_BYM2_GH_v2] add_dataset start: nObs=806 Kint=21 fe.size=16926 w.rows=806 w.cols=21 lchoose=806 areaidx.len=806 areaidx.range=0..37
[modMDM_BYM2_GH_v2] sizes: nUrbM=741 nRurM=1442 nUrbD=572 nRurD=806 nAreas=41 KUrbM=100 KRurM=100 KUrbD=16 KRurD=21 Q=10
[modMDM_BYM2_GH_v2] about to multiply Q_bym2 by u_bym2 (nAreas=41)
[modMDM_BYM2_GH_v2] completed Q_bym2 * u_bym2 multiply
[modMDM_BYM2_GH_v2] add_dataset start: nObs=741 Kint=100 fe.size=74100 w.rows=741 w.cols=100 lchoose=741 areaidx.len=741 areaidx.range=0..40
[modMDM_BYM2_GH_v2] add_dataset start: nObs=1442 Kint=100 fe.size=144200 w.rows=1442 w.cols=100 lchoose=1442 areaidx.len=1442 areaidx.range=0..37
[modMDM_BYM2_GH_v2] add_dataset start: nObs=572 Kint=16 fe.size=9152 w.rows=572 w.cols=16 lchoose=572 areaidx.len=572 areaidx.range=0..40
[modMDM_BYM2_GH_v2] add_dataset start: nObs=806 Kint=21 fe.size=16926 w.rows=806 w.cols=21 lchoose=806 areaidx.len=806 areaidx.range=0..37
[modMDM_BYM2_GH_v2] sizes: nUrbM=741 nRurM=1442 nUrbD=572 nRurD=806 nAreas=41 KUrbM=100 KRurM=100 KUrbD=16 KRurD=21 Q=10
[modMDM_BYM2_GH_v2] about to multiply Q_bym2 by u_bym2 (nAreas=41)
[modMDM_BYM2_GH_v2] completed Q_bym2 * u_bym2 multiply
[modMDM_BYM2_GH_v2] add_dataset start: nObs=741 Kint=100 fe.size=74100 w.rows=741 w.cols=100 lchoose=741 areaidx.len=741 areaidx.range=0..40
[modMDM_BYM2_GH_v2] add_dataset start: nObs=1442 Kint=100 fe.size=144200 w.rows=1442 w.cols=100 lchoose=1442 areaidx.len=1442 areaidx.range=0..37
[modMDM_BYM2_GH_v2] add_dataset start: nObs=572 Kint=16 fe.size=9152 w.rows=572 w.cols=16 lchoose=572 areaidx.len=572 areaidx.range=0..40
[modMDM_BYM2_GH_v2] add_dataset start: nObs=806 Kint=21 fe.size=16926 w.rows=806 w.cols=21 lchoose=806 areaidx.len=806 areaidx.range=0..37
[modMDM_BYM2_GH_v2] sizes: nUrbM=741 nRurM=1442 nUrbD=572 nRurD=806 nAreas=41 KUrbM=100 KRurM=100 KUrbD=16 KRurD=21 Q=10
[modMDM_BYM2_GH_v2] about to multiply Q_bym2 by u_bym2 (nAreas=41)
[modMDM_BYM2_GH_v2] completed Q_bym2 * u_bym2 multiply
[modMDM_BYM2_GH_v2] add_dataset start: nObs=741 Kint=100 fe.size=74100 w.rows=741 w.cols=100 lchoose=741 areaidx.len=741 areaidx.range=0..40
[modMDM_BYM2_GH_v2] add_dataset start: nObs=1442 Kint=100 fe.size=144200 w.rows=1442 w.cols=100 lchoose=1442 areaidx.len=1442 areaidx.range=0..37
[modMDM_BYM2_GH_v2] add_dataset start: nObs=572 Kint=16 fe.size=9152 w.rows=572 w.cols=16 lchoose=572 areaidx.len=572 areaidx.range=0..40
[modMDM_BYM2_GH_v2] add_dataset start: nObs=806 Kint=21 fe.size=16926 w.rows=806 w.cols=21 lchoose=806 areaidx.len=806 areaidx.range=0..37
fit 69.5 min
% latex table generated in R 4.4.3 by xtable 1.8-4 package
% Wed May 20 06:32:27 2026
\begin{table}[ht]
\centering
\begin{tabular}{rrrrrr}
  \hline
 & Est & Q0.025 & Q0.1 & Q0.9 & Q0.975 \\ 
  \hline
(Int) & -1.12 & -1.30 & -1.24 & -1.00 & -0.94 \\ 
  urb & 0.96 & 0.77 & 0.83 & 1.09 & 1.15 \\ 
  access & 0.04 & -0.08 & -0.04 & 0.12 & 0.16 \\ 
  elev & 0.09 & -0.02 & 0.02 & 0.16 & 0.19 \\ 
  distRiversLakes & -0.07 & -0.17 & -0.14 & -0.01 & 0.03 \\ 
  popValsNorm & 0.54 & 0.32 & 0.39 & 0.69 & 0.77 \\ 
  sigmaSq & 0.15 & 0.08 & 0.10 & 0.22 & 0.26 \\ 
  phi & 0.70 & 0.22 & 0.38 & 0.93 & 0.97 \\ 
  sigmaEpsSq & 1.68 & 1.55 & 1.59 & 1.77 & 1.82 \\ 
   \hline
\end{tabular}
\end{table}
% latex table generated in R 4.4.3 by xtable 1.8-4 package
% Wed May 20 06:36:58 2026
\begin{table}[ht]
\centering
\begin{tabular}{rrrrrr}
  \hline
 & Est & Q0.025 & Q0.1 & Q0.9 & Q0.975 \\ 
  \hline
(Int) & -1.12 & -1.29 & -1.24 & -1.00 & -0.94 \\ 
  urb & 0.96 & 0.76 & 0.83 & 1.08 & 1.15 \\ 
  access & 0.04 & -0.09 & -0.04 & 0.12 & 0.16 \\ 
  elev & 0.09 & -0.02 & 0.02 & 0.16 & 0.19 \\ 
  distRiversLakes & -0.07 & -0.17 & -0.14 & -0.00 & 0.03 \\ 
  popValsNorm & 0.54 & 0.32 & 0.40 & 0.68 & 0.75 \\ 
  sigmaSq & 0.15 & 0.08 & 0.10 & 0.21 & 0.27 \\ 
  phi & 0.71 & 0.23 & 0.40 & 0.93 & 0.97 \\ 
  sigmaEpsSq & 1.68 & 1.55 & 1.59 & 1.77 & 1.82 \\ 
   \hline
\end{tabular}
\end{table}

##### [SPDE] sim 3 #####
  [Md_FE] fitting ... Warning in Matrix.DeprecatedCoerce(cd1, cd2) :
  'as(<dgTMatrix>, "dgCMatrix")' is deprecated.
Use 'as(., "CsparseMatrix")' instead.
See help("Deprecated") and help("Matrix-deprecated").
Warning in eigen.spam(tempQ, symmetric = TRUE) : 
 The eigenvalues are calculated with the function 'eigen' from the base package.
[1] "dyn.unload(dynlib('code/'))"
Warning: 4 external pointers will be removed
[1] "dyn.unload(dynlib('code/'))"
Warning in TMB::sdreport(obj, getJointPrecision = TRUE, bias.correct = TRUE,  :
  'bias.correct' does nothing without random effects
fit 0.0 min
  [Md] fitting ... Warning in Matrix.DeprecatedCoerce(cd1, cd2) :
  'as(<dgTMatrix>, "dgCMatrix")' is deprecated.
Use 'as(., "CsparseMatrix")' instead.
See help("Deprecated") and help("Matrix-deprecated").
Warning in eigen.spam(tempQ, symmetric = TRUE) : 
 The eigenvalues are calculated with the function 'eigen' from the base package.
[1] "dyn.unload(dynlib('code/'))"
[1] "compiling code/modM_DSepRepar.cpp..."
using C++ compiler: 'G__~1.EXE (GCC) 13.3.0'
make: Nothing to be done for 'all'.
[1] "optimizing for tol = 1e-06."
par:
   log_tau  logit_phi log_tauEps 
         0          0          0 
iter: 1  value: 3824.497 mgc: 521.4462 ustep: 1 
iter: 2  value: 3777.128 mgc: 410.2348 ustep: 1 
iter: 3  value: 3776.49 mgc: 28.75011 ustep: 1 
iter: 4  value: 3776.489 mgc: 0.6839731 ustep: 1 
iter: 5  value: 3776.489 mgc: 0.001125453 ustep: 1 
iter: 6  value: 3776.489 mgc: 2.28836e-08 ustep: 1 
mgc: 7.543881e-14 
iter: 1  mgc: 7.543881e-14 
Matching hessian patterns... Done
outer mgc:  137.8322 
par:
    log_tau   logit_phi  log_tauEps 
 0.57223217  0.06305311 -5.51328720 
iter: 1  value: 6705.898 mgc: 2.617908 ustep: 1 
iter: 2  value: 6650.159 mgc: 60.32624 ustep: 1 
iter: 3  value: 6634.489 mgc: 18.40828 ustep: 1 
iter: 4  value: 6630.636 mgc: 5.779962 ustep: 1 
iter: 5  value: 6630.131 mgc: 1.497195 ustep: 1 
iter: 6  value: 6630.114 mgc: 0.206735 ustep: 1 
iter: 7  value: 6630.114 mgc: 0.006145963 ustep: 1 
iter: 8  value: 6630.114 mgc: 1.072691e-05 ustep: 1 
iter: 9  mgc: 1.647603e-10 
par:
    log_tau   logit_phi  log_tauEps 
 0.11444643  0.01261062 -1.10265744 
iter: 1  value: 4066.418 mgc: 1.755876 ustep: 1 
iter: 2  value: 4064.229 mgc: 19.53119 ustep: 1 
iter: 3  value: 4064.225 mgc: 0.7317401 ustep: 1 
iter: 4  value: 4064.225 mgc: 0.001480973 ustep: 1 
iter: 5  value: 4064.225 mgc: 1.452538e-08 ustep: 1 
mgc: 4.535093e-13 
par:
     log_tau    logit_phi   log_tauEps 
 0.022889287  0.002522125 -0.220531488 
iter: 1  value: 3815.835 mgc: 0.5202017 ustep: 1 
iter: 2  value: 3815.83 mgc: 1.201274 ustep: 1 
iter: 3  value: 3815.83 mgc: 0.0014419 ustep: 1 
iter: 4  mgc: 2.951076e-09 
iter: 1  mgc: 2.951076e-09 
outer mgc:  77.75541 
par:
   log_tau  logit_phi log_tauEps 
 2.6915157  0.3059156 -0.2569431 
iter: 1  value: 3799.495 mgc: 41.96393 ustep: 1 
iter: 2  value: 3799.491 mgc: 1.491596 ustep: 1 
iter: 3  value: 3799.491 mgc: 0.00243212 ustep: 1 
iter: 4  value: 3799.491 mgc: 1.77425e-08 ustep: 1 
mgc: 8.385129e-14 
iter: 1  mgc: 8.385129e-14 
outer mgc:  66.84972 
par:
   log_tau  logit_phi log_tauEps 
  1.286698   1.344419  -0.537258 
iter: 1  value: 3855.22 mgc: 30.23555 ustep: 1 
iter: 2  value: 3855.194 mgc: 2.655759 ustep: 1 
iter: 3  value: 3855.194 mgc: 0.01154052 ustep: 1 
iter: 4  value: 3855.194 mgc: 2.650036e-07 ustep: 1 
iter: 5  mgc: 4.814184e-13 
iter: 1  mgc: 4.814184e-13 
outer mgc:  13.89958 
par:
   log_tau  logit_phi log_tauEps 
  1.356095   1.664010  -0.488974 
iter: 1  value: 3837.263 mgc: 1.389414 ustep: 1 
iter: 2  value: 3837.263 mgc: 0.05735789 ustep: 1 
iter: 3  value: 3837.263 mgc: 4.643778e-06 ustep: 1 
iter: 4  mgc: 7.245336e-14 
iter: 1  mgc: 7.245336e-14 
outer mgc:  0.6086304 
par:
   log_tau  logit_phi log_tauEps 
 1.3606172  1.8323185 -0.4861198 
iter: 1  value: 3833.739 mgc: 0.6108906 ustep: 1 
iter: 2  value: 3833.739 mgc: 0.0002820501 ustep: 1 
iter: 3  mgc: 1.28347e-10 
iter: 1  mgc: 1.28347e-10 
outer mgc:  0.1464716 
par:
   log_tau  logit_phi log_tauEps 
 1.3538070  1.9054708 -0.4863376 
iter: 1  value: 3832.621 mgc: 0.3225519 ustep: 1 
iter: 2  value: 3832.621 mgc: 1.022041e-05 ustep: 1 
iter: 3  mgc: 2.356232e-13 
par:
   log_tau  logit_phi log_tauEps 
 1.3080930  1.9482257 -0.6328092 
iter: 1  value: 3870.814 mgc: 1.119527 ustep: 1 
iter: 2  value: 3870.813 mgc: 0.4492694 ustep: 1 
iter: 3  value: 3870.813 mgc: 0.0003059119 ustep: 1 
iter: 4  mgc: 1.833154e-10 
par:
   log_tau  logit_phi log_tauEps 
 1.3446642  1.9140218 -0.5156319 
iter: 1  value: 3839.929 mgc: 0.2235191 ustep: 1 
iter: 2  value: 3839.929 mgc: 0.01902715 ustep: 1 
iter: 3  value: 3839.929 mgc: 4.958458e-07 ustep: 1 
iter: 4  mgc: 2.5264e-13 
par:
   log_tau  logit_phi log_tauEps 
 1.3519784  1.9071810 -0.4921965 
iter: 1  value: 3834.07 mgc: 0.04468924 ustep: 1 
iter: 2  value: 3834.07 mgc: 0.0007696198 ustep: 1 
iter: 3  mgc: 7.950061e-10 
par:
   log_tau  logit_phi log_tauEps 
 1.3534413  1.9058129 -0.4875094 
iter: 1  value: 3832.91 mgc: 0.008937271 ustep: 1 
iter: 2  value: 3832.91 mgc: 3.085317e-05 ustep: 1 
iter: 3  mgc: 1.738019e-12 
par:
   log_tau  logit_phi log_tauEps 
  1.353734   1.905539  -0.486572 
iter: 1  value: 3832.679 mgc: 0.001787431 ustep: 1 
iter: 2  value: 3832.679 mgc: 1.234673e-06 ustep: 1 
iter: 3  mgc: 9.892299e-14 
[1] "completed optimization for tol = 1e-06"
iter: 1  mgc: 9.892299e-14 
outer mgc:  0.01562193 
iter: 1  value: 3832.671 mgc: 0.02362631 ustep: 1 
iter: 2  value: 3832.671 mgc: 2.112057e-07 ustep: 1 
mgc: 2.429636e-13 
outer mgc:  0.01465374 
iter: 1  value: 3832.687 mgc: 0.02359228 ustep: 1 
iter: 2  value: 3832.687 mgc: 2.109998e-07 ustep: 1 
mgc: 2.274943e-13 
outer mgc:  0.0171091 
iter: 1  value: 3832.662 mgc: 0.003485002 ustep: 1 
iter: 2  mgc: 1.508522e-09 
outer mgc:  0.0154277 
iter: 1  value: 3832.696 mgc: 0.003481573 ustep: 1 
iter: 2  mgc: 1.509942e-09 
outer mgc:  0.0158163 
iter: 1  value: 3832.43 mgc: 0.00180367 ustep: 1 
iter: 2  value: 3832.43 mgc: 2.217334e-05 ustep: 1 
iter: 3  mgc: 1.615765e-13 
outer mgc:  0.2953106 
iter: 1  value: 3832.928 mgc: 0.001801867 ustep: 1 
iter: 2  value: 3832.928 mgc: 2.215247e-05 ustep: 1 
iter: 3  mgc: 8.819645e-13 
outer mgc:  0.2640534 
Re-using symbolic Cholesky
iter: 1  mgc: 9.892299e-14 
Matching hessian patterns... Done
outer mgc:  0.01562193 
iter: 1  mgc: 9.892299e-14 
outer mgc:  0.01562193 
iter: 1  value: 3832.678 mgc: 0.003196381 ustep: 1 
iter: 2  mgc: 3.868658e-09 
outer mgc:  0.01542086 
iter: 1  value: 3832.68 mgc: 0.003195758 ustep: 1 
iter: 2  mgc: 3.868222e-09 
outer mgc:  0.01582306 
iter: 1  value: 3832.676 mgc: 0.0006638163 ustep: 1 
iter: 2  mgc: 5.456408e-11 
outer mgc:  0.01558491 
iter: 1  value: 3832.682 mgc: 0.0006636918 ustep: 1 
iter: 2  mgc: 5.465477e-11 
outer mgc:  0.01565896 
iter: 1  value: 3832.667 mgc: 8.771977e-05 ustep: 1 
iter: 2  value: 3832.667 mgc: 5.247243e-08 ustep: 1 
mgc: 2.093989e-13 
outer mgc:  0.02923049 
iter: 1  value: 3832.691 mgc: 8.77155e-05 ustep: 1 
iter: 2  value: 3832.691 mgc: 5.246992e-08 ustep: 1 
mgc: 1.236287e-13 
outer mgc:  0.004044323 
iter: 1  value: 3832.678 mgc: 0.001598113 ustep: 1 
iter: 2  mgc: 9.671532e-10 
outer mgc:  0.01552139 
iter: 1  value: 3832.68 mgc: 0.001597957 ustep: 1 
iter: 2  mgc: 9.669014e-10 
outer mgc:  0.01572249 
iter: 1  value: 3832.677 mgc: 0.0003318926 ustep: 1 
iter: 2  mgc: 1.364614e-11 
outer mgc:  0.01560342 
iter: 1  value: 3832.681 mgc: 0.0003318615 ustep: 1 
iter: 2  mgc: 1.345701e-11 
outer mgc:  0.01564044 
iter: 1  value: 3832.673 mgc: 4.385935e-05 ustep: 1 
iter: 2  value: 3832.673 mgc: 1.311806e-08 ustep: 1 
mgc: 1.836072e-13 
outer mgc:  0.02242621 
iter: 1  value: 3832.685 mgc: 4.385828e-05 ustep: 1 
iter: 2  value: 3832.685 mgc: 1.311751e-08 ustep: 1 
mgc: 1.430046e-13 
outer mgc:  0.008817663 
iter: 1  value: 3832.679 mgc: 0.0007990368 ustep: 1 
iter: 2  mgc: 2.423225e-10 
outer mgc:  0.01557166 
iter: 1  value: 3832.679 mgc: 0.0007989979 ustep: 1 
iter: 2  mgc: 2.414808e-10 
outer mgc:  0.01567221 
iter: 1  value: 3832.678 mgc: 0.0001659424 ustep: 1 
iter: 2  mgc: 3.173194e-12 
outer mgc:  0.01561267 
iter: 1  value: 3832.68 mgc: 0.0001659346 ustep: 1 
iter: 2  mgc: 3.790947e-12 
outer mgc:  0.01563119 
iter: 1  value: 3832.676 mgc: 2.192954e-05 ustep: 1 
iter: 2  mgc: 3.279858e-09 
outer mgc:  0.01902407 
iter: 1  value: 3832.682 mgc: 2.192927e-05 ustep: 1 
iter: 2  mgc: 3.279807e-09 
outer mgc:  0.01221979 
iter: 1  value: 3832.679 mgc: 0.0003995135 ustep: 1 
iter: 2  mgc: 6.025866e-11 
outer mgc:  0.01559679 
iter: 1  value: 3832.679 mgc: 0.0003995038 ustep: 1 
iter: 2  mgc: 6.045773e-11 
outer mgc:  0.01564707 
iter: 1  value: 3832.679 mgc: 8.297023e-05 ustep: 1 
iter: 2  mgc: 8.884151e-13 
outer mgc:  0.0156173 
iter: 1  value: 3832.679 mgc: 8.296828e-05 ustep: 1 
iter: 2  mgc: 1.120908e-12 
outer mgc:  0.01562656 
iter: 1  value: 3832.678 mgc: 1.096474e-05 ustep: 1 
iter: 2  mgc: 8.197975e-10 
outer mgc:  0.017323 
iter: 1  value: 3832.681 mgc: 1.096467e-05 ustep: 1 
iter: 2  mgc: 8.194838e-10 
outer mgc:  0.01392086 
elapsed 
  0.285 
[1] "optimization took 0.466166666666686 minutes"
fit 0.5 min
Warning in sweep(gridDraws_tmb, 2, alpha_tmb_draws, "+") :
  length(STATS) or dim(STATS) do not match dim(x)[MARGIN]
Warning in sweep(gridDraws_tmb, 2, alpha_tmb_draws, "+") :
  length(STATS) or dim(STATS) do not match dim(x)[MARGIN]
  [M_D_FE] fitting ... Warning in Matrix.DeprecatedCoerce(cd1, cd2) :
  'as(<dgTMatrix>, "dgCMatrix")' is deprecated.
Use 'as(., "CsparseMatrix")' instead.
See help("Deprecated") and help("Matrix-deprecated").
Warning in eigen.spam(tempQ, symmetric = TRUE) : 
 The eigenvalues are calculated with the function 'eigen' from the base package.
[1] "dyn.unload(dynlib('code/'))"
Warning: 4 external pointers will be removed
[1] "dyn.unload(dynlib('code/'))"
Warning in TMB::sdreport(obj, getJointPrecision = TRUE, bias.correct = TRUE,  :
  'bias.correct' does nothing without random effects
fit 0.1 min
  [M_M_FE] fitting ... [1] "dyn.unload(dynlib('code/'))"
Warning in TMB::sdreport(obj, getJointPrecision = TRUE, bias.correct = TRUE,  :
  'bias.correct' does nothing without random effects
fit 0.3 min
  [M_DM_FE] fitting ... Warning in Matrix.DeprecatedCoerce(cd1, cd2) :
  'as(<dgTMatrix>, "dgCMatrix")' is deprecated.
Use 'as(., "CsparseMatrix")' instead.
See help("Deprecated") and help("Matrix-deprecated").
Warning in eigen.spam(tempQ, symmetric = TRUE) : 
 The eigenvalues are calculated with the function 'eigen' from the base package.
[1] "dyn.unload(dynlib('code/'))"
Warning: 2 external pointers will be removed
[1] "dyn.unload(dynlib('code/'))"
[modMDM_BYM2_GH_v2] sizes: nUrbM=741 nRurM=1442 nUrbD=572 nRurD=806 nAreas=41 KUrbM=100 KRurM=100 KUrbD=16 KRurD=21 Q=10
[modMDM_BYM2_GH_v2] about to multiply Q_bym2 by u_bym2 (nAreas=41)
[modMDM_BYM2_GH_v2] completed Q_bym2 * u_bym2 multiply
[modMDM_BYM2_GH_v2] add_dataset start: nObs=741 Kint=100 fe.size=74100 w.rows=741 w.cols=100 lchoose=741 areaidx.len=741 areaidx.range=0..40
[modMDM_BYM2_GH_v2] add_dataset start: nObs=1442 Kint=100 fe.size=144200 w.rows=1442 w.cols=100 lchoose=1442 areaidx.len=1442 areaidx.range=0..37
[modMDM_BYM2_GH_v2] add_dataset start: nObs=572 Kint=16 fe.size=9152 w.rows=572 w.cols=16 lchoose=572 areaidx.len=572 areaidx.range=0..40
[modMDM_BYM2_GH_v2] add_dataset start: nObs=806 Kint=21 fe.size=16926 w.rows=806 w.cols=21 lchoose=806 areaidx.len=806 areaidx.range=0..37
[modMDM_BYM2_GH_v2] sizes: nUrbM=741 nRurM=1442 nUrbD=572 nRurD=806 nAreas=41 KUrbM=100 KRurM=100 KUrbD=16 KRurD=21 Q=10
[modMDM_BYM2_GH_v2] about to multiply Q_bym2 by u_bym2 (nAreas=41)
[modMDM_BYM2_GH_v2] completed Q_bym2 * u_bym2 multiply
[modMDM_BYM2_GH_v2] add_dataset start: nObs=741 Kint=100 fe.size=74100 w.rows=741 w.cols=100 lchoose=741 areaidx.len=741 areaidx.range=0..40
[modMDM_BYM2_GH_v2] add_dataset start: nObs=1442 Kint=100 fe.size=144200 w.rows=1442 w.cols=100 lchoose=1442 areaidx.len=1442 areaidx.range=0..37
[modMDM_BYM2_GH_v2] add_dataset start: nObs=572 Kint=16 fe.size=9152 w.rows=572 w.cols=16 lchoose=572 areaidx.len=572 areaidx.range=0..40
[modMDM_BYM2_GH_v2] add_dataset start: nObs=806 Kint=21 fe.size=16926 w.rows=806 w.cols=21 lchoose=806 areaidx.len=806 areaidx.range=0..37
[modMDM_BYM2_GH_v2] sizes: nUrbM=741 nRurM=1442 nUrbD=572 nRurD=806 nAreas=41 KUrbM=100 KRurM=100 KUrbD=16 KRurD=21 Q=10
[modMDM_BYM2_GH_v2] about to multiply Q_bym2 by u_bym2 (nAreas=41)
[modMDM_BYM2_GH_v2] completed Q_bym2 * u_bym2 multiply
[modMDM_BYM2_GH_v2] add_dataset start: nObs=741 Kint=100 fe.size=74100 w.rows=741 w.cols=100 lchoose=741 areaidx.len=741 areaidx.range=0..40
[modMDM_BYM2_GH_v2] add_dataset start: nObs=1442 Kint=100 fe.size=144200 w.rows=1442 w.cols=100 lchoose=1442 areaidx.len=1442 areaidx.range=0..37
[modMDM_BYM2_GH_v2] add_dataset start: nObs=572 Kint=16 fe.size=9152 w.rows=572 w.cols=16 lchoose=572 areaidx.len=572 areaidx.range=0..40
[modMDM_BYM2_GH_v2] add_dataset start: nObs=806 Kint=21 fe.size=16926 w.rows=806 w.cols=21 lchoose=806 areaidx.len=806 areaidx.range=0..37
[modMDM_BYM2_GH_v2] sizes: nUrbM=741 nRurM=1442 nUrbD=572 nRurD=806 nAreas=41 KUrbM=100 KRurM=100 KUrbD=16 KRurD=21 Q=10
[modMDM_BYM2_GH_v2] about to multiply Q_bym2 by u_bym2 (nAreas=41)
[modMDM_BYM2_GH_v2] completed Q_bym2 * u_bym2 multiply
[modMDM_BYM2_GH_v2] add_dataset start: nObs=741 Kint=100 fe.size=74100 w.rows=741 w.cols=100 lchoose=741 areaidx.len=741 areaidx.range=0..40
[modMDM_BYM2_GH_v2] add_dataset start: nObs=1442 Kint=100 fe.size=144200 w.rows=1442 w.cols=100 lchoose=1442 areaidx.len=1442 areaidx.range=0..37
[modMDM_BYM2_GH_v2] add_dataset start: nObs=572 Kint=16 fe.size=9152 w.rows=572 w.cols=16 lchoose=572 areaidx.len=572 areaidx.range=0..40
[modMDM_BYM2_GH_v2] add_dataset start: nObs=806 Kint=21 fe.size=16926 w.rows=806 w.cols=21 lchoose=806 areaidx.len=806 areaidx.range=0..37
[modMDM_BYM2_GH_v2] sizes: nUrbM=741 nRurM=1442 nUrbD=572 nRurD=806 nAreas=41 KUrbM=100 KRurM=100 KUrbD=16 KRurD=21 Q=10
[modMDM_BYM2_GH_v2] about to multiply Q_bym2 by u_bym2 (nAreas=41)
[modMDM_BYM2_GH_v2] completed Q_bym2 * u_bym2 multiply
[modMDM_BYM2_GH_v2] add_dataset start: nObs=741 Kint=100 fe.size=74100 w.rows=741 w.cols=100 lchoose=741 areaidx.len=741 areaidx.range=0..40
[modMDM_BYM2_GH_v2] add_dataset start: nObs=1442 Kint=100 fe.size=144200 w.rows=1442 w.cols=100 lchoose=1442 areaidx.len=1442 areaidx.range=0..37
[modMDM_BYM2_GH_v2] add_dataset start: nObs=572 Kint=16 fe.size=9152 w.rows=572 w.cols=16 lchoose=572 areaidx.len=572 areaidx.range=0..40
[modMDM_BYM2_GH_v2] add_dataset start: nObs=806 Kint=21 fe.size=16926 w.rows=806 w.cols=21 lchoose=806 areaidx.len=806 areaidx.range=0..37
[modMDM_BYM2_GH_v2] sizes: nUrbM=741 nRurM=1442 nUrbD=572 nRurD=806 nAreas=41 KUrbM=100 KRurM=100 KUrbD=16 KRurD=21 Q=10
[modMDM_BYM2_GH_v2] about to multiply Q_bym2 by u_bym2 (nAreas=41)
[modMDM_BYM2_GH_v2] completed Q_bym2 * u_bym2 multiply
[modMDM_BYM2_GH_v2] add_dataset start: nObs=741 Kint=100 fe.size=74100 w.rows=741 w.cols=100 lchoose=741 areaidx.len=741 areaidx.range=0..40
[modMDM_BYM2_GH_v2] add_dataset start: nObs=1442 Kint=100 fe.size=144200 w.rows=1442 w.cols=100 lchoose=1442 areaidx.len=1442 areaidx.range=0..37
[modMDM_BYM2_GH_v2] add_dataset start: nObs=572 Kint=16 fe.size=9152 w.rows=572 w.cols=16 lchoose=572 areaidx.len=572 areaidx.range=0..40
[modMDM_BYM2_GH_v2] add_dataset start: nObs=806 Kint=21 fe.size=16926 w.rows=806 w.cols=21 lchoose=806 areaidx.len=806 areaidx.range=0..37
[modMDM_BYM2_GH_v2] sizes: nUrbM=741 nRurM=1442 nUrbD=572 nRurD=806 nAreas=41 KUrbM=100 KRurM=100 KUrbD=16 KRurD=21 Q=10
[modMDM_BYM2_GH_v2] about to multiply Q_bym2 by u_bym2 (nAreas=41)
[modMDM_BYM2_GH_v2] completed Q_bym2 * u_bym2 multiply
[modMDM_BYM2_GH_v2] add_dataset start: nObs=741 Kint=100 fe.size=74100 w.rows=741 w.cols=100 lchoose=741 areaidx.len=741 areaidx.range=0..40
[modMDM_BYM2_GH_v2] add_dataset start: nObs=1442 Kint=100 fe.size=144200 w.rows=1442 w.cols=100 lchoose=1442 areaidx.len=1442 areaidx.range=0..37
[modMDM_BYM2_GH_v2] add_dataset start: nObs=572 Kint=16 fe.size=9152 w.rows=572 w.cols=16 lchoose=572 areaidx.len=572 areaidx.range=0..40
[modMDM_BYM2_GH_v2] add_dataset start: nObs=806 Kint=21 fe.size=16926 w.rows=806 w.cols=21 lchoose=806 areaidx.len=806 areaidx.range=0..37
Warning in TMB::sdreport(obj, getJointPrecision = TRUE, bias.correct = TRUE,  :
  'bias.correct' does nothing without random effects
fit 1.7 min
  [M_D_BYM2] fitting ... Warning in Matrix.DeprecatedCoerce(cd1, cd2) :
  'as(<dgTMatrix>, "dgCMatrix")' is deprecated.
Use 'as(., "CsparseMatrix")' instead.
See help("Deprecated") and help("Matrix-deprecated").
Warning in eigen.spam(tempQ, symmetric = TRUE) : 
 The eigenvalues are calculated with the function 'eigen' from the base package.
Warning in Matrix.DeprecatedCoerce(cd1, cd2) :
  'as(<dgTMatrix>, "dgCMatrix")' is deprecated.
Use 'as(., "CsparseMatrix")' instead.
See help("Deprecated") and help("Matrix-deprecated").
Warning in eigen.spam(tempQ, symmetric = TRUE) : 
 The eigenvalues are calculated with the function 'eigen' from the base package.
[1] "dyn.unload(dynlib('code/'))"
Warning: 2 external pointers will be removed
[1] "dyn.unload(dynlib('code/'))"
[1] "dyn.unload(dynlib('code/'))"
fit 0.3 min
% latex table generated in R 4.4.3 by xtable 1.8-4 package
% Wed May 20 08:02:13 2026
\begin{table}[ht]
\centering
\begin{tabular}{rrrrrr}
  \hline
 & Est & Q0.025 & Q0.1 & Q0.9 & Q0.975 \\ 
  \hline
(Int) & -0.97 & -1.15 & -1.09 & -0.85 & -0.79 \\ 
  urb & 1.24 & 1.02 & 1.10 & 1.39 & 1.46 \\ 
  access & 0.03 & -0.08 & -0.04 & 0.11 & 0.14 \\ 
  elev & -0.02 & -0.09 & -0.06 & 0.04 & 0.06 \\ 
  distRiversLakes & -0.01 & -0.09 & -0.06 & 0.03 & 0.06 \\ 
  popValsNorm & 0.41 & 0.19 & 0.27 & 0.56 & 0.63 \\ 
  sigmaSq & 1.95 & 0.10 & 0.22 & 4.45 & 10.03 \\ 
  phi & 0.51 & 0.02 & 0.08 & 0.93 & 0.98 \\ 
  sigmaEpsSq & 1.84 & 1.66 & 1.72 & 1.97 & 2.04 \\ 
   \hline
\end{tabular}
\end{table}
% latex table generated in R 4.4.3 by xtable 1.8-4 package
% Wed May 20 08:06:26 2026
\begin{table}[ht]
\centering
\begin{tabular}{rrrrrr}
  \hline
 & Est & Q0.025 & Q0.1 & Q0.9 & Q0.975 \\ 
  \hline
(Int) & -0.97 & -1.16 & -1.09 & -0.85 & -0.79 \\ 
  urb & 1.24 & 1.02 & 1.10 & 1.38 & 1.46 \\ 
  access & 0.03 & -0.08 & -0.04 & 0.10 & 0.14 \\ 
  elev & -0.02 & -0.09 & -0.07 & 0.03 & 0.06 \\ 
  distRiversLakes & -0.01 & -0.08 & -0.06 & 0.03 & 0.06 \\ 
  popValsNorm & 0.41 & 0.20 & 0.27 & 0.56 & 0.64 \\ 
  sigmaSq & 1.93 & 0.10 & 0.22 & 4.47 & 9.20 \\ 
  phi & 0.50 & 0.02 & 0.08 & 0.92 & 0.98 \\ 
  sigmaEpsSq & 1.84 & 1.66 & 1.72 & 1.97 & 2.04 \\ 
   \hline
\end{tabular}
\end{table}
  [M_M_BYM2] fitting ... Warning in Matrix.DeprecatedCoerce(cd1, cd2) :
  'as(<dgTMatrix>, "dgCMatrix")' is deprecated.
Use 'as(., "CsparseMatrix")' instead.
See help("Deprecated") and help("Matrix-deprecated").
Warning in eigen.spam(tempQ, symmetric = TRUE) : 
 The eigenvalues are calculated with the function 'eigen' from the base package.
[1] "dyn.unload(dynlib('code/'))"
[1] "dyn.unload(dynlib('code/'))"
Warning: 3 external pointers will be removed
[1] "dyn.unload(dynlib('code/'))"
fit 5.1 min
% latex table generated in R 4.4.3 by xtable 1.8-4 package
% Wed May 20 08:24:14 2026
\begin{table}[ht]
\centering
\begin{tabular}{rrrrrr}
  \hline
 & Est & Q0.025 & Q0.1 & Q0.9 & Q0.975 \\ 
  \hline
(Int) & -1.29 & -1.77 & -1.60 & -0.98 & -0.81 \\ 
  urb & 0.56 & 0.12 & 0.28 & 0.86 & 1.00 \\ 
  access & -0.30 & -0.66 & -0.53 & -0.08 & 0.04 \\ 
  elev & -0.08 & -0.29 & -0.22 & 0.07 & 0.13 \\ 
  distRiversLakes & 0.03 & -0.18 & -0.11 & 0.17 & 0.25 \\ 
  popValsNorm & 0.44 & -0.26 & -0.01 & 0.88 & 1.12 \\ 
  sigmaSq & 0.27 & 0.14 & 0.17 & 0.39 & 0.48 \\ 
  phi & 0.71 & 0.19 & 0.38 & 0.95 & 0.98 \\ 
  sigmaEpsSq & 1.61 & 1.37 & 1.44 & 1.79 & 1.89 \\ 
   \hline
\end{tabular}
\end{table}
% latex table generated in R 4.4.3 by xtable 1.8-4 package
% Wed May 20 08:28:29 2026
\begin{table}[ht]
\centering
\begin{tabular}{rrrrrr}
  \hline
 & Est & Q0.025 & Q0.1 & Q0.9 & Q0.975 \\ 
  \hline
(Int) & -1.30 & -1.78 & -1.62 & -0.98 & -0.81 \\ 
  urb & 0.56 & 0.12 & 0.28 & 0.85 & 1.00 \\ 
  access & -0.31 & -0.65 & -0.53 & -0.09 & 0.03 \\ 
  elev & -0.08 & -0.30 & -0.22 & 0.06 & 0.13 \\ 
  distRiversLakes & 0.03 & -0.19 & -0.11 & 0.17 & 0.25 \\ 
  popValsNorm & 0.44 & -0.25 & -0.02 & 0.89 & 1.13 \\ 
  sigmaSq & 0.27 & 0.13 & 0.17 & 0.40 & 0.49 \\ 
  phi & 0.71 & 0.17 & 0.36 & 0.95 & 0.98 \\ 
  sigmaEpsSq & 1.61 & 1.36 & 1.44 & 1.78 & 1.89 \\ 
   \hline
\end{tabular}
\end{table}
  [M_DM_BYM2] fitting ... Warning in Matrix.DeprecatedCoerce(cd1, cd2) :
  'as(<dgTMatrix>, "dgCMatrix")' is deprecated.
Use 'as(., "CsparseMatrix")' instead.
See help("Deprecated") and help("Matrix-deprecated").
Warning in eigen.spam(tempQ, symmetric = TRUE) : 
 The eigenvalues are calculated with the function 'eigen' from the base package.
Warning in Matrix.DeprecatedCoerce(cd1, cd2) :
  'as(<dgTMatrix>, "dgCMatrix")' is deprecated.
Use 'as(., "CsparseMatrix")' instead.
See help("Deprecated") and help("Matrix-deprecated").
Warning in eigen.spam(tempQ, symmetric = TRUE) : 
 The eigenvalues are calculated with the function 'eigen' from the base package.
[1] "dyn.unload(dynlib('code/'))"
Warning: 4 external pointers will be removed
[1] "dyn.unload(dynlib('code/'))"
[modMDM_BYM2_GH_v2] sizes: nUrbM=741 nRurM=1442 nUrbD=572 nRurD=806 nAreas=41 KUrbM=100 KRurM=100 KUrbD=16 KRurD=21 Q=10
[modMDM_BYM2_GH_v2] about to multiply Q_bym2 by u_bym2 (nAreas=41)
[modMDM_BYM2_GH_v2] completed Q_bym2 * u_bym2 multiply
[modMDM_BYM2_GH_v2] add_dataset start: nObs=741 Kint=100 fe.size=74100 w.rows=741 w.cols=100 lchoose=741 areaidx.len=741 areaidx.range=0..40
[modMDM_BYM2_GH_v2] add_dataset start: nObs=1442 Kint=100 fe.size=144200 w.rows=1442 w.cols=100 lchoose=1442 areaidx.len=1442 areaidx.range=0..37
[modMDM_BYM2_GH_v2] add_dataset start: nObs=572 Kint=16 fe.size=9152 w.rows=572 w.cols=16 lchoose=572 areaidx.len=572 areaidx.range=0..40
[modMDM_BYM2_GH_v2] add_dataset start: nObs=806 Kint=21 fe.size=16926 w.rows=806 w.cols=21 lchoose=806 areaidx.len=806 areaidx.range=0..37
[modMDM_BYM2_GH_v2] sizes: nUrbM=741 nRurM=1442 nUrbD=572 nRurD=806 nAreas=41 KUrbM=100 KRurM=100 KUrbD=16 KRurD=21 Q=10
[modMDM_BYM2_GH_v2] about to multiply Q_bym2 by u_bym2 (nAreas=41)
[modMDM_BYM2_GH_v2] completed Q_bym2 * u_bym2 multiply
[modMDM_BYM2_GH_v2] add_dataset start: nObs=741 Kint=100 fe.size=74100 w.rows=741 w.cols=100 lchoose=741 areaidx.len=741 areaidx.range=0..40
[modMDM_BYM2_GH_v2] add_dataset start: nObs=1442 Kint=100 fe.size=144200 w.rows=1442 w.cols=100 lchoose=1442 areaidx.len=1442 areaidx.range=0..37
[modMDM_BYM2_GH_v2] add_dataset start: nObs=572 Kint=16 fe.size=9152 w.rows=572 w.cols=16 lchoose=572 areaidx.len=572 areaidx.range=0..40
[modMDM_BYM2_GH_v2] add_dataset start: nObs=806 Kint=21 fe.size=16926 w.rows=806 w.cols=21 lchoose=806 areaidx.len=806 areaidx.range=0..37
[modMDM_BYM2_GH_v2] sizes: nUrbM=741 nRurM=1442 nUrbD=572 nRurD=806 nAreas=41 KUrbM=100 KRurM=100 KUrbD=16 KRurD=21 Q=10
[modMDM_BYM2_GH_v2] about to multiply Q_bym2 by u_bym2 (nAreas=41)
[modMDM_BYM2_GH_v2] completed Q_bym2 * u_bym2 multiply
[modMDM_BYM2_GH_v2] add_dataset start: nObs=741 Kint=100 fe.size=74100 w.rows=741 w.cols=100 lchoose=741 areaidx.len=741 areaidx.range=0..40
[modMDM_BYM2_GH_v2] add_dataset start: nObs=1442 Kint=100 fe.size=144200 w.rows=1442 w.cols=100 lchoose=1442 areaidx.len=1442 areaidx.range=0..37
[modMDM_BYM2_GH_v2] add_dataset start: nObs=572 Kint=16 fe.size=9152 w.rows=572 w.cols=16 lchoose=572 areaidx.len=572 areaidx.range=0..40
[modMDM_BYM2_GH_v2] add_dataset start: nObs=806 Kint=21 fe.size=16926 w.rows=806 w.cols=21 lchoose=806 areaidx.len=806 areaidx.range=0..37
[modMDM_BYM2_GH_v2] sizes: nUrbM=741 nRurM=1442 nUrbD=572 nRurD=806 nAreas=41 KUrbM=100 KRurM=100 KUrbD=16 KRurD=21 Q=10
[modMDM_BYM2_GH_v2] about to multiply Q_bym2 by u_bym2 (nAreas=41)
[modMDM_BYM2_GH_v2] completed Q_bym2 * u_bym2 multiply
[modMDM_BYM2_GH_v2] add_dataset start: nObs=741 Kint=100 fe.size=74100 w.rows=741 w.cols=100 lchoose=741 areaidx.len=741 areaidx.range=0..40
[modMDM_BYM2_GH_v2] add_dataset start: nObs=1442 Kint=100 fe.size=144200 w.rows=1442 w.cols=100 lchoose=1442 areaidx.len=1442 areaidx.range=0..37
[modMDM_BYM2_GH_v2] add_dataset start: nObs=572 Kint=16 fe.size=9152 w.rows=572 w.cols=16 lchoose=572 areaidx.len=572 areaidx.range=0..40
[modMDM_BYM2_GH_v2] add_dataset start: nObs=806 Kint=21 fe.size=16926 w.rows=806 w.cols=21 lchoose=806 areaidx.len=806 areaidx.range=0..37
[1] "dyn.unload(dynlib('code/'))"
Warning: 3 external pointers will be removed
[1] "dyn.unload(dynlib('code/'))"
[modMDM_BYM2_GH_v2] sizes: nUrbM=741 nRurM=1442 nUrbD=572 nRurD=806 nAreas=41 KUrbM=100 KRurM=100 KUrbD=16 KRurD=21 Q=10
[modMDM_BYM2_GH_v2] about to multiply Q_bym2 by u_bym2 (nAreas=41)
[modMDM_BYM2_GH_v2] completed Q_bym2 * u_bym2 multiply
[modMDM_BYM2_GH_v2] add_dataset start: nObs=741 Kint=100 fe.size=74100 w.rows=741 w.cols=100 lchoose=741 areaidx.len=741 areaidx.range=0..40
[modMDM_BYM2_GH_v2] add_dataset start: nObs=1442 Kint=100 fe.size=144200 w.rows=1442 w.cols=100 lchoose=1442 areaidx.len=1442 areaidx.range=0..37
[modMDM_BYM2_GH_v2] add_dataset start: nObs=572 Kint=16 fe.size=9152 w.rows=572 w.cols=16 lchoose=572 areaidx.len=572 areaidx.range=0..40
[modMDM_BYM2_GH_v2] add_dataset start: nObs=806 Kint=21 fe.size=16926 w.rows=806 w.cols=21 lchoose=806 areaidx.len=806 areaidx.range=0..37
[modMDM_BYM2_GH_v2] sizes: nUrbM=741 nRurM=1442 nUrbD=572 nRurD=806 nAreas=41 KUrbM=100 KRurM=100 KUrbD=16 KRurD=21 Q=10
[modMDM_BYM2_GH_v2] about to multiply Q_bym2 by u_bym2 (nAreas=41)
[modMDM_BYM2_GH_v2] completed Q_bym2 * u_bym2 multiply
[modMDM_BYM2_GH_v2] add_dataset start: nObs=741 Kint=100 fe.size=74100 w.rows=741 w.cols=100 lchoose=741 areaidx.len=741 areaidx.range=0..40
[modMDM_BYM2_GH_v2] add_dataset start: nObs=1442 Kint=100 fe.size=144200 w.rows=1442 w.cols=100 lchoose=1442 areaidx.len=1442 areaidx.range=0..37
[modMDM_BYM2_GH_v2] add_dataset start: nObs=572 Kint=16 fe.size=9152 w.rows=572 w.cols=16 lchoose=572 areaidx.len=572 areaidx.range=0..40
[modMDM_BYM2_GH_v2] add_dataset start: nObs=806 Kint=21 fe.size=16926 w.rows=806 w.cols=21 lchoose=806 areaidx.len=806 areaidx.range=0..37
[modMDM_BYM2_GH_v2] sizes: nUrbM=741 nRurM=1442 nUrbD=572 nRurD=806 nAreas=41 KUrbM=100 KRurM=100 KUrbD=16 KRurD=21 Q=10
[modMDM_BYM2_GH_v2] about to multiply Q_bym2 by u_bym2 (nAreas=41)
[modMDM_BYM2_GH_v2] completed Q_bym2 * u_bym2 multiply
[modMDM_BYM2_GH_v2] add_dataset start: nObs=741 Kint=100 fe.size=74100 w.rows=741 w.cols=100 lchoose=741 areaidx.len=741 areaidx.range=0..40
[modMDM_BYM2_GH_v2] add_dataset start: nObs=1442 Kint=100 fe.size=144200 w.rows=1442 w.cols=100 lchoose=1442 areaidx.len=1442 areaidx.range=0..37
[modMDM_BYM2_GH_v2] add_dataset start: nObs=572 Kint=16 fe.size=9152 w.rows=572 w.cols=16 lchoose=572 areaidx.len=572 areaidx.range=0..40
[modMDM_BYM2_GH_v2] add_dataset start: nObs=806 Kint=21 fe.size=16926 w.rows=806 w.cols=21 lchoose=806 areaidx.len=806 areaidx.range=0..37
[modMDM_BYM2_GH_v2] sizes: nUrbM=741 nRurM=1442 nUrbD=572 nRurD=806 nAreas=41 KUrbM=100 KRurM=100 KUrbD=16 KRurD=21 Q=10
[modMDM_BYM2_GH_v2] about to multiply Q_bym2 by u_bym2 (nAreas=41)
[modMDM_BYM2_GH_v2] completed Q_bym2 * u_bym2 multiply
[modMDM_BYM2_GH_v2] add_dataset start: nObs=741 Kint=100 fe.size=74100 w.rows=741 w.cols=100 lchoose=741 areaidx.len=741 areaidx.range=0..40
[modMDM_BYM2_GH_v2] add_dataset start: nObs=1442 Kint=100 fe.size=144200 w.rows=1442 w.cols=100 lchoose=1442 areaidx.len=1442 areaidx.range=0..37
[modMDM_BYM2_GH_v2] add_dataset start: nObs=572 Kint=16 fe.size=9152 w.rows=572 w.cols=16 lchoose=572 areaidx.len=572 areaidx.range=0..40
[modMDM_BYM2_GH_v2] add_dataset start: nObs=806 Kint=21 fe.size=16926 w.rows=806 w.cols=21 lchoose=806 areaidx.len=806 areaidx.range=0..37
[modMDM_BYM2_GH_v2] sizes: nUrbM=741 nRurM=1442 nUrbD=572 nRurD=806 nAreas=41 KUrbM=100 KRurM=100 KUrbD=16 KRurD=21 Q=10
[modMDM_BYM2_GH_v2] about to multiply Q_bym2 by u_bym2 (nAreas=41)
[modMDM_BYM2_GH_v2] completed Q_bym2 * u_bym2 multiply
[modMDM_BYM2_GH_v2] add_dataset start: nObs=741 Kint=100 fe.size=74100 w.rows=741 w.cols=100 lchoose=741 areaidx.len=741 areaidx.range=0..40
[modMDM_BYM2_GH_v2] add_dataset start: nObs=1442 Kint=100 fe.size=144200 w.rows=1442 w.cols=100 lchoose=1442 areaidx.len=1442 areaidx.range=0..37
[modMDM_BYM2_GH_v2] add_dataset start: nObs=572 Kint=16 fe.size=9152 w.rows=572 w.cols=16 lchoose=572 areaidx.len=572 areaidx.range=0..40
[modMDM_BYM2_GH_v2] add_dataset start: nObs=806 Kint=21 fe.size=16926 w.rows=806 w.cols=21 lchoose=806 areaidx.len=806 areaidx.range=0..37
[modMDM_BYM2_GH_v2] sizes: nUrbM=741 nRurM=1442 nUrbD=572 nRurD=806 nAreas=41 KUrbM=100 KRurM=100 KUrbD=16 KRurD=21 Q=10
[modMDM_BYM2_GH_v2] about to multiply Q_bym2 by u_bym2 (nAreas=41)
[modMDM_BYM2_GH_v2] completed Q_bym2 * u_bym2 multiply
[modMDM_BYM2_GH_v2] add_dataset start: nObs=741 Kint=100 fe.size=74100 w.rows=741 w.cols=100 lchoose=741 areaidx.len=741 areaidx.range=0..40
[modMDM_BYM2_GH_v2] add_dataset start: nObs=1442 Kint=100 fe.size=144200 w.rows=1442 w.cols=100 lchoose=1442 areaidx.len=1442 areaidx.range=0..37
[modMDM_BYM2_GH_v2] add_dataset start: nObs=572 Kint=16 fe.size=9152 w.rows=572 w.cols=16 lchoose=572 areaidx.len=572 areaidx.range=0..40
[modMDM_BYM2_GH_v2] add_dataset start: nObs=806 Kint=21 fe.size=16926 w.rows=806 w.cols=21 lchoose=806 areaidx.len=806 areaidx.range=0..37
[modMDM_BYM2_GH_v2] sizes: nUrbM=741 nRurM=1442 nUrbD=572 nRurD=806 nAreas=41 KUrbM=100 KRurM=100 KUrbD=16 KRurD=21 Q=10
[modMDM_BYM2_GH_v2] about to multiply Q_bym2 by u_bym2 (nAreas=41)
[modMDM_BYM2_GH_v2] completed Q_bym2 * u_bym2 multiply
[modMDM_BYM2_GH_v2] add_dataset start: nObs=741 Kint=100 fe.size=74100 w.rows=741 w.cols=100 lchoose=741 areaidx.len=741 areaidx.range=0..40
[modMDM_BYM2_GH_v2] add_dataset start: nObs=1442 Kint=100 fe.size=144200 w.rows=1442 w.cols=100 lchoose=1442 areaidx.len=1442 areaidx.range=0..37
[modMDM_BYM2_GH_v2] add_dataset start: nObs=572 Kint=16 fe.size=9152 w.rows=572 w.cols=16 lchoose=572 areaidx.len=572 areaidx.range=0..40
[modMDM_BYM2_GH_v2] add_dataset start: nObs=806 Kint=21 fe.size=16926 w.rows=806 w.cols=21 lchoose=806 areaidx.len=806 areaidx.range=0..37
[modMDM_BYM2_GH_v2] sizes: nUrbM=741 nRurM=1442 nUrbD=572 nRurD=806 nAreas=41 KUrbM=100 KRurM=100 KUrbD=16 KRurD=21 Q=10
[modMDM_BYM2_GH_v2] about to multiply Q_bym2 by u_bym2 (nAreas=41)
[modMDM_BYM2_GH_v2] completed Q_bym2 * u_bym2 multiply
[modMDM_BYM2_GH_v2] add_dataset start: nObs=741 Kint=100 fe.size=74100 w.rows=741 w.cols=100 lchoose=741 areaidx.len=741 areaidx.range=0..40
[modMDM_BYM2_GH_v2] add_dataset start: nObs=1442 Kint=100 fe.size=144200 w.rows=1442 w.cols=100 lchoose=1442 areaidx.len=1442 areaidx.range=0..37
[modMDM_BYM2_GH_v2] add_dataset start: nObs=572 Kint=16 fe.size=9152 w.rows=572 w.cols=16 lchoose=572 areaidx.len=572 areaidx.range=0..40
[modMDM_BYM2_GH_v2] add_dataset start: nObs=806 Kint=21 fe.size=16926 w.rows=806 w.cols=21 lchoose=806 areaidx.len=806 areaidx.range=0..37
[modMDM_BYM2_GH_v2] sizes: nUrbM=741 nRurM=1442 nUrbD=572 nRurD=806 nAreas=41 KUrbM=100 KRurM=100 KUrbD=16 KRurD=21 Q=10
[modMDM_BYM2_GH_v2] about to multiply Q_bym2 by u_bym2 (nAreas=41)
[modMDM_BYM2_GH_v2] completed Q_bym2 * u_bym2 multiply
[modMDM_BYM2_GH_v2] add_dataset start: nObs=741 Kint=100 fe.size=74100 w.rows=741 w.cols=100 lchoose=741 areaidx.len=741 areaidx.range=0..40
[modMDM_BYM2_GH_v2] add_dataset start: nObs=1442 Kint=100 fe.size=144200 w.rows=1442 w.cols=100 lchoose=1442 areaidx.len=1442 areaidx.range=0..37
[modMDM_BYM2_GH_v2] add_dataset start: nObs=572 Kint=16 fe.size=9152 w.rows=572 w.cols=16 lchoose=572 areaidx.len=572 areaidx.range=0..40
[modMDM_BYM2_GH_v2] add_dataset start: nObs=806 Kint=21 fe.size=16926 w.rows=806 w.cols=21 lchoose=806 areaidx.len=806 areaidx.range=0..37
[modMDM_BYM2_GH_v2] sizes: nUrbM=741 nRurM=1442 nUrbD=572 nRurD=806 nAreas=41 KUrbM=100 KRurM=100 KUrbD=16 KRurD=21 Q=10
[modMDM_BYM2_GH_v2] about to multiply Q_bym2 by u_bym2 (nAreas=41)
[modMDM_BYM2_GH_v2] completed Q_bym2 * u_bym2 multiply
[modMDM_BYM2_GH_v2] add_dataset start: nObs=741 Kint=100 fe.size=74100 w.rows=741 w.cols=100 lchoose=741 areaidx.len=741 areaidx.range=0..40
[modMDM_BYM2_GH_v2] add_dataset start: nObs=1442 Kint=100 fe.size=144200 w.rows=1442 w.cols=100 lchoose=1442 areaidx.len=1442 areaidx.range=0..37
[modMDM_BYM2_GH_v2] add_dataset start: nObs=572 Kint=16 fe.size=9152 w.rows=572 w.cols=16 lchoose=572 areaidx.len=572 areaidx.range=0..40
[modMDM_BYM2_GH_v2] add_dataset start: nObs=806 Kint=21 fe.size=16926 w.rows=806 w.cols=21 lchoose=806 areaidx.len=806 areaidx.range=0..37
[modMDM_BYM2_GH_v2] sizes: nUrbM=741 nRurM=1442 nUrbD=572 nRurD=806 nAreas=41 KUrbM=100 KRurM=100 KUrbD=16 KRurD=21 Q=10
[modMDM_BYM2_GH_v2] about to multiply Q_bym2 by u_bym2 (nAreas=41)
[modMDM_BYM2_GH_v2] completed Q_bym2 * u_bym2 multiply
[modMDM_BYM2_GH_v2] add_dataset start: nObs=741 Kint=100 fe.size=74100 w.rows=741 w.cols=100 lchoose=741 areaidx.len=741 areaidx.range=0..40
[modMDM_BYM2_GH_v2] add_dataset start: nObs=1442 Kint=100 fe.size=144200 w.rows=1442 w.cols=100 lchoose=1442 areaidx.len=1442 areaidx.range=0..37
[modMDM_BYM2_GH_v2] add_dataset start: nObs=572 Kint=16 fe.size=9152 w.rows=572 w.cols=16 lchoose=572 areaidx.len=572 areaidx.range=0..40
[modMDM_BYM2_GH_v2] add_dataset start: nObs=806 Kint=21 fe.size=16926 w.rows=806 w.cols=21 lchoose=806 areaidx.len=806 areaidx.range=0..37
[modMDM_BYM2_GH_v2] sizes: nUrbM=741 nRurM=1442 nUrbD=572 nRurD=806 nAreas=41 KUrbM=100 KRurM=100 KUrbD=16 KRurD=21 Q=10
[modMDM_BYM2_GH_v2] about to multiply Q_bym2 by u_bym2 (nAreas=41)
[modMDM_BYM2_GH_v2] completed Q_bym2 * u_bym2 multiply
[modMDM_BYM2_GH_v2] add_dataset start: nObs=741 Kint=100 fe.size=74100 w.rows=741 w.cols=100 lchoose=741 areaidx.len=741 areaidx.range=0..40
[modMDM_BYM2_GH_v2] add_dataset start: nObs=1442 Kint=100 fe.size=144200 w.rows=1442 w.cols=100 lchoose=1442 areaidx.len=1442 areaidx.range=0..37
[modMDM_BYM2_GH_v2] add_dataset start: nObs=572 Kint=16 fe.size=9152 w.rows=572 w.cols=16 lchoose=572 areaidx.len=572 areaidx.range=0..40
[modMDM_BYM2_GH_v2] add_dataset start: nObs=806 Kint=21 fe.size=16926 w.rows=806 w.cols=21 lchoose=806 areaidx.len=806 areaidx.range=0..37
[modMDM_BYM2_GH_v2] sizes: nUrbM=741 nRurM=1442 nUrbD=572 nRurD=806 nAreas=41 KUrbM=100 KRurM=100 KUrbD=16 KRurD=21 Q=10
[modMDM_BYM2_GH_v2] about to multiply Q_bym2 by u_bym2 (nAreas=41)
[modMDM_BYM2_GH_v2] completed Q_bym2 * u_bym2 multiply
[modMDM_BYM2_GH_v2] add_dataset start: nObs=741 Kint=100 fe.size=74100 w.rows=741 w.cols=100 lchoose=741 areaidx.len=741 areaidx.range=0..40
[modMDM_BYM2_GH_v2] add_dataset start: nObs=1442 Kint=100 fe.size=144200 w.rows=1442 w.cols=100 lchoose=1442 areaidx.len=1442 areaidx.range=0..37
[modMDM_BYM2_GH_v2] add_dataset start: nObs=572 Kint=16 fe.size=9152 w.rows=572 w.cols=16 lchoose=572 areaidx.len=572 areaidx.range=0..40
[modMDM_BYM2_GH_v2] add_dataset start: nObs=806 Kint=21 fe.size=16926 w.rows=806 w.cols=21 lchoose=806 areaidx.len=806 areaidx.range=0..37
[modMDM_BYM2_GH_v2] sizes: nUrbM=741 nRurM=1442 nUrbD=572 nRurD=806 nAreas=41 KUrbM=100 KRurM=100 KUrbD=16 KRurD=21 Q=10
[modMDM_BYM2_GH_v2] about to multiply Q_bym2 by u_bym2 (nAreas=41)
[modMDM_BYM2_GH_v2] completed Q_bym2 * u_bym2 multiply
[modMDM_BYM2_GH_v2] add_dataset start: nObs=741 Kint=100 fe.size=74100 w.rows=741 w.cols=100 lchoose=741 areaidx.len=741 areaidx.range=0..40
[modMDM_BYM2_GH_v2] add_dataset start: nObs=1442 Kint=100 fe.size=144200 w.rows=1442 w.cols=100 lchoose=1442 areaidx.len=1442 areaidx.range=0..37
[modMDM_BYM2_GH_v2] add_dataset start: nObs=572 Kint=16 fe.size=9152 w.rows=572 w.cols=16 lchoose=572 areaidx.len=572 areaidx.range=0..40
[modMDM_BYM2_GH_v2] add_dataset start: nObs=806 Kint=21 fe.size=16926 w.rows=806 w.cols=21 lchoose=806 areaidx.len=806 areaidx.range=0..37
[modMDM_BYM2_GH_v2] sizes: nUrbM=741 nRurM=1442 nUrbD=572 nRurD=806 nAreas=41 KUrbM=100 KRurM=100 KUrbD=16 KRurD=21 Q=10
[modMDM_BYM2_GH_v2] about to multiply Q_bym2 by u_bym2 (nAreas=41)
[modMDM_BYM2_GH_v2] completed Q_bym2 * u_bym2 multiply
[modMDM_BYM2_GH_v2] add_dataset start: nObs=741 Kint=100 fe.size=74100 w.rows=741 w.cols=100 lchoose=741 areaidx.len=741 areaidx.range=0..40
[modMDM_BYM2_GH_v2] add_dataset start: nObs=1442 Kint=100 fe.size=144200 w.rows=1442 w.cols=100 lchoose=1442 areaidx.len=1442 areaidx.range=0..37
[modMDM_BYM2_GH_v2] add_dataset start: nObs=572 Kint=16 fe.size=9152 w.rows=572 w.cols=16 lchoose=572 areaidx.len=572 areaidx.range=0..40
[modMDM_BYM2_GH_v2] add_dataset start: nObs=806 Kint=21 fe.size=16926 w.rows=806 w.cols=21 lchoose=806 areaidx.len=806 areaidx.range=0..37
[modMDM_BYM2_GH_v2] sizes: nUrbM=741 nRurM=1442 nUrbD=572 nRurD=806 nAreas=41 KUrbM=100 KRurM=100 KUrbD=16 KRurD=21 Q=10
[modMDM_BYM2_GH_v2] about to multiply Q_bym2 by u_bym2 (nAreas=41)
[modMDM_BYM2_GH_v2] completed Q_bym2 * u_bym2 multiply
[modMDM_BYM2_GH_v2] add_dataset start: nObs=741 Kint=100 fe.size=74100 w.rows=741 w.cols=100 lchoose=741 areaidx.len=741 areaidx.range=0..40
[modMDM_BYM2_GH_v2] add_dataset start: nObs=1442 Kint=100 fe.size=144200 w.rows=1442 w.cols=100 lchoose=1442 areaidx.len=1442 areaidx.range=0..37
[modMDM_BYM2_GH_v2] add_dataset start: nObs=572 Kint=16 fe.size=9152 w.rows=572 w.cols=16 lchoose=572 areaidx.len=572 areaidx.range=0..40
[modMDM_BYM2_GH_v2] add_dataset start: nObs=806 Kint=21 fe.size=16926 w.rows=806 w.cols=21 lchoose=806 areaidx.len=806 areaidx.range=0..37
fit 96.2 min
% latex table generated in R 4.4.3 by xtable 1.8-4 package
% Wed May 20 10:17:42 2026
\begin{table}[ht]
\centering
\begin{tabular}{rrrrrr}
  \hline
 & Est & Q0.025 & Q0.1 & Q0.9 & Q0.975 \\ 
  \hline
(Int) & -1.03 & -1.22 & -1.16 & -0.91 & -0.84 \\ 
  urb & 1.07 & 0.86 & 0.94 & 1.19 & 1.26 \\ 
  access & 0.02 & -0.11 & -0.07 & 0.11 & 0.15 \\ 
  elev & 0.05 & -0.07 & -0.03 & 0.13 & 0.17 \\ 
  distRiversLakes & -0.15 & -0.26 & -0.22 & -0.07 & -0.04 \\ 
  popValsNorm & 0.48 & 0.24 & 0.33 & 0.64 & 0.73 \\ 
  sigmaSq & 0.28 & 0.16 & 0.19 & 0.38 & 0.45 \\ 
  phi & 0.87 & 0.44 & 0.67 & 0.99 & 0.99 \\ 
  sigmaEpsSq & 1.70 & 1.57 & 1.62 & 1.79 & 1.83 \\ 
   \hline
\end{tabular}
\end{table}
% latex table generated in R 4.4.3 by xtable 1.8-4 package
% Wed May 20 10:22:25 2026
\begin{table}[ht]
\centering
\begin{tabular}{rrrrrr}
  \hline
 & Est & Q0.025 & Q0.1 & Q0.9 & Q0.975 \\ 
  \hline
(Int) & -1.03 & -1.21 & -1.15 & -0.91 & -0.84 \\ 
  urb & 1.07 & 0.87 & 0.94 & 1.19 & 1.26 \\ 
  access & 0.02 & -0.11 & -0.06 & 0.10 & 0.15 \\ 
  elev & 0.05 & -0.07 & -0.03 & 0.13 & 0.17 \\ 
  distRiversLakes & -0.15 & -0.27 & -0.23 & -0.08 & -0.04 \\ 
  popValsNorm & 0.48 & 0.25 & 0.33 & 0.64 & 0.72 \\ 
  sigmaSq & 0.28 & 0.16 & 0.19 & 0.38 & 0.45 \\ 
  phi & 0.87 & 0.48 & 0.68 & 0.99 & 0.99 \\ 
  sigmaEpsSq & 1.70 & 1.57 & 1.61 & 1.79 & 1.84 \\ 
   \hline
\end{tabular}
\end{table}

##### [SPDE] sim 4 #####
  [Md_FE] fitting ... Warning in Matrix.DeprecatedCoerce(cd1, cd2) :
  'as(<dgTMatrix>, "dgCMatrix")' is deprecated.
Use 'as(., "CsparseMatrix")' instead.
See help("Deprecated") and help("Matrix-deprecated").
Warning in eigen.spam(tempQ, symmetric = TRUE) : 
 The eigenvalues are calculated with the function 'eigen' from the base package.
[1] "dyn.unload(dynlib('code/'))"
Warning: 4 external pointers will be removed
[1] "dyn.unload(dynlib('code/'))"
Warning in TMB::sdreport(obj, getJointPrecision = TRUE, bias.correct = TRUE,  :
  'bias.correct' does nothing without random effects
fit 0.0 min
  [Md] fitting ... Warning in Matrix.DeprecatedCoerce(cd1, cd2) :
  'as(<dgTMatrix>, "dgCMatrix")' is deprecated.
Use 'as(., "CsparseMatrix")' instead.
See help("Deprecated") and help("Matrix-deprecated").
Warning in eigen.spam(tempQ, symmetric = TRUE) : 
 The eigenvalues are calculated with the function 'eigen' from the base package.
[1] "dyn.unload(dynlib('code/'))"
[1] "compiling code/modM_DSepRepar.cpp..."
using C++ compiler: 'G__~1.EXE (GCC) 13.3.0'
make: Nothing to be done for 'all'.
[1] "optimizing for tol = 1e-06."
par:
   log_tau  logit_phi log_tauEps 
         0          0          0 
iter: 1  value: 3846.034 mgc: 823.5614 ustep: 1 
iter: 2  value: 3797.914 mgc: 370.2683 ustep: 1 
iter: 3  value: 3797.027 mgc: 35.50453 ustep: 1 
iter: 4  value: 3797.025 mgc: 1.228503 ustep: 1 
iter: 5  value: 3797.025 mgc: 0.003515691 ustep: 1 
iter: 6  value: 3797.025 mgc: 6.757078e-08 ustep: 1 
mgc: 3.564326e-13 
iter: 1  mgc: 3.564326e-13 
Matching hessian patterns... Done
outer mgc:  138.786 
par:
   log_tau  logit_phi log_tauEps 
 0.5622808  0.0475709 -5.5514395 
iter: 1  value: 6748.445 mgc: 2.502124 ustep: 1 
iter: 2  value: 6693.374 mgc: 57.96694 ustep: 1 
iter: 3  value: 6677.842 mgc: 17.60895 ustep: 1 
iter: 4  value: 6673.972 mgc: 5.553209 ustep: 1 
iter: 5  value: 6673.451 mgc: 1.541218 ustep: 1 
iter: 6  value: 6673.434 mgc: 0.2530786 ustep: 1 
iter: 7  value: 6673.434 mgc: 0.01148349 ustep: 1 
iter: 8  value: 6673.434 mgc: 3.6941e-05 ustep: 1 
iter: 9  mgc: 7.874396e-10 
par:
    log_tau   logit_phi  log_tauEps 
 0.11245617  0.00951418 -1.11028790 
iter: 1  value: 4086.854 mgc: 1.666712 ustep: 1 
iter: 2  value: 4084.676 mgc: 19.79817 ustep: 1 
iter: 3  value: 4084.673 mgc: 0.8555804 ustep: 1 
iter: 4  value: 4084.673 mgc: 0.00230735 ustep: 1 
iter: 5  value: 4084.673 mgc: 2.910982e-08 ustep: 1 
mgc: 2.261039e-13 
par:
     log_tau    logit_phi   log_tauEps 
 0.022491234  0.001902836 -0.222057580 
iter: 1  value: 3835.855 mgc: 0.4949678 ustep: 1 
iter: 2  value: 3835.851 mgc: 1.244978 ustep: 1 
iter: 3  value: 3835.851 mgc: 0.001729552 ustep: 1 
iter: 4  mgc: 4.389434e-09 
iter: 1  mgc: 4.389434e-09 
outer mgc:  77.72656 
par:
   log_tau  logit_phi log_tauEps 
 2.6514288  0.2198786 -0.2594339 
iter: 1  value: 3818.399 mgc: 58.97537 ustep: 1 
iter: 2  value: 3818.395 mgc: 0.6625486 ustep: 1 
iter: 3  value: 3818.395 mgc: 0.001723749 ustep: 1 
iter: 4  value: 3818.395 mgc: 1.901727e-08 ustep: 1 
mgc: 9.486411e-14 
iter: 1  mgc: 9.486411e-14 
outer mgc:  68.02824 
par:
   log_tau  logit_phi log_tauEps 
 1.5245248  0.1841899 -0.5378048 
iter: 1  value: 3887.313 mgc: 17.13517 ustep: 1 
iter: 2  value: 3887.293 mgc: 1.830862 ustep: 1 
iter: 3  value: 3887.293 mgc: 0.005322282 ustep: 1 
iter: 4  value: 3887.293 mgc: 5.922893e-08 ustep: 1 
iter: 5  mgc: 3.115452e-13 
iter: 1  mgc: 3.115452e-13 
outer mgc:  13.48115 
par:
   log_tau  logit_phi log_tauEps 
 1.5426652  0.1427607 -0.4908155 
iter: 1  value: 3875.781 mgc: 0.273257 ustep: 1 
iter: 2  value: 3875.781 mgc: 0.0512176 ustep: 1 
iter: 3  value: 3875.781 mgc: 3.987509e-06 ustep: 1 
iter: 4  mgc: 1.277415e-13 
iter: 1  mgc: 1.277415e-13 
outer mgc:  0.2651342 
par:
   log_tau  logit_phi log_tauEps 
 1.5523874  0.1061683 -0.4898021 
iter: 1  value: 3875.813 mgc: 0.1707324 ustep: 1 
iter: 2  value: 3875.813 mgc: 4.126219e-05 ustep: 1 
iter: 3  mgc: 4.797676e-12 
par:
    log_tau   logit_phi  log_tauEps 
 1.61472367  0.07445675 -0.22466791 
iter: 1  value: 3817.186 mgc: 0.8529915 ustep: 1 
iter: 2  value: 3817.175 mgc: 1.83932 ustep: 1 
iter: 3  value: 3817.175 mgc: 0.003980328 ustep: 1 
iter: 4  value: 3817.175 mgc: 2.370452e-08 ustep: 1 
mgc: 4.81127e-13 
par:
    log_tau   logit_phi  log_tauEps 
 1.56485469  0.09982601 -0.43677529 
iter: 1  value: 3863.009 mgc: 0.166891 ustep: 1 
iter: 2  value: 3863.009 mgc: 0.06659081 ustep: 1 
iter: 3  value: 3863.009 mgc: 6.365815e-06 ustep: 1 
iter: 4  mgc: 1.527767e-13 
par:
   log_tau  logit_phi log_tauEps 
 1.5548809  0.1048999 -0.4791968 
iter: 1  value: 3873.209 mgc: 0.03323263 ustep: 1 
iter: 2  value: 3873.209 mgc: 0.002608108 ustep: 1 
iter: 3  value: 3873.209 mgc: 1.015163e-08 ustep: 1 
mgc: 2.416769e-13 
par:
   log_tau  logit_phi log_tauEps 
 1.5528861  0.1059146 -0.4876811 
iter: 1  value: 3875.291 mgc: 0.006640725 ustep: 1 
iter: 2  value: 3875.291 mgc: 0.0001038814 ustep: 1 
iter: 3  mgc: 1.628707e-11 
par:
   log_tau  logit_phi log_tauEps 
 1.5524872  0.1061176 -0.4893779 
iter: 1  value: 3875.709 mgc: 0.001327913 ustep: 1 
iter: 2  value: 3875.709 mgc: 4.151714e-06 ustep: 1 
iter: 3  mgc: 9.291547e-14 
par:
   log_tau  logit_phi log_tauEps 
 1.5524074  0.1061582 -0.4897173 
iter: 1  value: 3875.792 mgc: 0.0002655734 ustep: 1 
iter: 2  value: 3875.792 mgc: 1.660402e-07 ustep: 1 
iter: 3  mgc: 1.752399e-13 
par:
   log_tau  logit_phi log_tauEps 
 1.5523914  0.1061663 -0.4897852 
iter: 1  value: 3875.809 mgc: 5.31143e-05 ustep: 1 
iter: 2  mgc: 6.641557e-09 
par:
   log_tau  logit_phi log_tauEps 
 1.5523882  0.1061679 -0.4897987 
iter: 1  value: 3875.813 mgc: 1.062284e-05 ustep: 1 
iter: 2  mgc: 2.659883e-10 
par:
   log_tau  logit_phi log_tauEps 
 1.5523876  0.1061682 -0.4898015 
iter: 1  value: 3875.813 mgc: 2.124568e-06 ustep: 1 
iter: 2  mgc: 1.090764e-11 
par:
   log_tau  logit_phi log_tauEps 
 1.5523875  0.1061683 -0.4898020 
iter: 1  value: 3875.813 mgc: 4.249133e-07 ustep: 1 
iter: 2  mgc: 4.114534e-13 
par:
   log_tau  logit_phi log_tauEps 
 1.5523875  0.1061683 -0.4898021 
iter: 1  value: 3875.813 mgc: 8.498241e-08 ustep: 1 
iter: 2  mgc: 3.087395e-14 
par:
   log_tau  logit_phi log_tauEps 
 1.5523874  0.1061683 -0.4898021 
iter: 1  value: 3875.813 mgc: 1.699623e-08 ustep: 1 
iter: 2  mgc: 5.229912e-13 
par:
   log_tau  logit_phi log_tauEps 
 1.5523874  0.1061683 -0.4898021 
iter: 1  mgc: 3.398988e-09 
[1] "completed optimization for tol = 1e-06"
iter: 1  mgc: 3.398988e-09 
outer mgc:  0.03089962 
iter: 1  value: 3875.805 mgc: 0.01277429 ustep: 1 
iter: 2  value: 3875.805 mgc: 9.326428e-08 ustep: 1 
iter: 3  mgc: 2.69957e-13 
outer mgc:  0.03168619 
iter: 1  value: 3875.821 mgc: 0.01275762 ustep: 1 
iter: 2  value: 3875.821 mgc: 9.321636e-08 ustep: 1 
iter: 3  mgc: 5.432718e-13 
outer mgc:  0.03011282 
iter: 1  value: 3875.804 mgc: 0.003728329 ustep: 1 
iter: 2  mgc: 1.862945e-09 
outer mgc:  0.03112557 
iter: 1  value: 3875.823 mgc: 0.003725154 ustep: 1 
iter: 2  mgc: 1.863965e-09 
outer mgc:  0.03067389 
iter: 1  value: 3875.568 mgc: 0.001717429 ustep: 1 
iter: 2  value: 3875.568 mgc: 2.308309e-05 ustep: 1 
iter: 3  mgc: 7.272423e-13 
outer mgc:  0.3076671 
iter: 1  value: 3876.059 mgc: 0.001715709 ustep: 1 
iter: 2  value: 3876.059 mgc: 2.305982e-05 ustep: 1 
iter: 3  mgc: 5.52753e-13 
outer mgc:  0.2552545 
Re-using symbolic Cholesky
iter: 1  mgc: 3.398988e-09 
Matching hessian patterns... Done
outer mgc:  0.03089962 
iter: 1  mgc: 3.398988e-09 
outer mgc:  0.03089962 
iter: 1  value: 3875.812 mgc: 0.001981974 ustep: 1 
iter: 2  mgc: 2.246378e-09 
outer mgc:  0.03102175 
iter: 1  value: 3875.815 mgc: 0.001981566 ustep: 1 
iter: 2  mgc: 2.247194e-09 
outer mgc:  0.0307775 
iter: 1  value: 3875.813 mgc: 3.956531e-05 ustep: 1 
iter: 2  mgc: 3.978581e-13 
outer mgc:  0.03090202 
iter: 1  value: 3875.814 mgc: 3.956706e-05 ustep: 1 
iter: 2  mgc: 2.186371e-13 
outer mgc:  0.03089723 
iter: 1  value: 3875.801 mgc: 8.408183e-05 ustep: 1 
iter: 2  value: 3875.801 mgc: 5.53531e-08 ustep: 1 
mgc: 4.500131e-13 
outer mgc:  0.03998555 
iter: 1  value: 3875.825 mgc: 8.407398e-05 ustep: 1 
iter: 2  value: 3875.825 mgc: 5.534651e-08 ustep: 1 
mgc: 1.852726e-13 
outer mgc:  0.03090689 
iter: 1  value: 3875.813 mgc: 0.0009909387 ustep: 1 
iter: 2  mgc: 5.614044e-10 
outer mgc:  0.03096069 
iter: 1  value: 3875.814 mgc: 0.0009908315 ustep: 1 
iter: 2  mgc: 5.61235e-10 
outer mgc:  0.03083856 
iter: 1  value: 3875.813 mgc: 1.978208e-05 ustep: 1 
iter: 2  mgc: 1.092513e-13 
outer mgc:  0.03090082 
iter: 1  value: 3875.813 mgc: 1.97841e-05 ustep: 1 
iter: 2  mgc: 2.909051e-13 
outer mgc:  0.03089843 
iter: 1  value: 3875.807 mgc: 4.204133e-05 ustep: 1 
iter: 2  value: 3875.807 mgc: 1.38392e-08 ustep: 1 
mgc: 3.383984e-13 
outer mgc:  0.03309254 
iter: 1  value: 3875.819 mgc: 4.203658e-05 ustep: 1 
iter: 2  value: 3875.819 mgc: 1.38357e-08 ustep: 1 
mgc: 3.438465e-13 
outer mgc:  0.03090326 
iter: 1  value: 3875.813 mgc: 0.0004954585 ustep: 1 
iter: 2  mgc: 1.405692e-10 
outer mgc:  0.03093015 
iter: 1  value: 3875.814 mgc: 0.0004954266 ustep: 1 
iter: 2  mgc: 1.404027e-10 
outer mgc:  0.03086909 
iter: 1  value: 3875.813 mgc: 9.890503e-06 ustep: 1 
iter: 2  mgc: 1.158676e-13 
outer mgc:  0.03090022 
iter: 1  value: 3875.813 mgc: 9.89259e-06 ustep: 1 
iter: 2  mgc: 6.430587e-14 
outer mgc:  0.03089902 
iter: 1  value: 3875.81 mgc: 2.102147e-05 ustep: 1 
iter: 2  mgc: 3.459796e-09 
outer mgc:  0.03089781 
iter: 1  value: 3875.816 mgc: 2.101748e-05 ustep: 1 
iter: 2  mgc: 3.45823e-09 
outer mgc:  0.03090144 
iter: 1  value: 3875.813 mgc: 0.0002477278 ustep: 1 
iter: 2  mgc: 3.490299e-11 
outer mgc:  0.03091489 
iter: 1  value: 3875.814 mgc: 0.0002477147 ustep: 1 
iter: 2  mgc: 3.481084e-11 
outer mgc:  0.03088436 
iter: 1  value: 3875.813 mgc: 4.944721e-06 ustep: 1 
iter: 2  mgc: 4.136563e-13 
outer mgc:  0.03089992 
iter: 1  value: 3875.813 mgc: 4.946825e-06 ustep: 1 
iter: 2  mgc: 3.299105e-13 
outer mgc:  0.03089932 
iter: 1  value: 3875.812 mgc: 1.051163e-05 ustep: 1 
iter: 2  mgc: 8.655209e-10 
outer mgc:  0.03089872 
iter: 1  value: 3875.815 mgc: 1.050784e-05 ustep: 1 
iter: 2  mgc: 8.64006e-10 
outer mgc:  0.03090053 
  elapsed 
0.3126667 
[1] "optimization took 0.544166666666691 minutes"
fit 0.6 min
Warning in sweep(gridDraws_tmb, 2, alpha_tmb_draws, "+") :
  length(STATS) or dim(STATS) do not match dim(x)[MARGIN]
Warning in sweep(gridDraws_tmb, 2, alpha_tmb_draws, "+") :
  length(STATS) or dim(STATS) do not match dim(x)[MARGIN]
  [M_D_FE] fitting ... Warning in Matrix.DeprecatedCoerce(cd1, cd2) :
  'as(<dgTMatrix>, "dgCMatrix")' is deprecated.
Use 'as(., "CsparseMatrix")' instead.
See help("Deprecated") and help("Matrix-deprecated").
Warning in eigen.spam(tempQ, symmetric = TRUE) : 
 The eigenvalues are calculated with the function 'eigen' from the base package.
[1] "dyn.unload(dynlib('code/'))"
Warning: 4 external pointers will be removed
[1] "dyn.unload(dynlib('code/'))"
Warning in TMB::sdreport(obj, getJointPrecision = TRUE, bias.correct = TRUE,  :
  'bias.correct' does nothing without random effects
fit 0.1 min
  [M_M_FE] fitting ... [1] "dyn.unload(dynlib('code/'))"
Warning in TMB::sdreport(obj, getJointPrecision = TRUE, bias.correct = TRUE,  :
  'bias.correct' does nothing without random effects
fit 0.3 min
  [M_DM_FE] fitting ... Warning in Matrix.DeprecatedCoerce(cd1, cd2) :
  'as(<dgTMatrix>, "dgCMatrix")' is deprecated.
Use 'as(., "CsparseMatrix")' instead.
See help("Deprecated") and help("Matrix-deprecated").
Warning in eigen.spam(tempQ, symmetric = TRUE) : 
 The eigenvalues are calculated with the function 'eigen' from the base package.
[1] "dyn.unload(dynlib('code/'))"
Warning: 2 external pointers will be removed
[1] "dyn.unload(dynlib('code/'))"
[modMDM_BYM2_GH_v2] sizes: nUrbM=741 nRurM=1442 nUrbD=572 nRurD=806 nAreas=41 KUrbM=100 KRurM=100 KUrbD=16 KRurD=21 Q=10
[modMDM_BYM2_GH_v2] about to multiply Q_bym2 by u_bym2 (nAreas=41)
[modMDM_BYM2_GH_v2] completed Q_bym2 * u_bym2 multiply
[modMDM_BYM2_GH_v2] add_dataset start: nObs=741 Kint=100 fe.size=74100 w.rows=741 w.cols=100 lchoose=741 areaidx.len=741 areaidx.range=0..40
[modMDM_BYM2_GH_v2] add_dataset start: nObs=1442 Kint=100 fe.size=144200 w.rows=1442 w.cols=100 lchoose=1442 areaidx.len=1442 areaidx.range=0..37
[modMDM_BYM2_GH_v2] add_dataset start: nObs=572 Kint=16 fe.size=9152 w.rows=572 w.cols=16 lchoose=572 areaidx.len=572 areaidx.range=0..40
[modMDM_BYM2_GH_v2] add_dataset start: nObs=806 Kint=21 fe.size=16926 w.rows=806 w.cols=21 lchoose=806 areaidx.len=806 areaidx.range=0..37
[modMDM_BYM2_GH_v2] sizes: nUrbM=741 nRurM=1442 nUrbD=572 nRurD=806 nAreas=41 KUrbM=100 KRurM=100 KUrbD=16 KRurD=21 Q=10
[modMDM_BYM2_GH_v2] about to multiply Q_bym2 by u_bym2 (nAreas=41)
[modMDM_BYM2_GH_v2] completed Q_bym2 * u_bym2 multiply
[modMDM_BYM2_GH_v2] add_dataset start: nObs=741 Kint=100 fe.size=74100 w.rows=741 w.cols=100 lchoose=741 areaidx.len=741 areaidx.range=0..40
[modMDM_BYM2_GH_v2] add_dataset start: nObs=1442 Kint=100 fe.size=144200 w.rows=1442 w.cols=100 lchoose=1442 areaidx.len=1442 areaidx.range=0..37
[modMDM_BYM2_GH_v2] add_dataset start: nObs=572 Kint=16 fe.size=9152 w.rows=572 w.cols=16 lchoose=572 areaidx.len=572 areaidx.range=0..40
[modMDM_BYM2_GH_v2] add_dataset start: nObs=806 Kint=21 fe.size=16926 w.rows=806 w.cols=21 lchoose=806 areaidx.len=806 areaidx.range=0..37
[modMDM_BYM2_GH_v2] sizes: nUrbM=741 nRurM=1442 nUrbD=572 nRurD=806 nAreas=41 KUrbM=100 KRurM=100 KUrbD=16 KRurD=21 Q=10
[modMDM_BYM2_GH_v2] about to multiply Q_bym2 by u_bym2 (nAreas=41)
[modMDM_BYM2_GH_v2] completed Q_bym2 * u_bym2 multiply
[modMDM_BYM2_GH_v2] add_dataset start: nObs=741 Kint=100 fe.size=74100 w.rows=741 w.cols=100 lchoose=741 areaidx.len=741 areaidx.range=0..40
[modMDM_BYM2_GH_v2] add_dataset start: nObs=1442 Kint=100 fe.size=144200 w.rows=1442 w.cols=100 lchoose=1442 areaidx.len=1442 areaidx.range=0..37
[modMDM_BYM2_GH_v2] add_dataset start: nObs=572 Kint=16 fe.size=9152 w.rows=572 w.cols=16 lchoose=572 areaidx.len=572 areaidx.range=0..40
[modMDM_BYM2_GH_v2] add_dataset start: nObs=806 Kint=21 fe.size=16926 w.rows=806 w.cols=21 lchoose=806 areaidx.len=806 areaidx.range=0..37
[modMDM_BYM2_GH_v2] sizes: nUrbM=741 nRurM=1442 nUrbD=572 nRurD=806 nAreas=41 KUrbM=100 KRurM=100 KUrbD=16 KRurD=21 Q=10
[modMDM_BYM2_GH_v2] about to multiply Q_bym2 by u_bym2 (nAreas=41)
[modMDM_BYM2_GH_v2] completed Q_bym2 * u_bym2 multiply
[modMDM_BYM2_GH_v2] add_dataset start: nObs=741 Kint=100 fe.size=74100 w.rows=741 w.cols=100 lchoose=741 areaidx.len=741 areaidx.range=0..40
[modMDM_BYM2_GH_v2] add_dataset start: nObs=1442 Kint=100 fe.size=144200 w.rows=1442 w.cols=100 lchoose=1442 areaidx.len=1442 areaidx.range=0..37
[modMDM_BYM2_GH_v2] add_dataset start: nObs=572 Kint=16 fe.size=9152 w.rows=572 w.cols=16 lchoose=572 areaidx.len=572 areaidx.range=0..40
[modMDM_BYM2_GH_v2] add_dataset start: nObs=806 Kint=21 fe.size=16926 w.rows=806 w.cols=21 lchoose=806 areaidx.len=806 areaidx.range=0..37
[modMDM_BYM2_GH_v2] sizes: nUrbM=741 nRurM=1442 nUrbD=572 nRurD=806 nAreas=41 KUrbM=100 KRurM=100 KUrbD=16 KRurD=21 Q=10
[modMDM_BYM2_GH_v2] about to multiply Q_bym2 by u_bym2 (nAreas=41)
[modMDM_BYM2_GH_v2] completed Q_bym2 * u_bym2 multiply
[modMDM_BYM2_GH_v2] add_dataset start: nObs=741 Kint=100 fe.size=74100 w.rows=741 w.cols=100 lchoose=741 areaidx.len=741 areaidx.range=0..40
[modMDM_BYM2_GH_v2] add_dataset start: nObs=1442 Kint=100 fe.size=144200 w.rows=1442 w.cols=100 lchoose=1442 areaidx.len=1442 areaidx.range=0..37
[modMDM_BYM2_GH_v2] add_dataset start: nObs=572 Kint=16 fe.size=9152 w.rows=572 w.cols=16 lchoose=572 areaidx.len=572 areaidx.range=0..40
[modMDM_BYM2_GH_v2] add_dataset start: nObs=806 Kint=21 fe.size=16926 w.rows=806 w.cols=21 lchoose=806 areaidx.len=806 areaidx.range=0..37
[modMDM_BYM2_GH_v2] sizes: nUrbM=741 nRurM=1442 nUrbD=572 nRurD=806 nAreas=41 KUrbM=100 KRurM=100 KUrbD=16 KRurD=21 Q=10
[modMDM_BYM2_GH_v2] about to multiply Q_bym2 by u_bym2 (nAreas=41)
[modMDM_BYM2_GH_v2] completed Q_bym2 * u_bym2 multiply
[modMDM_BYM2_GH_v2] add_dataset start: nObs=741 Kint=100 fe.size=74100 w.rows=741 w.cols=100 lchoose=741 areaidx.len=741 areaidx.range=0..40
[modMDM_BYM2_GH_v2] add_dataset start: nObs=1442 Kint=100 fe.size=144200 w.rows=1442 w.cols=100 lchoose=1442 areaidx.len=1442 areaidx.range=0..37
[modMDM_BYM2_GH_v2] add_dataset start: nObs=572 Kint=16 fe.size=9152 w.rows=572 w.cols=16 lchoose=572 areaidx.len=572 areaidx.range=0..40
[modMDM_BYM2_GH_v2] add_dataset start: nObs=806 Kint=21 fe.size=16926 w.rows=806 w.cols=21 lchoose=806 areaidx.len=806 areaidx.range=0..37
[modMDM_BYM2_GH_v2] sizes: nUrbM=741 nRurM=1442 nUrbD=572 nRurD=806 nAreas=41 KUrbM=100 KRurM=100 KUrbD=16 KRurD=21 Q=10
[modMDM_BYM2_GH_v2] about to multiply Q_bym2 by u_bym2 (nAreas=41)
[modMDM_BYM2_GH_v2] completed Q_bym2 * u_bym2 multiply
[modMDM_BYM2_GH_v2] add_dataset start: nObs=741 Kint=100 fe.size=74100 w.rows=741 w.cols=100 lchoose=741 areaidx.len=741 areaidx.range=0..40
[modMDM_BYM2_GH_v2] add_dataset start: nObs=1442 Kint=100 fe.size=144200 w.rows=1442 w.cols=100 lchoose=1442 areaidx.len=1442 areaidx.range=0..37
[modMDM_BYM2_GH_v2] add_dataset start: nObs=572 Kint=16 fe.size=9152 w.rows=572 w.cols=16 lchoose=572 areaidx.len=572 areaidx.range=0..40
[modMDM_BYM2_GH_v2] add_dataset start: nObs=806 Kint=21 fe.size=16926 w.rows=806 w.cols=21 lchoose=806 areaidx.len=806 areaidx.range=0..37
Warning in TMB::sdreport(obj, getJointPrecision = TRUE, bias.correct = TRUE,  :
  'bias.correct' does nothing without random effects
fit 1.9 min
  [M_D_BYM2] fitting ... Warning in Matrix.DeprecatedCoerce(cd1, cd2) :
  'as(<dgTMatrix>, "dgCMatrix")' is deprecated.
Use 'as(., "CsparseMatrix")' instead.
See help("Deprecated") and help("Matrix-deprecated").
Warning in eigen.spam(tempQ, symmetric = TRUE) : 
 The eigenvalues are calculated with the function 'eigen' from the base package.
Warning in Matrix.DeprecatedCoerce(cd1, cd2) :
  'as(<dgTMatrix>, "dgCMatrix")' is deprecated.
Use 'as(., "CsparseMatrix")' instead.
See help("Deprecated") and help("Matrix-deprecated").
Warning in eigen.spam(tempQ, symmetric = TRUE) : 
 The eigenvalues are calculated with the function 'eigen' from the base package.
[1] "dyn.unload(dynlib('code/'))"
Warning: 2 external pointers will be removed
[1] "dyn.unload(dynlib('code/'))"
[1] "dyn.unload(dynlib('code/'))"
fit 0.3 min
% latex table generated in R 4.4.3 by xtable 1.8-4 package
% Wed May 20 11:56:44 2026
\begin{table}[ht]
\centering
\begin{tabular}{rrrrrr}
  \hline
 & Est & Q0.025 & Q0.1 & Q0.9 & Q0.975 \\ 
  \hline
(Int) & -1.25 & -1.42 & -1.36 & -1.13 & -1.07 \\ 
  urb & 0.83 & 0.63 & 0.69 & 0.97 & 1.04 \\ 
  access & 0.05 & -0.06 & -0.03 & 0.12 & 0.16 \\ 
  elev & 0.10 & 0.02 & 0.05 & 0.14 & 0.17 \\ 
  distRiversLakes & -0.07 & -0.14 & -0.12 & -0.02 & 0.01 \\ 
  popValsNorm & 0.71 & 0.50 & 0.57 & 0.85 & 0.93 \\ 
  sigmaSq & 160.84 & 0.00 & 0.01 & 73.00 & 713.33 \\ 
  phi & 0.51 & 0.03 & 0.10 & 0.91 & 0.97 \\ 
  sigmaEpsSq & 1.84 & 1.65 & 1.71 & 1.97 & 2.05 \\ 
   \hline
\end{tabular}
\end{table}
% latex table generated in R 4.4.3 by xtable 1.8-4 package
% Wed May 20 12:01:35 2026
\begin{table}[ht]
\centering
\begin{tabular}{rrrrrr}
  \hline
 & Est & Q0.025 & Q0.1 & Q0.9 & Q0.975 \\ 
  \hline
(Int) & -1.25 & -1.42 & -1.36 & -1.13 & -1.07 \\ 
  urb & 0.83 & 0.62 & 0.69 & 0.97 & 1.04 \\ 
  access & 0.04 & -0.07 & -0.03 & 0.11 & 0.15 \\ 
  elev & 0.10 & 0.02 & 0.05 & 0.14 & 0.17 \\ 
  distRiversLakes & -0.07 & -0.14 & -0.12 & -0.02 & 0.01 \\ 
  popValsNorm & 0.71 & 0.49 & 0.57 & 0.85 & 0.93 \\ 
  sigmaSq & 502.41 & 0.00 & 0.02 & 66.72 & 604.38 \\ 
  phi & 0.50 & 0.03 & 0.09 & 0.91 & 0.97 \\ 
  sigmaEpsSq & 1.84 & 1.65 & 1.71 & 1.97 & 2.04 \\ 
   \hline
\end{tabular}
\end{table}
  [M_M_BYM2] fitting ... Warning in Matrix.DeprecatedCoerce(cd1, cd2) :
  'as(<dgTMatrix>, "dgCMatrix")' is deprecated.
Use 'as(., "CsparseMatrix")' instead.
See help("Deprecated") and help("Matrix-deprecated").
Warning in eigen.spam(tempQ, symmetric = TRUE) : 
 The eigenvalues are calculated with the function 'eigen' from the base package.
[1] "dyn.unload(dynlib('code/'))"
[1] "dyn.unload(dynlib('code/'))"
Warning: 3 external pointers will be removed
[1] "dyn.unload(dynlib('code/'))"
fit 6.1 min
% latex table generated in R 4.4.3 by xtable 1.8-4 package
% Wed May 20 12:20:58 2026
\begin{table}[ht]
\centering
\begin{tabular}{rrrrrr}
  \hline
 & Est & Q0.025 & Q0.1 & Q0.9 & Q0.975 \\ 
  \hline
(Int) & -1.03 & -1.41 & -1.27 & -0.78 & -0.65 \\ 
  urb & 1.11 & 0.73 & 0.86 & 1.37 & 1.50 \\ 
  access & 0.03 & -0.31 & -0.19 & 0.25 & 0.38 \\ 
  elev & 0.04 & -0.16 & -0.09 & 0.18 & 0.26 \\ 
  distRiversLakes & -0.22 & -0.41 & -0.35 & -0.10 & -0.03 \\ 
  popValsNorm & 0.43 & -0.14 & 0.05 & 0.80 & 0.99 \\ 
  sigmaSq & 0.25 & 0.13 & 0.16 & 0.35 & 0.42 \\ 
  phi & 0.74 & 0.20 & 0.41 & 0.96 & 0.99 \\ 
  sigmaEpsSq & 1.68 & 1.50 & 1.56 & 1.81 & 1.89 \\ 
   \hline
\end{tabular}
\end{table}
% latex table generated in R 4.4.3 by xtable 1.8-4 package
% Wed May 20 12:25:45 2026
\begin{table}[ht]
\centering
\begin{tabular}{rrrrrr}
  \hline
 & Est & Q0.025 & Q0.1 & Q0.9 & Q0.975 \\ 
  \hline
(Int) & -1.03 & -1.41 & -1.28 & -0.79 & -0.66 \\ 
  urb & 1.11 & 0.73 & 0.86 & 1.36 & 1.50 \\ 
  access & 0.03 & -0.30 & -0.19 & 0.26 & 0.37 \\ 
  elev & 0.04 & -0.17 & -0.10 & 0.19 & 0.26 \\ 
  distRiversLakes & -0.22 & -0.42 & -0.35 & -0.09 & -0.03 \\ 
  popValsNorm & 0.43 & -0.14 & 0.07 & 0.80 & 1.00 \\ 
  sigmaSq & 0.25 & 0.13 & 0.16 & 0.35 & 0.42 \\ 
  phi & 0.74 & 0.23 & 0.42 & 0.96 & 0.99 \\ 
  sigmaEpsSq & 1.68 & 1.50 & 1.56 & 1.81 & 1.89 \\ 
   \hline
\end{tabular}
\end{table}
  [M_DM_BYM2] fitting ... Warning in Matrix.DeprecatedCoerce(cd1, cd2) :
  'as(<dgTMatrix>, "dgCMatrix")' is deprecated.
Use 'as(., "CsparseMatrix")' instead.
See help("Deprecated") and help("Matrix-deprecated").
Warning in eigen.spam(tempQ, symmetric = TRUE) : 
 The eigenvalues are calculated with the function 'eigen' from the base package.
Warning in Matrix.DeprecatedCoerce(cd1, cd2) :
  'as(<dgTMatrix>, "dgCMatrix")' is deprecated.
Use 'as(., "CsparseMatrix")' instead.
See help("Deprecated") and help("Matrix-deprecated").
Warning in eigen.spam(tempQ, symmetric = TRUE) : 
 The eigenvalues are calculated with the function 'eigen' from the base package.
[1] "dyn.unload(dynlib('code/'))"
Warning: 4 external pointers will be removed
[1] "dyn.unload(dynlib('code/'))"
[modMDM_BYM2_GH_v2] sizes: nUrbM=741 nRurM=1442 nUrbD=572 nRurD=806 nAreas=41 KUrbM=100 KRurM=100 KUrbD=16 KRurD=21 Q=10
[modMDM_BYM2_GH_v2] about to multiply Q_bym2 by u_bym2 (nAreas=41)
[modMDM_BYM2_GH_v2] completed Q_bym2 * u_bym2 multiply
[modMDM_BYM2_GH_v2] add_dataset start: nObs=741 Kint=100 fe.size=74100 w.rows=741 w.cols=100 lchoose=741 areaidx.len=741 areaidx.range=0..40
[modMDM_BYM2_GH_v2] add_dataset start: nObs=1442 Kint=100 fe.size=144200 w.rows=1442 w.cols=100 lchoose=1442 areaidx.len=1442 areaidx.range=0..37
[modMDM_BYM2_GH_v2] add_dataset start: nObs=572 Kint=16 fe.size=9152 w.rows=572 w.cols=16 lchoose=572 areaidx.len=572 areaidx.range=0..40
[modMDM_BYM2_GH_v2] add_dataset start: nObs=806 Kint=21 fe.size=16926 w.rows=806 w.cols=21 lchoose=806 areaidx.len=806 areaidx.range=0..37
[modMDM_BYM2_GH_v2] sizes: nUrbM=741 nRurM=1442 nUrbD=572 nRurD=806 nAreas=41 KUrbM=100 KRurM=100 KUrbD=16 KRurD=21 Q=10
[modMDM_BYM2_GH_v2] about to multiply Q_bym2 by u_bym2 (nAreas=41)
[modMDM_BYM2_GH_v2] completed Q_bym2 * u_bym2 multiply
[modMDM_BYM2_GH_v2] add_dataset start: nObs=741 Kint=100 fe.size=74100 w.rows=741 w.cols=100 lchoose=741 areaidx.len=741 areaidx.range=0..40
[modMDM_BYM2_GH_v2] add_dataset start: nObs=1442 Kint=100 fe.size=144200 w.rows=1442 w.cols=100 lchoose=1442 areaidx.len=1442 areaidx.range=0..37
[modMDM_BYM2_GH_v2] add_dataset start: nObs=572 Kint=16 fe.size=9152 w.rows=572 w.cols=16 lchoose=572 areaidx.len=572 areaidx.range=0..40
[modMDM_BYM2_GH_v2] add_dataset start: nObs=806 Kint=21 fe.size=16926 w.rows=806 w.cols=21 lchoose=806 areaidx.len=806 areaidx.range=0..37
[modMDM_BYM2_GH_v2] sizes: nUrbM=741 nRurM=1442 nUrbD=572 nRurD=806 nAreas=41 KUrbM=100 KRurM=100 KUrbD=16 KRurD=21 Q=10
[modMDM_BYM2_GH_v2] about to multiply Q_bym2 by u_bym2 (nAreas=41)
[modMDM_BYM2_GH_v2] completed Q_bym2 * u_bym2 multiply
[modMDM_BYM2_GH_v2] add_dataset start: nObs=741 Kint=100 fe.size=74100 w.rows=741 w.cols=100 lchoose=741 areaidx.len=741 areaidx.range=0..40
[modMDM_BYM2_GH_v2] add_dataset start: nObs=1442 Kint=100 fe.size=144200 w.rows=1442 w.cols=100 lchoose=1442 areaidx.len=1442 areaidx.range=0..37
[modMDM_BYM2_GH_v2] add_dataset start: nObs=572 Kint=16 fe.size=9152 w.rows=572 w.cols=16 lchoose=572 areaidx.len=572 areaidx.range=0..40
[modMDM_BYM2_GH_v2] add_dataset start: nObs=806 Kint=21 fe.size=16926 w.rows=806 w.cols=21 lchoose=806 areaidx.len=806 areaidx.range=0..37
[modMDM_BYM2_GH_v2] sizes: nUrbM=741 nRurM=1442 nUrbD=572 nRurD=806 nAreas=41 KUrbM=100 KRurM=100 KUrbD=16 KRurD=21 Q=10
[modMDM_BYM2_GH_v2] about to multiply Q_bym2 by u_bym2 (nAreas=41)
[modMDM_BYM2_GH_v2] completed Q_bym2 * u_bym2 multiply
[modMDM_BYM2_GH_v2] add_dataset start: nObs=741 Kint=100 fe.size=74100 w.rows=741 w.cols=100 lchoose=741 areaidx.len=741 areaidx.range=0..40
[modMDM_BYM2_GH_v2] add_dataset start: nObs=1442 Kint=100 fe.size=144200 w.rows=1442 w.cols=100 lchoose=1442 areaidx.len=1442 areaidx.range=0..37
[modMDM_BYM2_GH_v2] add_dataset start: nObs=572 Kint=16 fe.size=9152 w.rows=572 w.cols=16 lchoose=572 areaidx.len=572 areaidx.range=0..40
[modMDM_BYM2_GH_v2] add_dataset start: nObs=806 Kint=21 fe.size=16926 w.rows=806 w.cols=21 lchoose=806 areaidx.len=806 areaidx.range=0..37
[1] "dyn.unload(dynlib('code/'))"
Warning: 3 external pointers will be removed
[1] "dyn.unload(dynlib('code/'))"
[modMDM_BYM2_GH_v2] sizes: nUrbM=741 nRurM=1442 nUrbD=572 nRurD=806 nAreas=41 KUrbM=100 KRurM=100 KUrbD=16 KRurD=21 Q=10
[modMDM_BYM2_GH_v2] about to multiply Q_bym2 by u_bym2 (nAreas=41)
[modMDM_BYM2_GH_v2] completed Q_bym2 * u_bym2 multiply
[modMDM_BYM2_GH_v2] add_dataset start: nObs=741 Kint=100 fe.size=74100 w.rows=741 w.cols=100 lchoose=741 areaidx.len=741 areaidx.range=0..40
[modMDM_BYM2_GH_v2] add_dataset start: nObs=1442 Kint=100 fe.size=144200 w.rows=1442 w.cols=100 lchoose=1442 areaidx.len=1442 areaidx.range=0..37
[modMDM_BYM2_GH_v2] add_dataset start: nObs=572 Kint=16 fe.size=9152 w.rows=572 w.cols=16 lchoose=572 areaidx.len=572 areaidx.range=0..40
[modMDM_BYM2_GH_v2] add_dataset start: nObs=806 Kint=21 fe.size=16926 w.rows=806 w.cols=21 lchoose=806 areaidx.len=806 areaidx.range=0..37
[modMDM_BYM2_GH_v2] sizes: nUrbM=741 nRurM=1442 nUrbD=572 nRurD=806 nAreas=41 KUrbM=100 KRurM=100 KUrbD=16 KRurD=21 Q=10
[modMDM_BYM2_GH_v2] about to multiply Q_bym2 by u_bym2 (nAreas=41)
[modMDM_BYM2_GH_v2] completed Q_bym2 * u_bym2 multiply
[modMDM_BYM2_GH_v2] add_dataset start: nObs=741 Kint=100 fe.size=74100 w.rows=741 w.cols=100 lchoose=741 areaidx.len=741 areaidx.range=0..40
[modMDM_BYM2_GH_v2] add_dataset start: nObs=1442 Kint=100 fe.size=144200 w.rows=1442 w.cols=100 lchoose=1442 areaidx.len=1442 areaidx.range=0..37
[modMDM_BYM2_GH_v2] add_dataset start: nObs=572 Kint=16 fe.size=9152 w.rows=572 w.cols=16 lchoose=572 areaidx.len=572 areaidx.range=0..40
[modMDM_BYM2_GH_v2] add_dataset start: nObs=806 Kint=21 fe.size=16926 w.rows=806 w.cols=21 lchoose=806 areaidx.len=806 areaidx.range=0..37
[modMDM_BYM2_GH_v2] sizes: nUrbM=741 nRurM=1442 nUrbD=572 nRurD=806 nAreas=41 KUrbM=100 KRurM=100 KUrbD=16 KRurD=21 Q=10
[modMDM_BYM2_GH_v2] about to multiply Q_bym2 by u_bym2 (nAreas=41)
[modMDM_BYM2_GH_v2] completed Q_bym2 * u_bym2 multiply
[modMDM_BYM2_GH_v2] add_dataset start: nObs=741 Kint=100 fe.size=74100 w.rows=741 w.cols=100 lchoose=741 areaidx.len=741 areaidx.range=0..40
[modMDM_BYM2_GH_v2] add_dataset start: nObs=1442 Kint=100 fe.size=144200 w.rows=1442 w.cols=100 lchoose=1442 areaidx.len=1442 areaidx.range=0..37
[modMDM_BYM2_GH_v2] add_dataset start: nObs=572 Kint=16 fe.size=9152 w.rows=572 w.cols=16 lchoose=572 areaidx.len=572 areaidx.range=0..40
[modMDM_BYM2_GH_v2] add_dataset start: nObs=806 Kint=21 fe.size=16926 w.rows=806 w.cols=21 lchoose=806 areaidx.len=806 areaidx.range=0..37
[modMDM_BYM2_GH_v2] sizes: nUrbM=741 nRurM=1442 nUrbD=572 nRurD=806 nAreas=41 KUrbM=100 KRurM=100 KUrbD=16 KRurD=21 Q=10
[modMDM_BYM2_GH_v2] about to multiply Q_bym2 by u_bym2 (nAreas=41)
[modMDM_BYM2_GH_v2] completed Q_bym2 * u_bym2 multiply
[modMDM_BYM2_GH_v2] add_dataset start: nObs=741 Kint=100 fe.size=74100 w.rows=741 w.cols=100 lchoose=741 areaidx.len=741 areaidx.range=0..40
[modMDM_BYM2_GH_v2] add_dataset start: nObs=1442 Kint=100 fe.size=144200 w.rows=1442 w.cols=100 lchoose=1442 areaidx.len=1442 areaidx.range=0..37
[modMDM_BYM2_GH_v2] add_dataset start: nObs=572 Kint=16 fe.size=9152 w.rows=572 w.cols=16 lchoose=572 areaidx.len=572 areaidx.range=0..40
[modMDM_BYM2_GH_v2] add_dataset start: nObs=806 Kint=21 fe.size=16926 w.rows=806 w.cols=21 lchoose=806 areaidx.len=806 areaidx.range=0..37
[modMDM_BYM2_GH_v2] sizes: nUrbM=741 nRurM=1442 nUrbD=572 nRurD=806 nAreas=41 KUrbM=100 KRurM=100 KUrbD=16 KRurD=21 Q=10
[modMDM_BYM2_GH_v2] about to multiply Q_bym2 by u_bym2 (nAreas=41)
[modMDM_BYM2_GH_v2] completed Q_bym2 * u_bym2 multiply
[modMDM_BYM2_GH_v2] add_dataset start: nObs=741 Kint=100 fe.size=74100 w.rows=741 w.cols=100 lchoose=741 areaidx.len=741 areaidx.range=0..40
[modMDM_BYM2_GH_v2] add_dataset start: nObs=1442 Kint=100 fe.size=144200 w.rows=1442 w.cols=100 lchoose=1442 areaidx.len=1442 areaidx.range=0..37
[modMDM_BYM2_GH_v2] add_dataset start: nObs=572 Kint=16 fe.size=9152 w.rows=572 w.cols=16 lchoose=572 areaidx.len=572 areaidx.range=0..40
[modMDM_BYM2_GH_v2] add_dataset start: nObs=806 Kint=21 fe.size=16926 w.rows=806 w.cols=21 lchoose=806 areaidx.len=806 areaidx.range=0..37
[modMDM_BYM2_GH_v2] sizes: nUrbM=741 nRurM=1442 nUrbD=572 nRurD=806 nAreas=41 KUrbM=100 KRurM=100 KUrbD=16 KRurD=21 Q=10
[modMDM_BYM2_GH_v2] about to multiply Q_bym2 by u_bym2 (nAreas=41)
[modMDM_BYM2_GH_v2] completed Q_bym2 * u_bym2 multiply
[modMDM_BYM2_GH_v2] add_dataset start: nObs=741 Kint=100 fe.size=74100 w.rows=741 w.cols=100 lchoose=741 areaidx.len=741 areaidx.range=0..40
[modMDM_BYM2_GH_v2] add_dataset start: nObs=1442 Kint=100 fe.size=144200 w.rows=1442 w.cols=100 lchoose=1442 areaidx.len=1442 areaidx.range=0..37
[modMDM_BYM2_GH_v2] add_dataset start: nObs=572 Kint=16 fe.size=9152 w.rows=572 w.cols=16 lchoose=572 areaidx.len=572 areaidx.range=0..40
[modMDM_BYM2_GH_v2] add_dataset start: nObs=806 Kint=21 fe.size=16926 w.rows=806 w.cols=21 lchoose=806 areaidx.len=806 areaidx.range=0..37
[modMDM_BYM2_GH_v2] sizes: nUrbM=741 nRurM=1442 nUrbD=572 nRurD=806 nAreas=41 KUrbM=100 KRurM=100 KUrbD=16 KRurD=21 Q=10
[modMDM_BYM2_GH_v2] about to multiply Q_bym2 by u_bym2 (nAreas=41)
[modMDM_BYM2_GH_v2] completed Q_bym2 * u_bym2 multiply
[modMDM_BYM2_GH_v2] add_dataset start: nObs=741 Kint=100 fe.size=74100 w.rows=741 w.cols=100 lchoose=741 areaidx.len=741 areaidx.range=0..40
[modMDM_BYM2_GH_v2] add_dataset start: nObs=1442 Kint=100 fe.size=144200 w.rows=1442 w.cols=100 lchoose=1442 areaidx.len=1442 areaidx.range=0..37
[modMDM_BYM2_GH_v2] add_dataset start: nObs=572 Kint=16 fe.size=9152 w.rows=572 w.cols=16 lchoose=572 areaidx.len=572 areaidx.range=0..40
[modMDM_BYM2_GH_v2] add_dataset start: nObs=806 Kint=21 fe.size=16926 w.rows=806 w.cols=21 lchoose=806 areaidx.len=806 areaidx.range=0..37
[modMDM_BYM2_GH_v2] sizes: nUrbM=741 nRurM=1442 nUrbD=572 nRurD=806 nAreas=41 KUrbM=100 KRurM=100 KUrbD=16 KRurD=21 Q=10
[modMDM_BYM2_GH_v2] about to multiply Q_bym2 by u_bym2 (nAreas=41)
[modMDM_BYM2_GH_v2] completed Q_bym2 * u_bym2 multiply
[modMDM_BYM2_GH_v2] add_dataset start: nObs=741 Kint=100 fe.size=74100 w.rows=741 w.cols=100 lchoose=741 areaidx.len=741 areaidx.range=0..40
[modMDM_BYM2_GH_v2] add_dataset start: nObs=1442 Kint=100 fe.size=144200 w.rows=1442 w.cols=100 lchoose=1442 areaidx.len=1442 areaidx.range=0..37
[modMDM_BYM2_GH_v2] add_dataset start: nObs=572 Kint=16 fe.size=9152 w.rows=572 w.cols=16 lchoose=572 areaidx.len=572 areaidx.range=0..40
[modMDM_BYM2_GH_v2] add_dataset start: nObs=806 Kint=21 fe.size=16926 w.rows=806 w.cols=21 lchoose=806 areaidx.len=806 areaidx.range=0..37
[modMDM_BYM2_GH_v2] sizes: nUrbM=741 nRurM=1442 nUrbD=572 nRurD=806 nAreas=41 KUrbM=100 KRurM=100 KUrbD=16 KRurD=21 Q=10
[modMDM_BYM2_GH_v2] about to multiply Q_bym2 by u_bym2 (nAreas=41)
[modMDM_BYM2_GH_v2] completed Q_bym2 * u_bym2 multiply
[modMDM_BYM2_GH_v2] add_dataset start: nObs=741 Kint=100 fe.size=74100 w.rows=741 w.cols=100 lchoose=741 areaidx.len=741 areaidx.range=0..40
[modMDM_BYM2_GH_v2] add_dataset start: nObs=1442 Kint=100 fe.size=144200 w.rows=1442 w.cols=100 lchoose=1442 areaidx.len=1442 areaidx.range=0..37
[modMDM_BYM2_GH_v2] add_dataset start: nObs=572 Kint=16 fe.size=9152 w.rows=572 w.cols=16 lchoose=572 areaidx.len=572 areaidx.range=0..40
[modMDM_BYM2_GH_v2] add_dataset start: nObs=806 Kint=21 fe.size=16926 w.rows=806 w.cols=21 lchoose=806 areaidx.len=806 areaidx.range=0..37
[modMDM_BYM2_GH_v2] sizes: nUrbM=741 nRurM=1442 nUrbD=572 nRurD=806 nAreas=41 KUrbM=100 KRurM=100 KUrbD=16 KRurD=21 Q=10
[modMDM_BYM2_GH_v2] about to multiply Q_bym2 by u_bym2 (nAreas=41)
[modMDM_BYM2_GH_v2] completed Q_bym2 * u_bym2 multiply
[modMDM_BYM2_GH_v2] add_dataset start: nObs=741 Kint=100 fe.size=74100 w.rows=741 w.cols=100 lchoose=741 areaidx.len=741 areaidx.range=0..40
[modMDM_BYM2_GH_v2] add_dataset start: nObs=1442 Kint=100 fe.size=144200 w.rows=1442 w.cols=100 lchoose=1442 areaidx.len=1442 areaidx.range=0..37
[modMDM_BYM2_GH_v2] add_dataset start: nObs=572 Kint=16 fe.size=9152 w.rows=572 w.cols=16 lchoose=572 areaidx.len=572 areaidx.range=0..40
[modMDM_BYM2_GH_v2] add_dataset start: nObs=806 Kint=21 fe.size=16926 w.rows=806 w.cols=21 lchoose=806 areaidx.len=806 areaidx.range=0..37
[modMDM_BYM2_GH_v2] sizes: nUrbM=741 nRurM=1442 nUrbD=572 nRurD=806 nAreas=41 KUrbM=100 KRurM=100 KUrbD=16 KRurD=21 Q=10
[modMDM_BYM2_GH_v2] about to multiply Q_bym2 by u_bym2 (nAreas=41)
[modMDM_BYM2_GH_v2] completed Q_bym2 * u_bym2 multiply
[modMDM_BYM2_GH_v2] add_dataset start: nObs=741 Kint=100 fe.size=74100 w.rows=741 w.cols=100 lchoose=741 areaidx.len=741 areaidx.range=0..40
[modMDM_BYM2_GH_v2] add_dataset start: nObs=1442 Kint=100 fe.size=144200 w.rows=1442 w.cols=100 lchoose=1442 areaidx.len=1442 areaidx.range=0..37
[modMDM_BYM2_GH_v2] add_dataset start: nObs=572 Kint=16 fe.size=9152 w.rows=572 w.cols=16 lchoose=572 areaidx.len=572 areaidx.range=0..40
[modMDM_BYM2_GH_v2] add_dataset start: nObs=806 Kint=21 fe.size=16926 w.rows=806 w.cols=21 lchoose=806 areaidx.len=806 areaidx.range=0..37
[modMDM_BYM2_GH_v2] sizes: nUrbM=741 nRurM=1442 nUrbD=572 nRurD=806 nAreas=41 KUrbM=100 KRurM=100 KUrbD=16 KRurD=21 Q=10
[modMDM_BYM2_GH_v2] about to multiply Q_bym2 by u_bym2 (nAreas=41)
[modMDM_BYM2_GH_v2] completed Q_bym2 * u_bym2 multiply
[modMDM_BYM2_GH_v2] add_dataset start: nObs=741 Kint=100 fe.size=74100 w.rows=741 w.cols=100 lchoose=741 areaidx.len=741 areaidx.range=0..40
[modMDM_BYM2_GH_v2] add_dataset start: nObs=1442 Kint=100 fe.size=144200 w.rows=1442 w.cols=100 lchoose=1442 areaidx.len=1442 areaidx.range=0..37
[modMDM_BYM2_GH_v2] add_dataset start: nObs=572 Kint=16 fe.size=9152 w.rows=572 w.cols=16 lchoose=572 areaidx.len=572 areaidx.range=0..40
[modMDM_BYM2_GH_v2] add_dataset start: nObs=806 Kint=21 fe.size=16926 w.rows=806 w.cols=21 lchoose=806 areaidx.len=806 areaidx.range=0..37
[modMDM_BYM2_GH_v2] sizes: nUrbM=741 nRurM=1442 nUrbD=572 nRurD=806 nAreas=41 KUrbM=100 KRurM=100 KUrbD=16 KRurD=21 Q=10
[modMDM_BYM2_GH_v2] about to multiply Q_bym2 by u_bym2 (nAreas=41)
[modMDM_BYM2_GH_v2] completed Q_bym2 * u_bym2 multiply
[modMDM_BYM2_GH_v2] add_dataset start: nObs=741 Kint=100 fe.size=74100 w.rows=741 w.cols=100 lchoose=741 areaidx.len=741 areaidx.range=0..40
[modMDM_BYM2_GH_v2] add_dataset start: nObs=1442 Kint=100 fe.size=144200 w.rows=1442 w.cols=100 lchoose=1442 areaidx.len=1442 areaidx.range=0..37
[modMDM_BYM2_GH_v2] add_dataset start: nObs=572 Kint=16 fe.size=9152 w.rows=572 w.cols=16 lchoose=572 areaidx.len=572 areaidx.range=0..40
[modMDM_BYM2_GH_v2] add_dataset start: nObs=806 Kint=21 fe.size=16926 w.rows=806 w.cols=21 lchoose=806 areaidx.len=806 areaidx.range=0..37
[modMDM_BYM2_GH_v2] sizes: nUrbM=741 nRurM=1442 nUrbD=572 nRurD=806 nAreas=41 KUrbM=100 KRurM=100 KUrbD=16 KRurD=21 Q=10
[modMDM_BYM2_GH_v2] about to multiply Q_bym2 by u_bym2 (nAreas=41)
[modMDM_BYM2_GH_v2] completed Q_bym2 * u_bym2 multiply
[modMDM_BYM2_GH_v2] add_dataset start: nObs=741 Kint=100 fe.size=74100 w.rows=741 w.cols=100 lchoose=741 areaidx.len=741 areaidx.range=0..40
[modMDM_BYM2_GH_v2] add_dataset start: nObs=1442 Kint=100 fe.size=144200 w.rows=1442 w.cols=100 lchoose=1442 areaidx.len=1442 areaidx.range=0..37
[modMDM_BYM2_GH_v2] add_dataset start: nObs=572 Kint=16 fe.size=9152 w.rows=572 w.cols=16 lchoose=572 areaidx.len=572 areaidx.range=0..40
[modMDM_BYM2_GH_v2] add_dataset start: nObs=806 Kint=21 fe.size=16926 w.rows=806 w.cols=21 lchoose=806 areaidx.len=806 areaidx.range=0..37
[modMDM_BYM2_GH_v2] sizes: nUrbM=741 nRurM=1442 nUrbD=572 nRurD=806 nAreas=41 KUrbM=100 KRurM=100 KUrbD=16 KRurD=21 Q=10
[modMDM_BYM2_GH_v2] about to multiply Q_bym2 by u_bym2 (nAreas=41)
[modMDM_BYM2_GH_v2] completed Q_bym2 * u_bym2 multiply
[modMDM_BYM2_GH_v2] add_dataset start: nObs=741 Kint=100 fe.size=74100 w.rows=741 w.cols=100 lchoose=741 areaidx.len=741 areaidx.range=0..40
[modMDM_BYM2_GH_v2] add_dataset start: nObs=1442 Kint=100 fe.size=144200 w.rows=1442 w.cols=100 lchoose=1442 areaidx.len=1442 areaidx.range=0..37
[modMDM_BYM2_GH_v2] add_dataset start: nObs=572 Kint=16 fe.size=9152 w.rows=572 w.cols=16 lchoose=572 areaidx.len=572 areaidx.range=0..40
[modMDM_BYM2_GH_v2] add_dataset start: nObs=806 Kint=21 fe.size=16926 w.rows=806 w.cols=21 lchoose=806 areaidx.len=806 areaidx.range=0..37
[modMDM_BYM2_GH_v2] sizes: nUrbM=741 nRurM=1442 nUrbD=572 nRurD=806 nAreas=41 KUrbM=100 KRurM=100 KUrbD=16 KRurD=21 Q=10
[modMDM_BYM2_GH_v2] about to multiply Q_bym2 by u_bym2 (nAreas=41)
[modMDM_BYM2_GH_v2] completed Q_bym2 * u_bym2 multiply
[modMDM_BYM2_GH_v2] add_dataset start: nObs=741 Kint=100 fe.size=74100 w.rows=741 w.cols=100 lchoose=741 areaidx.len=741 areaidx.range=0..40
[modMDM_BYM2_GH_v2] add_dataset start: nObs=1442 Kint=100 fe.size=144200 w.rows=1442 w.cols=100 lchoose=1442 areaidx.len=1442 areaidx.range=0..37
[modMDM_BYM2_GH_v2] add_dataset start: nObs=572 Kint=16 fe.size=9152 w.rows=572 w.cols=16 lchoose=572 areaidx.len=572 areaidx.range=0..40
[modMDM_BYM2_GH_v2] add_dataset start: nObs=806 Kint=21 fe.size=16926 w.rows=806 w.cols=21 lchoose=806 areaidx.len=806 areaidx.range=0..37
fit 75.3 min
% latex table generated in R 4.4.3 by xtable 1.8-4 package
% Wed May 20 13:55:18 2026
\begin{table}[ht]
\centering
\begin{tabular}{rrrrrr}
  \hline
 & Est & Q0.025 & Q0.1 & Q0.9 & Q0.975 \\ 
  \hline
(Int) & -1.24 & -1.41 & -1.35 & -1.12 & -1.05 \\ 
  urb & 0.95 & 0.77 & 0.84 & 1.07 & 1.13 \\ 
  access & 0.04 & -0.06 & -0.03 & 0.11 & 0.15 \\ 
  elev & -0.01 & -0.12 & -0.08 & 0.06 & 0.10 \\ 
  distRiversLakes & -0.03 & -0.14 & -0.10 & 0.04 & 0.08 \\ 
  popValsNorm & 0.64 & 0.41 & 0.49 & 0.79 & 0.86 \\ 
  sigmaSq & 0.27 & 0.15 & 0.18 & 0.37 & 0.45 \\ 
  phi & 0.78 & 0.29 & 0.49 & 0.97 & 0.99 \\ 
  sigmaEpsSq & 1.65 & 1.53 & 1.57 & 1.74 & 1.79 \\ 
   \hline
\end{tabular}
\end{table}
% latex table generated in R 4.4.3 by xtable 1.8-4 package
% Wed May 20 14:00:35 2026
\begin{table}[ht]
\centering
\begin{tabular}{rrrrrr}
  \hline
 & Est & Q0.025 & Q0.1 & Q0.9 & Q0.975 \\ 
  \hline
(Int) & -1.23 & -1.41 & -1.36 & -1.12 & -1.05 \\ 
  urb & 0.95 & 0.78 & 0.84 & 1.07 & 1.13 \\ 
  access & 0.04 & -0.07 & -0.03 & 0.11 & 0.15 \\ 
  elev & -0.01 & -0.11 & -0.08 & 0.06 & 0.10 \\ 
  distRiversLakes & -0.03 & -0.13 & -0.10 & 0.04 & 0.08 \\ 
  popValsNorm & 0.64 & 0.40 & 0.49 & 0.78 & 0.86 \\ 
  sigmaSq & 0.27 & 0.16 & 0.18 & 0.37 & 0.44 \\ 
  phi & 0.78 & 0.27 & 0.48 & 0.97 & 0.99 \\ 
  sigmaEpsSq & 1.65 & 1.52 & 1.57 & 1.74 & 1.79 \\ 
   \hline
\end{tabular}
\end{table}

##### [SPDE] sim 5 #####
  [Md_FE] fitting ... Warning in Matrix.DeprecatedCoerce(cd1, cd2) :
  'as(<dgTMatrix>, "dgCMatrix")' is deprecated.
Use 'as(., "CsparseMatrix")' instead.
See help("Deprecated") and help("Matrix-deprecated").
Warning in eigen.spam(tempQ, symmetric = TRUE) : 
 The eigenvalues are calculated with the function 'eigen' from the base package.
[1] "dyn.unload(dynlib('code/'))"
Warning: 4 external pointers will be removed
[1] "dyn.unload(dynlib('code/'))"
Warning in TMB::sdreport(obj, getJointPrecision = TRUE, bias.correct = TRUE,  :
  'bias.correct' does nothing without random effects
fit 0.1 min
  [Md] fitting ... Warning in Matrix.DeprecatedCoerce(cd1, cd2) :
  'as(<dgTMatrix>, "dgCMatrix")' is deprecated.
Use 'as(., "CsparseMatrix")' instead.
See help("Deprecated") and help("Matrix-deprecated").
Warning in eigen.spam(tempQ, symmetric = TRUE) : 
 The eigenvalues are calculated with the function 'eigen' from the base package.
[1] "dyn.unload(dynlib('code/'))"
[1] "compiling code/modM_DSepRepar.cpp..."
using C++ compiler: 'G__~1.EXE (GCC) 13.3.0'
make: Nothing to be done for 'all'.
[1] "optimizing for tol = 1e-06."
par:
   log_tau  logit_phi log_tauEps 
         0          0          0 
iter: 1  value: 3782.098 mgc: 962.2462 ustep: 1 
iter: 2  value: 3723.062 mgc: 570.9202 ustep: 1 
iter: 3  value: 3722.402 mgc: 29.39972 ustep: 1 
iter: 4  value: 3722.402 mgc: 0.6014399 ustep: 1 
iter: 5  value: 3722.402 mgc: 0.0004400141 ustep: 1 
iter: 6  mgc: 7.687915e-10 
iter: 1  mgc: 7.687915e-10 
Matching hessian patterns... Done
outer mgc:  131.9282 
par:
    log_tau   logit_phi  log_tauEps 
 0.62159470  0.06315295 -5.27712858 
iter: 1  value: 6496.124 mgc: 2.444158 ustep: 1 
iter: 2  value: 6437.462 mgc: 105.0509 ustep: 1 
iter: 3  value: 6421.303 mgc: 30.30873 ustep: 1 
iter: 4  value: 6417.742 mgc: 9.459787 ustep: 1 
iter: 5  value: 6417.382 mgc: 2.245941 ustep: 1 
iter: 6  value: 6417.374 mgc: 0.2548376 ustep: 1 
iter: 7  value: 6417.374 mgc: 0.00590549 ustep: 1 
iter: 8  value: 6417.374 mgc: 6.767388e-06 ustep: 1 
iter: 9  mgc: 2.474146e-11 
par:
    log_tau   logit_phi  log_tauEps 
 0.12431894  0.01263059 -1.05542572 
iter: 1  value: 4003.138 mgc: 1.601663 ustep: 1 
iter: 2  value: 4001.274 mgc: 30.75514 ustep: 1 
iter: 3  value: 4001.271 mgc: 0.9640423 ustep: 1 
iter: 4  value: 4001.271 mgc: 0.001568178 ustep: 1 
iter: 5  mgc: 7.205179e-09 
par:
     log_tau    logit_phi   log_tauEps 
 0.024863788  0.002526118 -0.211085143 
iter: 1  value: 3762.575 mgc: 0.4674983 ustep: 1 
iter: 2  value: 3762.571 mgc: 1.767263 ustep: 1 
iter: 3  value: 3762.571 mgc: 0.001727494 ustep: 1 
iter: 4  mgc: 2.398501e-09 
iter: 1  mgc: 2.398501e-09 
outer mgc:  77.98247 
par:
   log_tau  logit_phi log_tauEps 
 2.9618871  0.3122212 -0.2496575 
iter: 1  value: 3738.994 mgc: 54.90772 ustep: 1 
iter: 2  value: 3738.992 mgc: 2.162007 ustep: 1 
iter: 3  value: 3738.992 mgc: 0.00180175 ustep: 1 
iter: 4  mgc: 2.257056e-09 
iter: 1  mgc: 2.257056e-09 
outer mgc:  65.05102 
par:
   log_tau  logit_phi log_tauEps 
 1.6309226  2.1159910 -0.5419144 
iter: 1  value: 3789.553 mgc: 80.80359 ustep: 1 
iter: 2  value: 3789.525 mgc: 3.724819 ustep: 1 
iter: 3  value: 3789.525 mgc: 0.01246502 ustep: 1 
iter: 4  value: 3789.525 mgc: 2.081152e-07 ustep: 1 
iter: 5  mgc: 1.414092e-13 
iter: 1  mgc: 1.414092e-13 
outer mgc:  13.23676 
par:
   log_tau  logit_phi log_tauEps 
 1.6965476  1.8982498 -0.4917566 
iter: 1  value: 3779.449 mgc: 2.746908 ustep: 1 
iter: 2  value: 3779.449 mgc: 0.09226303 ustep: 1 
iter: 3  value: 3779.449 mgc: 6.675864e-06 ustep: 1 
iter: 4  mgc: 8.506524e-14 
iter: 1  mgc: 8.506524e-14 
outer mgc:  0.2163031 
par:
   log_tau  logit_phi log_tauEps 
 1.7190364  1.7297740 -0.4900287 
iter: 1  value: 3781.593 mgc: 1.155553 ustep: 1 
iter: 2  value: 3781.593 mgc: 0.0002341563 ustep: 1 
iter: 3  mgc: 4.797093e-11 
iter: 1  mgc: 4.797093e-11 
outer mgc:  0.4109929 
par:
   log_tau  logit_phi log_tauEps 
 1.7263171  1.6101184 -0.4912567 
iter: 1  value: 3783.79 mgc: 0.5620053 ustep: 1 
iter: 2  value: 3783.79 mgc: 0.0001067131 ustep: 1 
iter: 3  mgc: 9.279106e-12 
iter: 1  mgc: 9.279106e-12 
outer mgc:  0.07614575 
par:
   log_tau  logit_phi log_tauEps 
 1.7259806  1.6218906 -0.4915303 
iter: 1  value: 3783.673 mgc: 0.05401085 ustep: 1 
iter: 2  value: 3783.673 mgc: 3.222571e-06 ustep: 1 
iter: 3  mgc: 5.417645e-13 
par:
   log_tau  logit_phi log_tauEps 
 1.7243936  1.6291905 -0.5676761 
iter: 1  value: 3803.699 mgc: 0.1276161 ustep: 1 
iter: 2  value: 3803.699 mgc: 0.2032382 ustep: 1 
iter: 3  value: 3803.699 mgc: 3.379513e-05 ustep: 1 
iter: 4  mgc: 1.001325e-12 
par:
   log_tau  logit_phi log_tauEps 
 1.7256632  1.6233506 -0.5067595 
iter: 1  value: 3787.595 mgc: 0.02630646 ustep: 1 
iter: 2  value: 3787.595 mgc: 0.008345578 ustep: 1 
iter: 3  value: 3787.595 mgc: 5.411744e-08 ustep: 1 
mgc: 1.780901e-13 
par:
   log_tau  logit_phi log_tauEps 
 1.7259171  1.6221826 -0.4945761 
iter: 1  value: 3784.454 mgc: 0.005293392 ustep: 1 
iter: 2  value: 3784.454 mgc: 0.0003355495 ustep: 1 
iter: 3  mgc: 8.643078e-11 
par:
   log_tau  logit_phi log_tauEps 
 1.7259679  1.6219490 -0.4921395 
iter: 1  value: 3783.829 mgc: 0.001059969 ustep: 1 
iter: 2  value: 3783.829 mgc: 1.343579e-05 ustep: 1 
iter: 3  mgc: 8.872622e-14 
par:
   log_tau  logit_phi log_tauEps 
 1.7259781  1.6219023 -0.4916521 
iter: 1  value: 3783.704 mgc: 0.0002120454 ustep: 1 
iter: 2  value: 3783.704 mgc: 5.375415e-07 ustep: 1 
iter: 3  mgc: 1.185521e-13 
par:
   log_tau  logit_phi log_tauEps 
 1.7259801  1.6218929 -0.4915547 
iter: 1  value: 3783.679 mgc: 4.241114e-05 ustep: 1 
iter: 2  value: 3783.679 mgc: 2.150223e-08 ustep: 1 
mgc: 5.002552e-14 
[1] "completed optimization for tol = 1e-06"
iter: 1  mgc: 5.002552e-14 
outer mgc:  0.00247377 
iter: 1  value: 3783.67 mgc: 0.02658712 ustep: 1 
iter: 2  value: 3783.67 mgc: 2.8092e-07 ustep: 1 
mgc: 2.173626e-13 
outer mgc:  0.01151137 
iter: 1  value: 3783.689 mgc: 0.02654783 ustep: 1 
iter: 2  value: 3783.689 mgc: 2.807095e-07 ustep: 1 
mgc: 2.136328e-13 
outer mgc:  0.008274995 
iter: 1  value: 3783.663 mgc: 0.004340522 ustep: 1 
iter: 2  mgc: 4.738219e-09 
outer mgc:  0.002471956 
iter: 1  value: 3783.696 mgc: 0.004336334 ustep: 1 
iter: 2  mgc: 4.743087e-09 
outer mgc:  0.002475564 
iter: 1  value: 3783.422 mgc: 0.0017414 ustep: 1 
iter: 2  value: 3783.422 mgc: 3.623119e-05 ustep: 1 
iter: 3  mgc: 7.179031e-13 
outer mgc:  0.2628485 
iter: 1  value: 3783.937 mgc: 0.00173966 ustep: 1 
iter: 2  value: 3783.937 mgc: 3.620065e-05 ustep: 1 
iter: 3  mgc: 1.264585e-12 
outer mgc:  0.267789 
Re-using symbolic Cholesky
iter: 1  mgc: 5.002552e-14 
Matching hessian patterns... Done
outer mgc:  0.00247377 
iter: 1  mgc: 5.002552e-14 
outer mgc:  0.00247377 
iter: 1  value: 3783.678 mgc: 0.004586077 ustep: 1 
iter: 2  mgc: 8.365808e-09 
outer mgc:  0.003325852 
iter: 1  value: 3783.681 mgc: 0.004584907 ustep: 1 
iter: 2  mgc: 8.365414e-09 
outer mgc:  0.002264121 
iter: 1  value: 3783.677 mgc: 0.0007037015 ustep: 1 
iter: 2  mgc: 1.251382e-10 
outer mgc:  0.002473477 
iter: 1  value: 3783.682 mgc: 0.0007035914 ustep: 1 
iter: 2  mgc: 1.247254e-10 
outer mgc:  0.002474062 
iter: 1  value: 3783.667 mgc: 8.555864e-05 ustep: 1 
iter: 2  value: 3783.667 mgc: 8.750938e-08 ustep: 1 
mgc: 2.746881e-13 
outer mgc:  0.01056811 
iter: 1  value: 3783.692 mgc: 8.555444e-05 ustep: 1 
iter: 2  value: 3783.692 mgc: 8.750541e-08 ustep: 1 
mgc: 4.686729e-14 
outer mgc:  0.01551563 
iter: 1  value: 3783.679 mgc: 0.002292892 ustep: 1 
iter: 2  mgc: 2.091502e-09 
outer mgc:  0.002578562 
iter: 1  value: 3783.68 mgc: 0.0022926 ustep: 1 
iter: 2  mgc: 2.091488e-09 
outer mgc:  0.002368956 
iter: 1  value: 3783.678 mgc: 0.000351837 ustep: 1 
iter: 2  mgc: 3.111646e-11 
outer mgc:  0.002473624 
iter: 1  value: 3783.681 mgc: 0.0003518095 ustep: 1 
iter: 2  mgc: 3.126353e-11 
outer mgc:  0.002473916 
iter: 1  value: 3783.673 mgc: 4.27788e-05 ustep: 1 
iter: 2  value: 3783.673 mgc: 2.187731e-08 ustep: 1 
mgc: 1.453923e-13 
outer mgc:  0.004047166 
iter: 1  value: 3783.686 mgc: 4.277775e-05 ustep: 1 
iter: 2  value: 3783.686 mgc: 2.187678e-08 ustep: 1 
mgc: 6.542274e-14 
outer mgc:  0.008994702 
iter: 1  value: 3783.679 mgc: 0.00114641 ustep: 1 
iter: 2  mgc: 5.232744e-10 
outer mgc:  0.002526169 
iter: 1  value: 3783.68 mgc: 0.001146336 ustep: 1 
iter: 2  mgc: 5.22713e-10 
outer mgc:  0.002421366 
iter: 1  value: 3783.679 mgc: 0.0001759151 ustep: 1 
iter: 2  mgc: 7.607636e-12 
outer mgc:  0.002473697 
iter: 1  value: 3783.68 mgc: 0.0001759082 ustep: 1 
iter: 2  mgc: 8.112825e-12 
outer mgc:  0.002473843 
iter: 1  value: 3783.676 mgc: 2.138927e-05 ustep: 1 
iter: 2  mgc: 5.469408e-09 
outer mgc:  0.001603388 
iter: 1  value: 3783.683 mgc: 2.1389e-05 ustep: 1 
iter: 2  mgc: 5.469223e-09 
outer mgc:  0.005734237 
iter: 1  value: 3783.679 mgc: 0.0005731957 ustep: 1 
iter: 2  mgc: 1.307241e-10 
outer mgc:  0.00249997 
iter: 1  value: 3783.68 mgc: 0.0005731774 ustep: 1 
iter: 2  mgc: 1.310172e-10 
outer mgc:  0.002447569 
iter: 1  value: 3783.679 mgc: 8.795667e-05 ustep: 1 
iter: 2  mgc: 2.228342e-12 
outer mgc:  0.002473733 
iter: 1  value: 3783.68 mgc: 8.795495e-05 ustep: 1 
iter: 2  mgc: 2.127441e-12 
outer mgc:  0.002473807 
iter: 1  value: 3783.678 mgc: 1.06946e-05 ustep: 1 
iter: 2  mgc: 1.367476e-09 
outer mgc:  0.00161085 
iter: 1  value: 3783.681 mgc: 1.069453e-05 ustep: 1 
iter: 2  mgc: 1.367232e-09 
outer mgc:  0.004104004 
elapsed 
  0.368 
[1] "optimization took 0.641166666666686 minutes"
fit 0.7 min
Warning in sweep(gridDraws_tmb, 2, alpha_tmb_draws, "+") :
  length(STATS) or dim(STATS) do not match dim(x)[MARGIN]
Warning in sweep(gridDraws_tmb, 2, alpha_tmb_draws, "+") :
  length(STATS) or dim(STATS) do not match dim(x)[MARGIN]
  [M_D_FE] fitting ... Warning in Matrix.DeprecatedCoerce(cd1, cd2) :
  'as(<dgTMatrix>, "dgCMatrix")' is deprecated.
Use 'as(., "CsparseMatrix")' instead.
See help("Deprecated") and help("Matrix-deprecated").
Warning in eigen.spam(tempQ, symmetric = TRUE) : 
 The eigenvalues are calculated with the function 'eigen' from the base package.
[1] "dyn.unload(dynlib('code/'))"
Warning: 4 external pointers will be removed
[1] "dyn.unload(dynlib('code/'))"
Warning in TMB::sdreport(obj, getJointPrecision = TRUE, bias.correct = TRUE,  :
  'bias.correct' does nothing without random effects
fit 0.1 min
  [M_M_FE] fitting ... [1] "dyn.unload(dynlib('code/'))"
Warning in TMB::sdreport(obj, getJointPrecision = TRUE, bias.correct = TRUE,  :
  'bias.correct' does nothing without random effects
fit 0.3 min
  [M_DM_FE] fitting ... Warning in Matrix.DeprecatedCoerce(cd1, cd2) :
  'as(<dgTMatrix>, "dgCMatrix")' is deprecated.
Use 'as(., "CsparseMatrix")' instead.
See help("Deprecated") and help("Matrix-deprecated").
Warning in eigen.spam(tempQ, symmetric = TRUE) : 
 The eigenvalues are calculated with the function 'eigen' from the base package.
[1] "dyn.unload(dynlib('code/'))"
Warning: 2 external pointers will be removed
[1] "dyn.unload(dynlib('code/'))"
[modMDM_BYM2_GH_v2] sizes: nUrbM=741 nRurM=1442 nUrbD=572 nRurD=806 nAreas=41 KUrbM=100 KRurM=100 KUrbD=16 KRurD=21 Q=10
[modMDM_BYM2_GH_v2] about to multiply Q_bym2 by u_bym2 (nAreas=41)
[modMDM_BYM2_GH_v2] completed Q_bym2 * u_bym2 multiply
[modMDM_BYM2_GH_v2] add_dataset start: nObs=741 Kint=100 fe.size=74100 w.rows=741 w.cols=100 lchoose=741 areaidx.len=741 areaidx.range=0..40
[modMDM_BYM2_GH_v2] add_dataset start: nObs=1442 Kint=100 fe.size=144200 w.rows=1442 w.cols=100 lchoose=1442 areaidx.len=1442 areaidx.range=0..37
[modMDM_BYM2_GH_v2] add_dataset start: nObs=572 Kint=16 fe.size=9152 w.rows=572 w.cols=16 lchoose=572 areaidx.len=572 areaidx.range=0..40
[modMDM_BYM2_GH_v2] add_dataset start: nObs=806 Kint=21 fe.size=16926 w.rows=806 w.cols=21 lchoose=806 areaidx.len=806 areaidx.range=0..37
[modMDM_BYM2_GH_v2] sizes: nUrbM=741 nRurM=1442 nUrbD=572 nRurD=806 nAreas=41 KUrbM=100 KRurM=100 KUrbD=16 KRurD=21 Q=10
[modMDM_BYM2_GH_v2] about to multiply Q_bym2 by u_bym2 (nAreas=41)
[modMDM_BYM2_GH_v2] completed Q_bym2 * u_bym2 multiply
[modMDM_BYM2_GH_v2] add_dataset start: nObs=741 Kint=100 fe.size=74100 w.rows=741 w.cols=100 lchoose=741 areaidx.len=741 areaidx.range=0..40
[modMDM_BYM2_GH_v2] add_dataset start: nObs=1442 Kint=100 fe.size=144200 w.rows=1442 w.cols=100 lchoose=1442 areaidx.len=1442 areaidx.range=0..37
[modMDM_BYM2_GH_v2] add_dataset start: nObs=572 Kint=16 fe.size=9152 w.rows=572 w.cols=16 lchoose=572 areaidx.len=572 areaidx.range=0..40
[modMDM_BYM2_GH_v2] add_dataset start: nObs=806 Kint=21 fe.size=16926 w.rows=806 w.cols=21 lchoose=806 areaidx.len=806 areaidx.range=0..37
[modMDM_BYM2_GH_v2] sizes: nUrbM=741 nRurM=1442 nUrbD=572 nRurD=806 nAreas=41 KUrbM=100 KRurM=100 KUrbD=16 KRurD=21 Q=10
[modMDM_BYM2_GH_v2] about to multiply Q_bym2 by u_bym2 (nAreas=41)
[modMDM_BYM2_GH_v2] completed Q_bym2 * u_bym2 multiply
[modMDM_BYM2_GH_v2] add_dataset start: nObs=741 Kint=100 fe.size=74100 w.rows=741 w.cols=100 lchoose=741 areaidx.len=741 areaidx.range=0..40
[modMDM_BYM2_GH_v2] add_dataset start: nObs=1442 Kint=100 fe.size=144200 w.rows=1442 w.cols=100 lchoose=1442 areaidx.len=1442 areaidx.range=0..37
[modMDM_BYM2_GH_v2] add_dataset start: nObs=572 Kint=16 fe.size=9152 w.rows=572 w.cols=16 lchoose=572 areaidx.len=572 areaidx.range=0..40
[modMDM_BYM2_GH_v2] add_dataset start: nObs=806 Kint=21 fe.size=16926 w.rows=806 w.cols=21 lchoose=806 areaidx.len=806 areaidx.range=0..37
[modMDM_BYM2_GH_v2] sizes: nUrbM=741 nRurM=1442 nUrbD=572 nRurD=806 nAreas=41 KUrbM=100 KRurM=100 KUrbD=16 KRurD=21 Q=10
[modMDM_BYM2_GH_v2] about to multiply Q_bym2 by u_bym2 (nAreas=41)
[modMDM_BYM2_GH_v2] completed Q_bym2 * u_bym2 multiply
[modMDM_BYM2_GH_v2] add_dataset start: nObs=741 Kint=100 fe.size=74100 w.rows=741 w.cols=100 lchoose=741 areaidx.len=741 areaidx.range=0..40
[modMDM_BYM2_GH_v2] add_dataset start: nObs=1442 Kint=100 fe.size=144200 w.rows=1442 w.cols=100 lchoose=1442 areaidx.len=1442 areaidx.range=0..37
[modMDM_BYM2_GH_v2] add_dataset start: nObs=572 Kint=16 fe.size=9152 w.rows=572 w.cols=16 lchoose=572 areaidx.len=572 areaidx.range=0..40
[modMDM_BYM2_GH_v2] add_dataset start: nObs=806 Kint=21 fe.size=16926 w.rows=806 w.cols=21 lchoose=806 areaidx.len=806 areaidx.range=0..37
[modMDM_BYM2_GH_v2] sizes: nUrbM=741 nRurM=1442 nUrbD=572 nRurD=806 nAreas=41 KUrbM=100 KRurM=100 KUrbD=16 KRurD=21 Q=10
[modMDM_BYM2_GH_v2] about to multiply Q_bym2 by u_bym2 (nAreas=41)
[modMDM_BYM2_GH_v2] completed Q_bym2 * u_bym2 multiply
[modMDM_BYM2_GH_v2] add_dataset start: nObs=741 Kint=100 fe.size=74100 w.rows=741 w.cols=100 lchoose=741 areaidx.len=741 areaidx.range=0..40
[modMDM_BYM2_GH_v2] add_dataset start: nObs=1442 Kint=100 fe.size=144200 w.rows=1442 w.cols=100 lchoose=1442 areaidx.len=1442 areaidx.range=0..37
[modMDM_BYM2_GH_v2] add_dataset start: nObs=572 Kint=16 fe.size=9152 w.rows=572 w.cols=16 lchoose=572 areaidx.len=572 areaidx.range=0..40
[modMDM_BYM2_GH_v2] add_dataset start: nObs=806 Kint=21 fe.size=16926 w.rows=806 w.cols=21 lchoose=806 areaidx.len=806 areaidx.range=0..37
[modMDM_BYM2_GH_v2] sizes: nUrbM=741 nRurM=1442 nUrbD=572 nRurD=806 nAreas=41 KUrbM=100 KRurM=100 KUrbD=16 KRurD=21 Q=10
[modMDM_BYM2_GH_v2] about to multiply Q_bym2 by u_bym2 (nAreas=41)
[modMDM_BYM2_GH_v2] completed Q_bym2 * u_bym2 multiply
[modMDM_BYM2_GH_v2] add_dataset start: nObs=741 Kint=100 fe.size=74100 w.rows=741 w.cols=100 lchoose=741 areaidx.len=741 areaidx.range=0..40
[modMDM_BYM2_GH_v2] add_dataset start: nObs=1442 Kint=100 fe.size=144200 w.rows=1442 w.cols=100 lchoose=1442 areaidx.len=1442 areaidx.range=0..37
[modMDM_BYM2_GH_v2] add_dataset start: nObs=572 Kint=16 fe.size=9152 w.rows=572 w.cols=16 lchoose=572 areaidx.len=572 areaidx.range=0..40
[modMDM_BYM2_GH_v2] add_dataset start: nObs=806 Kint=21 fe.size=16926 w.rows=806 w.cols=21 lchoose=806 areaidx.len=806 areaidx.range=0..37
[modMDM_BYM2_GH_v2] sizes: nUrbM=741 nRurM=1442 nUrbD=572 nRurD=806 nAreas=41 KUrbM=100 KRurM=100 KUrbD=16 KRurD=21 Q=10
[modMDM_BYM2_GH_v2] about to multiply Q_bym2 by u_bym2 (nAreas=41)
[modMDM_BYM2_GH_v2] completed Q_bym2 * u_bym2 multiply
[modMDM_BYM2_GH_v2] add_dataset start: nObs=741 Kint=100 fe.size=74100 w.rows=741 w.cols=100 lchoose=741 areaidx.len=741 areaidx.range=0..40
[modMDM_BYM2_GH_v2] add_dataset start: nObs=1442 Kint=100 fe.size=144200 w.rows=1442 w.cols=100 lchoose=1442 areaidx.len=1442 areaidx.range=0..37
[modMDM_BYM2_GH_v2] add_dataset start: nObs=572 Kint=16 fe.size=9152 w.rows=572 w.cols=16 lchoose=572 areaidx.len=572 areaidx.range=0..40
[modMDM_BYM2_GH_v2] add_dataset start: nObs=806 Kint=21 fe.size=16926 w.rows=806 w.cols=21 lchoose=806 areaidx.len=806 areaidx.range=0..37
Warning in TMB::sdreport(obj, getJointPrecision = TRUE, bias.correct = TRUE,  :
  'bias.correct' does nothing without random effects
fit 2.7 min
  [M_D_BYM2] fitting ... Warning in Matrix.DeprecatedCoerce(cd1, cd2) :
  'as(<dgTMatrix>, "dgCMatrix")' is deprecated.
Use 'as(., "CsparseMatrix")' instead.
See help("Deprecated") and help("Matrix-deprecated").
Warning in eigen.spam(tempQ, symmetric = TRUE) : 
 The eigenvalues are calculated with the function 'eigen' from the base package.
Warning in Matrix.DeprecatedCoerce(cd1, cd2) :
  'as(<dgTMatrix>, "dgCMatrix")' is deprecated.
Use 'as(., "CsparseMatrix")' instead.
See help("Deprecated") and help("Matrix-deprecated").
Warning in eigen.spam(tempQ, symmetric = TRUE) : 
 The eigenvalues are calculated with the function 'eigen' from the base package.
[1] "dyn.unload(dynlib('code/'))"
Warning: 2 external pointers will be removed
[1] "dyn.unload(dynlib('code/'))"
[1] "dyn.unload(dynlib('code/'))"
fit 0.5 min
% latex table generated in R 4.4.3 by xtable 1.8-4 package
% Wed May 20 16:15:23 2026
\begin{table}[ht]
\centering
\begin{tabular}{rrrrrr}
  \hline
 & Est & Q0.025 & Q0.1 & Q0.9 & Q0.975 \\ 
  \hline
(Int) & -0.74 & -0.91 & -0.85 & -0.64 & -0.58 \\ 
  urb & 1.08 & 0.85 & 0.93 & 1.23 & 1.30 \\ 
  access & -0.11 & -0.23 & -0.19 & -0.04 & 0.00 \\ 
  elev & 0.03 & -0.04 & -0.02 & 0.08 & 0.11 \\ 
  distRiversLakes & 0.19 & 0.12 & 0.14 & 0.25 & 0.27 \\ 
  popValsNorm & 0.48 & 0.26 & 0.34 & 0.61 & 0.69 \\ 
  sigmaSq & 0.85 & 0.03 & 0.08 & 2.01 & 4.69 \\ 
  phi & 0.37 & 0.02 & 0.05 & 0.78 & 0.91 \\ 
  sigmaEpsSq & 1.81 & 1.63 & 1.68 & 1.94 & 2.02 \\ 
   \hline
\end{tabular}
\end{table}
% latex table generated in R 4.4.3 by xtable 1.8-4 package
% Wed May 20 16:19:43 2026
\begin{table}[ht]
\centering
\begin{tabular}{rrrrrr}
  \hline
 & Est & Q0.025 & Q0.1 & Q0.9 & Q0.975 \\ 
  \hline
(Int) & -0.74 & -0.91 & -0.85 & -0.64 & -0.58 \\ 
  urb & 1.07 & 0.85 & 0.93 & 1.22 & 1.30 \\ 
  access & -0.11 & -0.22 & -0.19 & -0.03 & 0.01 \\ 
  elev & 0.03 & -0.04 & -0.02 & 0.08 & 0.10 \\ 
  distRiversLakes & 0.19 & 0.12 & 0.14 & 0.24 & 0.27 \\ 
  popValsNorm & 0.48 & 0.27 & 0.34 & 0.61 & 0.69 \\ 
  sigmaSq & 0.89 & 0.04 & 0.08 & 1.98 & 4.25 \\ 
  phi & 0.37 & 0.02 & 0.06 & 0.78 & 0.91 \\ 
  sigmaEpsSq & 1.81 & 1.62 & 1.68 & 1.94 & 2.01 \\ 
   \hline
\end{tabular}
\end{table}
  [M_M_BYM2] fitting ... Warning in Matrix.DeprecatedCoerce(cd1, cd2) :
  'as(<dgTMatrix>, "dgCMatrix")' is deprecated.
Use 'as(., "CsparseMatrix")' instead.
See help("Deprecated") and help("Matrix-deprecated").
Warning in eigen.spam(tempQ, symmetric = TRUE) : 
 The eigenvalues are calculated with the function 'eigen' from the base package.
[1] "dyn.unload(dynlib('code/'))"
[1] "dyn.unload(dynlib('code/'))"
Warning: 3 external pointers will be removed
[1] "dyn.unload(dynlib('code/'))"
fit 5.5 min
% latex table generated in R 4.4.3 by xtable 1.8-4 package
% Wed May 20 16:37:15 2026
\begin{table}[ht]
\centering
\begin{tabular}{rrrrrr}
  \hline
 & Est & Q0.025 & Q0.1 & Q0.9 & Q0.975 \\ 
  \hline
(Int) & -0.65 & -1.08 & -0.93 & -0.37 & -0.22 \\ 
  urb & 0.95 & 0.57 & 0.70 & 1.21 & 1.34 \\ 
  access & -0.27 & -0.65 & -0.53 & -0.01 & 0.13 \\ 
  elev & 0.13 & -0.12 & -0.04 & 0.29 & 0.37 \\ 
  distRiversLakes & -0.01 & -0.23 & -0.15 & 0.14 & 0.21 \\ 
  popValsNorm & 0.26 & -0.43 & -0.19 & 0.73 & 0.95 \\ 
  sigmaSq & 0.29 & 0.16 & 0.19 & 0.40 & 0.48 \\ 
  phi & 0.74 & 0.29 & 0.47 & 0.93 & 0.97 \\ 
  sigmaEpsSq & 1.61 & 1.40 & 1.47 & 1.76 & 1.84 \\ 
   \hline
\end{tabular}
\end{table}
% latex table generated in R 4.4.3 by xtable 1.8-4 package
% Wed May 20 16:41:44 2026
\begin{table}[ht]
\centering
\begin{tabular}{rrrrrr}
  \hline
 & Est & Q0.025 & Q0.1 & Q0.9 & Q0.975 \\ 
  \hline
(Int) & -0.65 & -1.09 & -0.93 & -0.36 & -0.21 \\ 
  urb & 0.95 & 0.56 & 0.70 & 1.20 & 1.34 \\ 
  access & -0.27 & -0.68 & -0.53 & -0.01 & 0.13 \\ 
  elev & 0.13 & -0.11 & -0.03 & 0.28 & 0.37 \\ 
  distRiversLakes & -0.01 & -0.24 & -0.16 & 0.14 & 0.21 \\ 
  popValsNorm & 0.27 & -0.45 & -0.19 & 0.72 & 0.95 \\ 
  sigmaSq & 0.29 & 0.16 & 0.19 & 0.40 & 0.47 \\ 
  phi & 0.74 & 0.31 & 0.48 & 0.94 & 0.97 \\ 
  sigmaEpsSq & 1.61 & 1.39 & 1.46 & 1.76 & 1.84 \\ 
   \hline
\end{tabular}
\end{table}
  [M_DM_BYM2] fitting ... Warning in Matrix.DeprecatedCoerce(cd1, cd2) :
  'as(<dgTMatrix>, "dgCMatrix")' is deprecated.
Use 'as(., "CsparseMatrix")' instead.
See help("Deprecated") and help("Matrix-deprecated").
Warning in eigen.spam(tempQ, symmetric = TRUE) : 
 The eigenvalues are calculated with the function 'eigen' from the base package.
Warning in Matrix.DeprecatedCoerce(cd1, cd2) :
  'as(<dgTMatrix>, "dgCMatrix")' is deprecated.
Use 'as(., "CsparseMatrix")' instead.
See help("Deprecated") and help("Matrix-deprecated").
Warning in eigen.spam(tempQ, symmetric = TRUE) : 
 The eigenvalues are calculated with the function 'eigen' from the base package.
[1] "dyn.unload(dynlib('code/'))"
Warning: 4 external pointers will be removed
[1] "dyn.unload(dynlib('code/'))"
[modMDM_BYM2_GH_v2] sizes: nUrbM=741 nRurM=1442 nUrbD=572 nRurD=806 nAreas=41 KUrbM=100 KRurM=100 KUrbD=16 KRurD=21 Q=10
[modMDM_BYM2_GH_v2] about to multiply Q_bym2 by u_bym2 (nAreas=41)
[modMDM_BYM2_GH_v2] completed Q_bym2 * u_bym2 multiply
[modMDM_BYM2_GH_v2] add_dataset start: nObs=741 Kint=100 fe.size=74100 w.rows=741 w.cols=100 lchoose=741 areaidx.len=741 areaidx.range=0..40
[modMDM_BYM2_GH_v2] add_dataset start: nObs=1442 Kint=100 fe.size=144200 w.rows=1442 w.cols=100 lchoose=1442 areaidx.len=1442 areaidx.range=0..37
[modMDM_BYM2_GH_v2] add_dataset start: nObs=572 Kint=16 fe.size=9152 w.rows=572 w.cols=16 lchoose=572 areaidx.len=572 areaidx.range=0..40
[modMDM_BYM2_GH_v2] add_dataset start: nObs=806 Kint=21 fe.size=16926 w.rows=806 w.cols=21 lchoose=806 areaidx.len=806 areaidx.range=0..37
[modMDM_BYM2_GH_v2] sizes: nUrbM=741 nRurM=1442 nUrbD=572 nRurD=806 nAreas=41 KUrbM=100 KRurM=100 KUrbD=16 KRurD=21 Q=10
[modMDM_BYM2_GH_v2] about to multiply Q_bym2 by u_bym2 (nAreas=41)
[modMDM_BYM2_GH_v2] completed Q_bym2 * u_bym2 multiply
[modMDM_BYM2_GH_v2] add_dataset start: nObs=741 Kint=100 fe.size=74100 w.rows=741 w.cols=100 lchoose=741 areaidx.len=741 areaidx.range=0..40
[modMDM_BYM2_GH_v2] add_dataset start: nObs=1442 Kint=100 fe.size=144200 w.rows=1442 w.cols=100 lchoose=1442 areaidx.len=1442 areaidx.range=0..37
[modMDM_BYM2_GH_v2] add_dataset start: nObs=572 Kint=16 fe.size=9152 w.rows=572 w.cols=16 lchoose=572 areaidx.len=572 areaidx.range=0..40
[modMDM_BYM2_GH_v2] add_dataset start: nObs=806 Kint=21 fe.size=16926 w.rows=806 w.cols=21 lchoose=806 areaidx.len=806 areaidx.range=0..37
[modMDM_BYM2_GH_v2] sizes: nUrbM=741 nRurM=1442 nUrbD=572 nRurD=806 nAreas=41 KUrbM=100 KRurM=100 KUrbD=16 KRurD=21 Q=10
[modMDM_BYM2_GH_v2] about to multiply Q_bym2 by u_bym2 (nAreas=41)
[modMDM_BYM2_GH_v2] completed Q_bym2 * u_bym2 multiply
[modMDM_BYM2_GH_v2] add_dataset start: nObs=741 Kint=100 fe.size=74100 w.rows=741 w.cols=100 lchoose=741 areaidx.len=741 areaidx.range=0..40
[modMDM_BYM2_GH_v2] add_dataset start: nObs=1442 Kint=100 fe.size=144200 w.rows=1442 w.cols=100 lchoose=1442 areaidx.len=1442 areaidx.range=0..37
[modMDM_BYM2_GH_v2] add_dataset start: nObs=572 Kint=16 fe.size=9152 w.rows=572 w.cols=16 lchoose=572 areaidx.len=572 areaidx.range=0..40
[modMDM_BYM2_GH_v2] add_dataset start: nObs=806 Kint=21 fe.size=16926 w.rows=806 w.cols=21 lchoose=806 areaidx.len=806 areaidx.range=0..37
[modMDM_BYM2_GH_v2] sizes: nUrbM=741 nRurM=1442 nUrbD=572 nRurD=806 nAreas=41 KUrbM=100 KRurM=100 KUrbD=16 KRurD=21 Q=10
[modMDM_BYM2_GH_v2] about to multiply Q_bym2 by u_bym2 (nAreas=41)
[modMDM_BYM2_GH_v2] completed Q_bym2 * u_bym2 multiply
[modMDM_BYM2_GH_v2] add_dataset start: nObs=741 Kint=100 fe.size=74100 w.rows=741 w.cols=100 lchoose=741 areaidx.len=741 areaidx.range=0..40
[modMDM_BYM2_GH_v2] add_dataset start: nObs=1442 Kint=100 fe.size=144200 w.rows=1442 w.cols=100 lchoose=1442 areaidx.len=1442 areaidx.range=0..37
[modMDM_BYM2_GH_v2] add_dataset start: nObs=572 Kint=16 fe.size=9152 w.rows=572 w.cols=16 lchoose=572 areaidx.len=572 areaidx.range=0..40
[modMDM_BYM2_GH_v2] add_dataset start: nObs=806 Kint=21 fe.size=16926 w.rows=806 w.cols=21 lchoose=806 areaidx.len=806 areaidx.range=0..37
[1] "dyn.unload(dynlib('code/'))"
Warning: 3 external pointers will be removed
[1] "dyn.unload(dynlib('code/'))"
[modMDM_BYM2_GH_v2] sizes: nUrbM=741 nRurM=1442 nUrbD=572 nRurD=806 nAreas=41 KUrbM=100 KRurM=100 KUrbD=16 KRurD=21 Q=10
[modMDM_BYM2_GH_v2] about to multiply Q_bym2 by u_bym2 (nAreas=41)
[modMDM_BYM2_GH_v2] completed Q_bym2 * u_bym2 multiply
[modMDM_BYM2_GH_v2] add_dataset start: nObs=741 Kint=100 fe.size=74100 w.rows=741 w.cols=100 lchoose=741 areaidx.len=741 areaidx.range=0..40
[modMDM_BYM2_GH_v2] add_dataset start: nObs=1442 Kint=100 fe.size=144200 w.rows=1442 w.cols=100 lchoose=1442 areaidx.len=1442 areaidx.range=0..37
[modMDM_BYM2_GH_v2] add_dataset start: nObs=572 Kint=16 fe.size=9152 w.rows=572 w.cols=16 lchoose=572 areaidx.len=572 areaidx.range=0..40
[modMDM_BYM2_GH_v2] add_dataset start: nObs=806 Kint=21 fe.size=16926 w.rows=806 w.cols=21 lchoose=806 areaidx.len=806 areaidx.range=0..37
[modMDM_BYM2_GH_v2] sizes: nUrbM=741 nRurM=1442 nUrbD=572 nRurD=806 nAreas=41 KUrbM=100 KRurM=100 KUrbD=16 KRurD=21 Q=10
[modMDM_BYM2_GH_v2] about to multiply Q_bym2 by u_bym2 (nAreas=41)
[modMDM_BYM2_GH_v2] completed Q_bym2 * u_bym2 multiply
[modMDM_BYM2_GH_v2] add_dataset start: nObs=741 Kint=100 fe.size=74100 w.rows=741 w.cols=100 lchoose=741 areaidx.len=741 areaidx.range=0..40
[modMDM_BYM2_GH_v2] add_dataset start: nObs=1442 Kint=100 fe.size=144200 w.rows=1442 w.cols=100 lchoose=1442 areaidx.len=1442 areaidx.range=0..37
[modMDM_BYM2_GH_v2] add_dataset start: nObs=572 Kint=16 fe.size=9152 w.rows=572 w.cols=16 lchoose=572 areaidx.len=572 areaidx.range=0..40
[modMDM_BYM2_GH_v2] add_dataset start: nObs=806 Kint=21 fe.size=16926 w.rows=806 w.cols=21 lchoose=806 areaidx.len=806 areaidx.range=0..37
[modMDM_BYM2_GH_v2] sizes: nUrbM=741 nRurM=1442 nUrbD=572 nRurD=806 nAreas=41 KUrbM=100 KRurM=100 KUrbD=16 KRurD=21 Q=10
[modMDM_BYM2_GH_v2] about to multiply Q_bym2 by u_bym2 (nAreas=41)
[modMDM_BYM2_GH_v2] completed Q_bym2 * u_bym2 multiply
[modMDM_BYM2_GH_v2] add_dataset start: nObs=741 Kint=100 fe.size=74100 w.rows=741 w.cols=100 lchoose=741 areaidx.len=741 areaidx.range=0..40
[modMDM_BYM2_GH_v2] add_dataset start: nObs=1442 Kint=100 fe.size=144200 w.rows=1442 w.cols=100 lchoose=1442 areaidx.len=1442 areaidx.range=0..37
[modMDM_BYM2_GH_v2] add_dataset start: nObs=572 Kint=16 fe.size=9152 w.rows=572 w.cols=16 lchoose=572 areaidx.len=572 areaidx.range=0..40
[modMDM_BYM2_GH_v2] add_dataset start: nObs=806 Kint=21 fe.size=16926 w.rows=806 w.cols=21 lchoose=806 areaidx.len=806 areaidx.range=0..37
[modMDM_BYM2_GH_v2] sizes: nUrbM=741 nRurM=1442 nUrbD=572 nRurD=806 nAreas=41 KUrbM=100 KRurM=100 KUrbD=16 KRurD=21 Q=10
[modMDM_BYM2_GH_v2] about to multiply Q_bym2 by u_bym2 (nAreas=41)
[modMDM_BYM2_GH_v2] completed Q_bym2 * u_bym2 multiply
[modMDM_BYM2_GH_v2] add_dataset start: nObs=741 Kint=100 fe.size=74100 w.rows=741 w.cols=100 lchoose=741 areaidx.len=741 areaidx.range=0..40
[modMDM_BYM2_GH_v2] add_dataset start: nObs=1442 Kint=100 fe.size=144200 w.rows=1442 w.cols=100 lchoose=1442 areaidx.len=1442 areaidx.range=0..37
[modMDM_BYM2_GH_v2] add_dataset start: nObs=572 Kint=16 fe.size=9152 w.rows=572 w.cols=16 lchoose=572 areaidx.len=572 areaidx.range=0..40
[modMDM_BYM2_GH_v2] add_dataset start: nObs=806 Kint=21 fe.size=16926 w.rows=806 w.cols=21 lchoose=806 areaidx.len=806 areaidx.range=0..37
[modMDM_BYM2_GH_v2] sizes: nUrbM=741 nRurM=1442 nUrbD=572 nRurD=806 nAreas=41 KUrbM=100 KRurM=100 KUrbD=16 KRurD=21 Q=10
[modMDM_BYM2_GH_v2] about to multiply Q_bym2 by u_bym2 (nAreas=41)
[modMDM_BYM2_GH_v2] completed Q_bym2 * u_bym2 multiply
[modMDM_BYM2_GH_v2] add_dataset start: nObs=741 Kint=100 fe.size=74100 w.rows=741 w.cols=100 lchoose=741 areaidx.len=741 areaidx.range=0..40
[modMDM_BYM2_GH_v2] add_dataset start: nObs=1442 Kint=100 fe.size=144200 w.rows=1442 w.cols=100 lchoose=1442 areaidx.len=1442 areaidx.range=0..37
[modMDM_BYM2_GH_v2] add_dataset start: nObs=572 Kint=16 fe.size=9152 w.rows=572 w.cols=16 lchoose=572 areaidx.len=572 areaidx.range=0..40
[modMDM_BYM2_GH_v2] add_dataset start: nObs=806 Kint=21 fe.size=16926 w.rows=806 w.cols=21 lchoose=806 areaidx.len=806 areaidx.range=0..37
[modMDM_BYM2_GH_v2] sizes: nUrbM=741 nRurM=1442 nUrbD=572 nRurD=806 nAreas=41 KUrbM=100 KRurM=100 KUrbD=16 KRurD=21 Q=10
[modMDM_BYM2_GH_v2] about to multiply Q_bym2 by u_bym2 (nAreas=41)
[modMDM_BYM2_GH_v2] completed Q_bym2 * u_bym2 multiply
[modMDM_BYM2_GH_v2] add_dataset start: nObs=741 Kint=100 fe.size=74100 w.rows=741 w.cols=100 lchoose=741 areaidx.len=741 areaidx.range=0..40
[modMDM_BYM2_GH_v2] add_dataset start: nObs=1442 Kint=100 fe.size=144200 w.rows=1442 w.cols=100 lchoose=1442 areaidx.len=1442 areaidx.range=0..37
[modMDM_BYM2_GH_v2] add_dataset start: nObs=572 Kint=16 fe.size=9152 w.rows=572 w.cols=16 lchoose=572 areaidx.len=572 areaidx.range=0..40
[modMDM_BYM2_GH_v2] add_dataset start: nObs=806 Kint=21 fe.size=16926 w.rows=806 w.cols=21 lchoose=806 areaidx.len=806 areaidx.range=0..37
[modMDM_BYM2_GH_v2] sizes: nUrbM=741 nRurM=1442 nUrbD=572 nRurD=806 nAreas=41 KUrbM=100 KRurM=100 KUrbD=16 KRurD=21 Q=10
[modMDM_BYM2_GH_v2] about to multiply Q_bym2 by u_bym2 (nAreas=41)
[modMDM_BYM2_GH_v2] completed Q_bym2 * u_bym2 multiply
[modMDM_BYM2_GH_v2] add_dataset start: nObs=741 Kint=100 fe.size=74100 w.rows=741 w.cols=100 lchoose=741 areaidx.len=741 areaidx.range=0..40
[modMDM_BYM2_GH_v2] add_dataset start: nObs=1442 Kint=100 fe.size=144200 w.rows=1442 w.cols=100 lchoose=1442 areaidx.len=1442 areaidx.range=0..37
[modMDM_BYM2_GH_v2] add_dataset start: nObs=572 Kint=16 fe.size=9152 w.rows=572 w.cols=16 lchoose=572 areaidx.len=572 areaidx.range=0..40
[modMDM_BYM2_GH_v2] add_dataset start: nObs=806 Kint=21 fe.size=16926 w.rows=806 w.cols=21 lchoose=806 areaidx.len=806 areaidx.range=0..37
[modMDM_BYM2_GH_v2] sizes: nUrbM=741 nRurM=1442 nUrbD=572 nRurD=806 nAreas=41 KUrbM=100 KRurM=100 KUrbD=16 KRurD=21 Q=10
[modMDM_BYM2_GH_v2] about to multiply Q_bym2 by u_bym2 (nAreas=41)
[modMDM_BYM2_GH_v2] completed Q_bym2 * u_bym2 multiply
[modMDM_BYM2_GH_v2] add_dataset start: nObs=741 Kint=100 fe.size=74100 w.rows=741 w.cols=100 lchoose=741 areaidx.len=741 areaidx.range=0..40
[modMDM_BYM2_GH_v2] add_dataset start: nObs=1442 Kint=100 fe.size=144200 w.rows=1442 w.cols=100 lchoose=1442 areaidx.len=1442 areaidx.range=0..37
[modMDM_BYM2_GH_v2] add_dataset start: nObs=572 Kint=16 fe.size=9152 w.rows=572 w.cols=16 lchoose=572 areaidx.len=572 areaidx.range=0..40
[modMDM_BYM2_GH_v2] add_dataset start: nObs=806 Kint=21 fe.size=16926 w.rows=806 w.cols=21 lchoose=806 areaidx.len=806 areaidx.range=0..37
[modMDM_BYM2_GH_v2] sizes: nUrbM=741 nRurM=1442 nUrbD=572 nRurD=806 nAreas=41 KUrbM=100 KRurM=100 KUrbD=16 KRurD=21 Q=10
[modMDM_BYM2_GH_v2] about to multiply Q_bym2 by u_bym2 (nAreas=41)
[modMDM_BYM2_GH_v2] completed Q_bym2 * u_bym2 multiply
[modMDM_BYM2_GH_v2] add_dataset start: nObs=741 Kint=100 fe.size=74100 w.rows=741 w.cols=100 lchoose=741 areaidx.len=741 areaidx.range=0..40
[modMDM_BYM2_GH_v2] add_dataset start: nObs=1442 Kint=100 fe.size=144200 w.rows=1442 w.cols=100 lchoose=1442 areaidx.len=1442 areaidx.range=0..37
[modMDM_BYM2_GH_v2] add_dataset start: nObs=572 Kint=16 fe.size=9152 w.rows=572 w.cols=16 lchoose=572 areaidx.len=572 areaidx.range=0..40
[modMDM_BYM2_GH_v2] add_dataset start: nObs=806 Kint=21 fe.size=16926 w.rows=806 w.cols=21 lchoose=806 areaidx.len=806 areaidx.range=0..37
[modMDM_BYM2_GH_v2] sizes: nUrbM=741 nRurM=1442 nUrbD=572 nRurD=806 nAreas=41 KUrbM=100 KRurM=100 KUrbD=16 KRurD=21 Q=10
[modMDM_BYM2_GH_v2] about to multiply Q_bym2 by u_bym2 (nAreas=41)
[modMDM_BYM2_GH_v2] completed Q_bym2 * u_bym2 multiply
[modMDM_BYM2_GH_v2] add_dataset start: nObs=741 Kint=100 fe.size=74100 w.rows=741 w.cols=100 lchoose=741 areaidx.len=741 areaidx.range=0..40
[modMDM_BYM2_GH_v2] add_dataset start: nObs=1442 Kint=100 fe.size=144200 w.rows=1442 w.cols=100 lchoose=1442 areaidx.len=1442 areaidx.range=0..37
[modMDM_BYM2_GH_v2] add_dataset start: nObs=572 Kint=16 fe.size=9152 w.rows=572 w.cols=16 lchoose=572 areaidx.len=572 areaidx.range=0..40
[modMDM_BYM2_GH_v2] add_dataset start: nObs=806 Kint=21 fe.size=16926 w.rows=806 w.cols=21 lchoose=806 areaidx.len=806 areaidx.range=0..37
[modMDM_BYM2_GH_v2] sizes: nUrbM=741 nRurM=1442 nUrbD=572 nRurD=806 nAreas=41 KUrbM=100 KRurM=100 KUrbD=16 KRurD=21 Q=10
[modMDM_BYM2_GH_v2] about to multiply Q_bym2 by u_bym2 (nAreas=41)
[modMDM_BYM2_GH_v2] completed Q_bym2 * u_bym2 multiply
[modMDM_BYM2_GH_v2] add_dataset start: nObs=741 Kint=100 fe.size=74100 w.rows=741 w.cols=100 lchoose=741 areaidx.len=741 areaidx.range=0..40
[modMDM_BYM2_GH_v2] add_dataset start: nObs=1442 Kint=100 fe.size=144200 w.rows=1442 w.cols=100 lchoose=1442 areaidx.len=1442 areaidx.range=0..37
[modMDM_BYM2_GH_v2] add_dataset start: nObs=572 Kint=16 fe.size=9152 w.rows=572 w.cols=16 lchoose=572 areaidx.len=572 areaidx.range=0..40
[modMDM_BYM2_GH_v2] add_dataset start: nObs=806 Kint=21 fe.size=16926 w.rows=806 w.cols=21 lchoose=806 areaidx.len=806 areaidx.range=0..37
[modMDM_BYM2_GH_v2] sizes: nUrbM=741 nRurM=1442 nUrbD=572 nRurD=806 nAreas=41 KUrbM=100 KRurM=100 KUrbD=16 KRurD=21 Q=10
[modMDM_BYM2_GH_v2] about to multiply Q_bym2 by u_bym2 (nAreas=41)
[modMDM_BYM2_GH_v2] completed Q_bym2 * u_bym2 multiply
[modMDM_BYM2_GH_v2] add_dataset start: nObs=741 Kint=100 fe.size=74100 w.rows=741 w.cols=100 lchoose=741 areaidx.len=741 areaidx.range=0..40
[modMDM_BYM2_GH_v2] add_dataset start: nObs=1442 Kint=100 fe.size=144200 w.rows=1442 w.cols=100 lchoose=1442 areaidx.len=1442 areaidx.range=0..37
[modMDM_BYM2_GH_v2] add_dataset start: nObs=572 Kint=16 fe.size=9152 w.rows=572 w.cols=16 lchoose=572 areaidx.len=572 areaidx.range=0..40
[modMDM_BYM2_GH_v2] add_dataset start: nObs=806 Kint=21 fe.size=16926 w.rows=806 w.cols=21 lchoose=806 areaidx.len=806 areaidx.range=0..37
[modMDM_BYM2_GH_v2] sizes: nUrbM=741 nRurM=1442 nUrbD=572 nRurD=806 nAreas=41 KUrbM=100 KRurM=100 KUrbD=16 KRurD=21 Q=10
[modMDM_BYM2_GH_v2] about to multiply Q_bym2 by u_bym2 (nAreas=41)
[modMDM_BYM2_GH_v2] completed Q_bym2 * u_bym2 multiply
[modMDM_BYM2_GH_v2] add_dataset start: nObs=741 Kint=100 fe.size=74100 w.rows=741 w.cols=100 lchoose=741 areaidx.len=741 areaidx.range=0..40
[modMDM_BYM2_GH_v2] add_dataset start: nObs=1442 Kint=100 fe.size=144200 w.rows=1442 w.cols=100 lchoose=1442 areaidx.len=1442 areaidx.range=0..37
[modMDM_BYM2_GH_v2] add_dataset start: nObs=572 Kint=16 fe.size=9152 w.rows=572 w.cols=16 lchoose=572 areaidx.len=572 areaidx.range=0..40
[modMDM_BYM2_GH_v2] add_dataset start: nObs=806 Kint=21 fe.size=16926 w.rows=806 w.cols=21 lchoose=806 areaidx.len=806 areaidx.range=0..37
[modMDM_BYM2_GH_v2] sizes: nUrbM=741 nRurM=1442 nUrbD=572 nRurD=806 nAreas=41 KUrbM=100 KRurM=100 KUrbD=16 KRurD=21 Q=10
[modMDM_BYM2_GH_v2] about to multiply Q_bym2 by u_bym2 (nAreas=41)
[modMDM_BYM2_GH_v2] completed Q_bym2 * u_bym2 multiply
[modMDM_BYM2_GH_v2] add_dataset start: nObs=741 Kint=100 fe.size=74100 w.rows=741 w.cols=100 lchoose=741 areaidx.len=741 areaidx.range=0..40
[modMDM_BYM2_GH_v2] add_dataset start: nObs=1442 Kint=100 fe.size=144200 w.rows=1442 w.cols=100 lchoose=1442 areaidx.len=1442 areaidx.range=0..37
[modMDM_BYM2_GH_v2] add_dataset start: nObs=572 Kint=16 fe.size=9152 w.rows=572 w.cols=16 lchoose=572 areaidx.len=572 areaidx.range=0..40
[modMDM_BYM2_GH_v2] add_dataset start: nObs=806 Kint=21 fe.size=16926 w.rows=806 w.cols=21 lchoose=806 areaidx.len=806 areaidx.range=0..37
[modMDM_BYM2_GH_v2] sizes: nUrbM=741 nRurM=1442 nUrbD=572 nRurD=806 nAreas=41 KUrbM=100 KRurM=100 KUrbD=16 KRurD=21 Q=10
[modMDM_BYM2_GH_v2] about to multiply Q_bym2 by u_bym2 (nAreas=41)
[modMDM_BYM2_GH_v2] completed Q_bym2 * u_bym2 multiply
[modMDM_BYM2_GH_v2] add_dataset start: nObs=741 Kint=100 fe.size=74100 w.rows=741 w.cols=100 lchoose=741 areaidx.len=741 areaidx.range=0..40
[modMDM_BYM2_GH_v2] add_dataset start: nObs=1442 Kint=100 fe.size=144200 w.rows=1442 w.cols=100 lchoose=1442 areaidx.len=1442 areaidx.range=0..37
[modMDM_BYM2_GH_v2] add_dataset start: nObs=572 Kint=16 fe.size=9152 w.rows=572 w.cols=16 lchoose=572 areaidx.len=572 areaidx.range=0..40
[modMDM_BYM2_GH_v2] add_dataset start: nObs=806 Kint=21 fe.size=16926 w.rows=806 w.cols=21 lchoose=806 areaidx.len=806 areaidx.range=0..37
[modMDM_BYM2_GH_v2] sizes: nUrbM=741 nRurM=1442 nUrbD=572 nRurD=806 nAreas=41 KUrbM=100 KRurM=100 KUrbD=16 KRurD=21 Q=10
[modMDM_BYM2_GH_v2] about to multiply Q_bym2 by u_bym2 (nAreas=41)
[modMDM_BYM2_GH_v2] completed Q_bym2 * u_bym2 multiply
[modMDM_BYM2_GH_v2] add_dataset start: nObs=741 Kint=100 fe.size=74100 w.rows=741 w.cols=100 lchoose=741 areaidx.len=741 areaidx.range=0..40
[modMDM_BYM2_GH_v2] add_dataset start: nObs=1442 Kint=100 fe.size=144200 w.rows=1442 w.cols=100 lchoose=1442 areaidx.len=1442 areaidx.range=0..37
[modMDM_BYM2_GH_v2] add_dataset start: nObs=572 Kint=16 fe.size=9152 w.rows=572 w.cols=16 lchoose=572 areaidx.len=572 areaidx.range=0..40
[modMDM_BYM2_GH_v2] add_dataset start: nObs=806 Kint=21 fe.size=16926 w.rows=806 w.cols=21 lchoose=806 areaidx.len=806 areaidx.range=0..37
fit 102.6 min

##### [SPDE] sim 6 #####
  [Md_FE] fitting ... Warning in Matrix.DeprecatedCoerce(cd1, cd2) :
  'as(<dgTMatrix>, "dgCMatrix")' is deprecated.
Use 'as(., "CsparseMatrix")' instead.
See help("Deprecated") and help("Matrix-deprecated").
Warning in eigen.spam(tempQ, symmetric = TRUE) : 
 The eigenvalues are calculated with the function 'eigen' from the base package.
[1] "dyn.unload(dynlib('code/'))"
Warning: 4 external pointers will be removed
[1] "dyn.unload(dynlib('code/'))"
Warning in TMB::sdreport(obj, getJointPrecision = TRUE, bias.correct = TRUE,  :
  'bias.correct' does nothing without random effects
fit 0.0 min
  [Md] fitting ... Warning in Matrix.DeprecatedCoerce(cd1, cd2) :
  'as(<dgTMatrix>, "dgCMatrix")' is deprecated.
Use 'as(., "CsparseMatrix")' instead.
See help("Deprecated") and help("Matrix-deprecated").
Warning in eigen.spam(tempQ, symmetric = TRUE) : 
 The eigenvalues are calculated with the function 'eigen' from the base package.
[1] "dyn.unload(dynlib('code/'))"
[1] "compiling code/modM_DSepRepar.cpp..."
using C++ compiler: 'G__~1.EXE (GCC) 13.3.0'
make: Nothing to be done for 'all'.
[1] "optimizing for tol = 1e-06."
par:
   log_tau  logit_phi log_tauEps 
         0          0          0 
iter: 1  value: 3789.171 mgc: 752.2121 ustep: 1 
iter: 2  value: 3744.431 mgc: 128.2592 ustep: 1 
iter: 3  value: 3743.93 mgc: 16.33529 ustep: 1 
iter: 4  value: 3743.93 mgc: 0.2998804 ustep: 1 
iter: 5  value: 3743.93 mgc: 0.0002120957 ustep: 1 
iter: 6  mgc: 2.321252e-10 
iter: 1  mgc: 2.321252e-10 
Matching hessian patterns... Done
outer mgc:  112.6912 
par:
    log_tau   logit_phi  log_tauEps 
 0.58610116  0.05107644 -4.50764773 
iter: 1  value: 6012.025 mgc: 2.647139 ustep: 1 
iter: 2  value: 5957.369 mgc: 15.01611 ustep: 1 
iter: 3  value: 5944.597 mgc: 3.913632 ustep: 1 
iter: 4  value: 5942.769 mgc: 1.131283 ustep: 1 
iter: 5  value: 5942.697 mgc: 0.1877922 ustep: 1 
iter: 6  value: 5942.697 mgc: 0.009508407 ustep: 1 
iter: 7  value: 5942.697 mgc: 3.608255e-05 ustep: 1 
iter: 8  mgc: 5.439582e-09 
par:
    log_tau   logit_phi  log_tauEps 
 0.11722023  0.01021529 -0.90152955 
iter: 1  value: 3978.546 mgc: 1.590067 ustep: 1 
iter: 2  value: 3977.474 mgc: 4.523595 ustep: 1 
iter: 3  value: 3977.473 mgc: 0.1206571 ustep: 1 
iter: 4  value: 3977.473 mgc: 0.0001160145 ustep: 1 
iter: 5  mgc: 1.783556e-10 
par:
     log_tau    logit_phi   log_tauEps 
 0.023444046  0.002043057 -0.180305909 
iter: 1  value: 3779.65 mgc: 0.4416073 ustep: 1 
iter: 2  value: 3779.648 mgc: 0.2777567 ustep: 1 
iter: 3  value: 3779.648 mgc: 0.0002289966 ustep: 1 
iter: 4  mgc: 1.941369e-10 
iter: 1  mgc: 1.941369e-10 
outer mgc:  67.4333 
par:
   log_tau  logit_phi log_tauEps 
 2.8139809  0.2434882 -0.2120834 
iter: 1  value: 3759.815 mgc: 73.10665 ustep: 1 
iter: 2  value: 3759.812 mgc: 0.3363615 ustep: 1 
iter: 3  value: 3759.812 mgc: 0.0005411882 ustep: 1 
iter: 4  mgc: 4.964902e-09 
iter: 1  mgc: 4.964902e-09 
outer mgc:  60.06467 
par:
   log_tau  logit_phi log_tauEps 
 1.5435540  0.6461797 -0.4735218 
iter: 1  value: 3823.471 mgc: 28.28623 ustep: 1 
iter: 2  value: 3823.453 mgc: 0.4759997 ustep: 1 
iter: 3  value: 3823.453 mgc: 0.00135077 ustep: 1 
iter: 4  value: 3823.453 mgc: 2.558826e-08 ustep: 1 
iter: 5  mgc: 2.368959e-13 
iter: 1  mgc: 2.368959e-13 
outer mgc:  11.07958 
par:
   log_tau  logit_phi log_tauEps 
 1.5787763  0.4289282 -0.4316942 
iter: 1  value: 3814.848 mgc: 1.417523 ustep: 1 
iter: 2  value: 3814.848 mgc: 0.0124168 ustep: 1 
iter: 3  value: 3814.848 mgc: 7.546034e-07 ustep: 1 
iter: 4  mgc: 9.840784e-14 
iter: 1  mgc: 9.840784e-14 
outer mgc:  0.2023198 
par:
   log_tau  logit_phi log_tauEps 
 1.5976392  0.3585718 -0.4306819 
iter: 1  value: 3815.214 mgc: 0.5113035 ustep: 1 
iter: 2  value: 3815.214 mgc: 2.544926e-05 ustep: 1 
iter: 3  mgc: 1.816446e-11 
iter: 1  mgc: 1.816446e-11 
outer mgc:  0.05321414 
par:
   log_tau  logit_phi log_tauEps 
 1.5967691  0.3496198 -0.4308592 
iter: 1  value: 3815.364 mgc: 0.05072667 ustep: 1 
iter: 2  value: 3815.364 mgc: 5.826669e-07 ustep: 1 
iter: 3  mgc: 1.100418e-13 
par:
   log_tau  logit_phi log_tauEps 
 1.5845694  0.3414481 -0.4840734 
iter: 1  value: 3829.382 mgc: 0.1510693 ustep: 1 
iter: 2  value: 3829.382 mgc: 0.02028526 ustep: 1 
iter: 3  value: 3829.382 mgc: 1.853787e-06 ustep: 1 
iter: 4  mgc: 3.391747e-14 
par:
   log_tau  logit_phi log_tauEps 
 1.5943291  0.3479855 -0.4415020 
iter: 1  value: 3818.128 mgc: 0.03054543 ustep: 1 
iter: 2  value: 3818.128 mgc: 0.0008324771 ustep: 1 
iter: 3  mgc: 2.980359e-09 
par:
   log_tau  logit_phi log_tauEps 
 1.5962811  0.3492929 -0.4329878 
iter: 1  value: 3815.915 mgc: 0.006122448 ustep: 1 
iter: 2  value: 3815.915 mgc: 3.346878e-05 ustep: 1 
iter: 3  mgc: 4.577172e-12 
par:
   log_tau  logit_phi log_tauEps 
 1.5966715  0.3495544 -0.4312849 
iter: 1  value: 3815.474 mgc: 0.001225025 ustep: 1 
iter: 2  value: 3815.474 mgc: 1.34011e-06 ustep: 1 
iter: 3  mgc: 2.375941e-13 
par:
   log_tau  logit_phi log_tauEps 
 1.5967496  0.3496067 -0.4309444 
iter: 1  value: 3815.386 mgc: 0.0002450264 ustep: 1 
iter: 2  value: 3815.386 mgc: 5.361551e-08 ustep: 1 
iter: 3  mgc: 2.312751e-13 
par:
   log_tau  logit_phi log_tauEps 
 1.5967652  0.3496172 -0.4308762 
iter: 1  value: 3815.368 mgc: 4.900614e-05 ustep: 1 
iter: 2  mgc: 2.144666e-09 
[1] "completed optimization for tol = 1e-06"
iter: 1  mgc: 2.144666e-09 
outer mgc:  0.002502507 
iter: 1  value: 3815.36 mgc: 0.01483468 ustep: 1 
iter: 2  value: 3815.36 mgc: 4.496868e-08 ustep: 1 
iter: 3  mgc: 4.01332e-13 
outer mgc:  0.007955682 
iter: 1  value: 3815.376 mgc: 0.01481382 ustep: 1 
iter: 2  value: 3815.376 mgc: 4.493641e-08 ustep: 1 
iter: 3  mgc: 2.778902e-13 
outer mgc:  0.0129613 
iter: 1  value: 3815.357 mgc: 0.006112693 ustep: 1 
iter: 2  mgc: 2.323993e-09 
outer mgc:  0.002442607 
iter: 1  value: 3815.379 mgc: 0.00610733 ustep: 1 
iter: 2  mgc: 2.323697e-09 
outer mgc:  0.003127711 
iter: 1  value: 3815.113 mgc: 0.001946125 ustep: 1 
iter: 2  value: 3815.113 mgc: 7.351243e-06 ustep: 1 
iter: 3  mgc: 4.542018e-13 
outer mgc:  0.2630309 
iter: 1  value: 3815.624 mgc: 0.00194418 ustep: 1 
iter: 2  value: 3815.624 mgc: 7.342544e-06 ustep: 1 
iter: 3  mgc: 1.740601e-13 
outer mgc:  0.2582281 
Re-using symbolic Cholesky
iter: 1  mgc: 2.144666e-09 
Matching hessian patterns... Done
outer mgc:  0.002502507 
iter: 1  mgc: 2.144666e-09 
outer mgc:  0.002502507 
iter: 1  value: 3815.367 mgc: 0.00236735 ustep: 1 
iter: 2  mgc: 1.146322e-09 
outer mgc:  0.00236101 
iter: 1  value: 3815.37 mgc: 0.002366818 ustep: 1 
iter: 2  mgc: 1.145978e-09 
outer mgc:  0.004172491 
iter: 1  value: 3815.368 mgc: 0.0002136197 ustep: 1 
iter: 2  mgc: 2.814928e-12 
outer mgc:  0.002480643 
iter: 1  value: 3815.369 mgc: 0.0002136132 ustep: 1 
iter: 2  mgc: 2.957347e-12 
outer mgc:  0.002524372 
iter: 1  value: 3815.357 mgc: 8.381367e-05 ustep: 1 
iter: 2  value: 3815.357 mgc: 1.364038e-08 ustep: 1 
mgc: 4.058831e-13 
outer mgc:  0.01363176 
iter: 1  value: 3815.379 mgc: 8.38103e-05 ustep: 1 
iter: 2  value: 3815.379 mgc: 1.363951e-08 ustep: 1 
mgc: 6.991182e-13 
outer mgc:  0.008828049 
iter: 1  value: 3815.368 mgc: 0.001183608 ustep: 1 
iter: 2  mgc: 2.862442e-10 
outer mgc:  0.002381422 
iter: 1  value: 3815.369 mgc: 0.001183475 ustep: 1 
iter: 2  mgc: 2.864515e-10 
outer mgc:  0.003337497 
iter: 1  value: 3815.368 mgc: 0.000106809 ustep: 1 
iter: 2  mgc: 6.413227e-13 
outer mgc:  0.002491575 
iter: 1  value: 3815.368 mgc: 0.0001068075 ustep: 1 
iter: 2  mgc: 7.294076e-13 
outer mgc:  0.00251344 
iter: 1  value: 3815.363 mgc: 4.190632e-05 ustep: 1 
iter: 2  mgc: 3.410074e-09 
outer mgc:  0.008016808 
iter: 1  value: 3815.374 mgc: 4.190566e-05 ustep: 1 
iter: 2  mgc: 3.410437e-09 
outer mgc:  0.003213099 
iter: 1  value: 3815.368 mgc: 0.0005917875 ustep: 1 
iter: 2  mgc: 7.155148e-11 
outer mgc:  0.002391637 
iter: 1  value: 3815.369 mgc: 0.0005917544 ustep: 1 
iter: 2  mgc: 7.127453e-11 
outer mgc:  0.002920002 
iter: 1  value: 3815.368 mgc: 5.340427e-05 ustep: 1 
iter: 2  mgc: 3.313981e-13 
outer mgc:  0.002497041 
iter: 1  value: 3815.368 mgc: 5.340396e-05 ustep: 1 
iter: 2  mgc: 5.029118e-13 
outer mgc:  0.002507974 
iter: 1  value: 3815.366 mgc: 2.095299e-05 ustep: 1 
iter: 2  mgc: 8.524875e-10 
outer mgc:  0.005209334 
iter: 1  value: 3815.371 mgc: 2.0953e-05 ustep: 1 
iter: 2  mgc: 8.528113e-10 
outer mgc:  0.002499749 
iter: 1  value: 3815.368 mgc: 0.0002958895 ustep: 1 
iter: 2  mgc: 1.792867e-11 
outer mgc:  0.002396746 
iter: 1  value: 3815.368 mgc: 0.0002958814 ustep: 1 
iter: 2  mgc: 1.772292e-11 
outer mgc:  0.002711254 
iter: 1  value: 3815.368 mgc: 2.670206e-05 ustep: 1 
iter: 2  mgc: 5.554612e-13 
outer mgc:  0.002499774 
iter: 1  value: 3815.368 mgc: 2.670206e-05 ustep: 1 
iter: 2  mgc: 6.127964e-13 
outer mgc:  0.00250524 
iter: 1  value: 3815.367 mgc: 1.04764e-05 ustep: 1 
iter: 2  mgc: 2.130301e-10 
outer mgc:  0.003805596 
iter: 1  value: 3815.37 mgc: 1.047659e-05 ustep: 1 
iter: 2  mgc: 2.133412e-10 
outer mgc:  0.002501128 
elapsed 
 0.3475 
[1] "optimization took 0.869833333333372 minutes"
fit 0.9 min
Warning in sweep(gridDraws_tmb, 2, alpha_tmb_draws, "+") :
  length(STATS) or dim(STATS) do not match dim(x)[MARGIN]
Warning in sweep(gridDraws_tmb, 2, alpha_tmb_draws, "+") :
  length(STATS) or dim(STATS) do not match dim(x)[MARGIN]
  [M_D_FE] fitting ... Warning in Matrix.DeprecatedCoerce(cd1, cd2) :
  'as(<dgTMatrix>, "dgCMatrix")' is deprecated.
Use 'as(., "CsparseMatrix")' instead.
See help("Deprecated") and help("Matrix-deprecated").
Warning in eigen.spam(tempQ, symmetric = TRUE) : 
 The eigenvalues are calculated with the function 'eigen' from the base package.
[1] "dyn.unload(dynlib('code/'))"
Warning: 4 external pointers will be removed
[1] "dyn.unload(dynlib('code/'))"
Warning in TMB::sdreport(obj, getJointPrecision = TRUE, bias.correct = TRUE,  :
  'bias.correct' does nothing without random effects
fit 0.2 min
  [M_M_FE] fitting ... [1] "dyn.unload(dynlib('code/'))"
Warning in TMB::sdreport(obj, getJointPrecision = TRUE, bias.correct = TRUE,  :
  'bias.correct' does nothing without random effects
fit 0.4 min
  [M_DM_FE] fitting ... Warning in Matrix.DeprecatedCoerce(cd1, cd2) :
  'as(<dgTMatrix>, "dgCMatrix")' is deprecated.
Use 'as(., "CsparseMatrix")' instead.
See help("Deprecated") and help("Matrix-deprecated").
Warning in eigen.spam(tempQ, symmetric = TRUE) : 
 The eigenvalues are calculated with the function 'eigen' from the base package.
[1] "dyn.unload(dynlib('code/'))"
Warning: 2 external pointers will be removed
[1] "dyn.unload(dynlib('code/'))"
[modMDM_BYM2_GH_v2] sizes: nUrbM=741 nRurM=1442 nUrbD=572 nRurD=806 nAreas=41 KUrbM=100 KRurM=100 KUrbD=16 KRurD=21 Q=10
[modMDM_BYM2_GH_v2] about to multiply Q_bym2 by u_bym2 (nAreas=41)
[modMDM_BYM2_GH_v2] completed Q_bym2 * u_bym2 multiply
[modMDM_BYM2_GH_v2] add_dataset start: nObs=741 Kint=100 fe.size=74100 w.rows=741 w.cols=100 lchoose=741 areaidx.len=741 areaidx.range=0..40
[modMDM_BYM2_GH_v2] add_dataset start: nObs=1442 Kint=100 fe.size=144200 w.rows=1442 w.cols=100 lchoose=1442 areaidx.len=1442 areaidx.range=0..37
[modMDM_BYM2_GH_v2] add_dataset start: nObs=572 Kint=16 fe.size=9152 w.rows=572 w.cols=16 lchoose=572 areaidx.len=572 areaidx.range=0..40
[modMDM_BYM2_GH_v2] add_dataset start: nObs=806 Kint=21 fe.size=16926 w.rows=806 w.cols=21 lchoose=806 areaidx.len=806 areaidx.range=0..37
[modMDM_BYM2_GH_v2] sizes: nUrbM=741 nRurM=1442 nUrbD=572 nRurD=806 nAreas=41 KUrbM=100 KRurM=100 KUrbD=16 KRurD=21 Q=10
[modMDM_BYM2_GH_v2] about to multiply Q_bym2 by u_bym2 (nAreas=41)
[modMDM_BYM2_GH_v2] completed Q_bym2 * u_bym2 multiply
[modMDM_BYM2_GH_v2] add_dataset start: nObs=741 Kint=100 fe.size=74100 w.rows=741 w.cols=100 lchoose=741 areaidx.len=741 areaidx.range=0..40
[modMDM_BYM2_GH_v2] add_dataset start: nObs=1442 Kint=100 fe.size=144200 w.rows=1442 w.cols=100 lchoose=1442 areaidx.len=1442 areaidx.range=0..37
[modMDM_BYM2_GH_v2] add_dataset start: nObs=572 Kint=16 fe.size=9152 w.rows=572 w.cols=16 lchoose=572 areaidx.len=572 areaidx.range=0..40
[modMDM_BYM2_GH_v2] add_dataset start: nObs=806 Kint=21 fe.size=16926 w.rows=806 w.cols=21 lchoose=806 areaidx.len=806 areaidx.range=0..37
[modMDM_BYM2_GH_v2] sizes: nUrbM=741 nRurM=1442 nUrbD=572 nRurD=806 nAreas=41 KUrbM=100 KRurM=100 KUrbD=16 KRurD=21 Q=10
[modMDM_BYM2_GH_v2] about to multiply Q_bym2 by u_bym2 (nAreas=41)
[modMDM_BYM2_GH_v2] completed Q_bym2 * u_bym2 multiply
[modMDM_BYM2_GH_v2] add_dataset start: nObs=741 Kint=100 fe.size=74100 w.rows=741 w.cols=100 lchoose=741 areaidx.len=741 areaidx.range=0..40
[modMDM_BYM2_GH_v2] add_dataset start: nObs=1442 Kint=100 fe.size=144200 w.rows=1442 w.cols=100 lchoose=1442 areaidx.len=1442 areaidx.range=0..37
[modMDM_BYM2_GH_v2] add_dataset start: nObs=572 Kint=16 fe.size=9152 w.rows=572 w.cols=16 lchoose=572 areaidx.len=572 areaidx.range=0..40
[modMDM_BYM2_GH_v2] add_dataset start: nObs=806 Kint=21 fe.size=16926 w.rows=806 w.cols=21 lchoose=806 areaidx.len=806 areaidx.range=0..37
[modMDM_BYM2_GH_v2] sizes: nUrbM=741 nRurM=1442 nUrbD=572 nRurD=806 nAreas=41 KUrbM=100 KRurM=100 KUrbD=16 KRurD=21 Q=10
[modMDM_BYM2_GH_v2] about to multiply Q_bym2 by u_bym2 (nAreas=41)
[modMDM_BYM2_GH_v2] completed Q_bym2 * u_bym2 multiply
[modMDM_BYM2_GH_v2] add_dataset start: nObs=741 Kint=100 fe.size=74100 w.rows=741 w.cols=100 lchoose=741 areaidx.len=741 areaidx.range=0..40
[modMDM_BYM2_GH_v2] add_dataset start: nObs=1442 Kint=100 fe.size=144200 w.rows=1442 w.cols=100 lchoose=1442 areaidx.len=1442 areaidx.range=0..37
[modMDM_BYM2_GH_v2] add_dataset start: nObs=572 Kint=16 fe.size=9152 w.rows=572 w.cols=16 lchoose=572 areaidx.len=572 areaidx.range=0..40
[modMDM_BYM2_GH_v2] add_dataset start: nObs=806 Kint=21 fe.size=16926 w.rows=806 w.cols=21 lchoose=806 areaidx.len=806 areaidx.range=0..37

    FIT ERROR: Caught exception 'std::bad_alloc' in function 'MakeADFunObject'

    -> no score file written
  [M_D_BYM2] fitting ... Warning in Matrix.DeprecatedCoerce(cd1, cd2) :
  'as(<dgTMatrix>, "dgCMatrix")' is deprecated.
Use 'as(., "CsparseMatrix")' instead.
See help("Deprecated") and help("Matrix-deprecated").
Warning in eigen.spam(tempQ, symmetric = TRUE) : 
 The eigenvalues are calculated with the function 'eigen' from the base package.
Warning in Matrix.DeprecatedCoerce(cd1, cd2) :
  'as(<dgTMatrix>, "dgCMatrix")' is deprecated.
Use 'as(., "CsparseMatrix")' instead.
See help("Deprecated") and help("Matrix-deprecated").
Warning in eigen.spam(tempQ, symmetric = TRUE) : 
 The eigenvalues are calculated with the function 'eigen' from the base package.
[1] "dyn.unload(dynlib('code/'))"
Warning: 1 external pointers will be removed
[1] "dyn.unload(dynlib('code/'))"
[1] "dyn.unload(dynlib('code/'))"
fit 0.4 min
% latex table generated in R 4.4.3 by xtable 1.8-4 package
% Wed May 20 20:22:15 2026
\begin{table}[ht]
\centering
\begin{tabular}{rrrrrr}
  \hline
 & Est & Q0.025 & Q0.1 & Q0.9 & Q0.975 \\ 
  \hline
(Int) & -1.38 & -1.56 & -1.50 & -1.26 & -1.20 \\ 
  urb & 1.03 & 0.80 & 0.88 & 1.18 & 1.26 \\ 
  access & -0.11 & -0.22 & -0.19 & -0.04 & -0.00 \\ 
  elev & 0.07 & 0.00 & 0.02 & 0.12 & 0.14 \\ 
  distRiversLakes & -0.01 & -0.09 & -0.06 & 0.04 & 0.06 \\ 
  popValsNorm & 0.25 & 0.04 & 0.11 & 0.39 & 0.47 \\ 
  sigmaSq & 2.69 & 0.07 & 0.17 & 6.19 & 15.21 \\ 
  phi & 0.51 & 0.03 & 0.10 & 0.90 & 0.97 \\ 
  sigmaEpsSq & 1.72 & 1.55 & 1.60 & 1.85 & 1.91 \\ 
   \hline
\end{tabular}
\end{table}
% latex table generated in R 4.4.3 by xtable 1.8-4 package
% Wed May 20 20:31:29 2026
\begin{table}[ht]
\centering
\begin{tabular}{rrrrrr}
  \hline
 & Est & Q0.025 & Q0.1 & Q0.9 & Q0.975 \\ 
  \hline
(Int) & -1.38 & -1.57 & -1.50 & -1.26 & -1.20 \\ 
  urb & 1.03 & 0.80 & 0.88 & 1.18 & 1.26 \\ 
  access & -0.11 & -0.22 & -0.18 & -0.04 & -0.01 \\ 
  elev & 0.07 & 0.00 & 0.03 & 0.12 & 0.14 \\ 
  distRiversLakes & -0.01 & -0.09 & -0.06 & 0.04 & 0.06 \\ 
  popValsNorm & 0.25 & 0.03 & 0.11 & 0.40 & 0.47 \\ 
  sigmaSq & 2.61 & 0.07 & 0.17 & 6.07 & 15.15 \\ 
  phi & 0.50 & 0.03 & 0.09 & 0.90 & 0.97 \\ 
  sigmaEpsSq & 1.72 & 1.55 & 1.60 & 1.85 & 1.92 \\ 
   \hline
\end{tabular}
\end{table}
  [M_M_BYM2] fitting ... Warning in Matrix.DeprecatedCoerce(cd1, cd2) :
  'as(<dgTMatrix>, "dgCMatrix")' is deprecated.
Use 'as(., "CsparseMatrix")' instead.
See help("Deprecated") and help("Matrix-deprecated").
Warning in eigen.spam(tempQ, symmetric = TRUE) : 
 The eigenvalues are calculated with the function 'eigen' from the base package.
[1] "dyn.unload(dynlib('code/'))"
[1] "dyn.unload(dynlib('code/'))"
Warning: 3 external pointers will be removed
[1] "dyn.unload(dynlib('code/'))"

    FIT ERROR: Caught exception 'std::bad_alloc' in function 'MakeADFunObject'

    -> no score file written
  [M_DM_BYM2] fitting ... Warning in Matrix.DeprecatedCoerce(cd1, cd2) :
  'as(<dgTMatrix>, "dgCMatrix")' is deprecated.
Use 'as(., "CsparseMatrix")' instead.
See help("Deprecated") and help("Matrix-deprecated").
Warning in eigen.spam(tempQ, symmetric = TRUE) : 
 The eigenvalues are calculated with the function 'eigen' from the base package.
Warning in Matrix.DeprecatedCoerce(cd1, cd2) :
  'as(<dgTMatrix>, "dgCMatrix")' is deprecated.
Use 'as(., "CsparseMatrix")' instead.
See help("Deprecated") and help("Matrix-deprecated").
Warning in eigen.spam(tempQ, symmetric = TRUE) : 
 The eigenvalues are calculated with the function 'eigen' from the base package.
[1] "dyn.unload(dynlib('code/'))"
Warning: 1 external pointers will be removed
[1] "dyn.unload(dynlib('code/'))"
[modMDM_BYM2_GH_v2] sizes: nUrbM=741 nRurM=1442 nUrbD=572 nRurD=806 nAreas=41 KUrbM=100 KRurM=100 KUrbD=16 KRurD=21 Q=10
[modMDM_BYM2_GH_v2] about to multiply Q_bym2 by u_bym2 (nAreas=41)
[modMDM_BYM2_GH_v2] completed Q_bym2 * u_bym2 multiply
[modMDM_BYM2_GH_v2] add_dataset start: nObs=741 Kint=100 fe.size=74100 w.rows=741 w.cols=100 lchoose=741 areaidx.len=741 areaidx.range=0..40
[modMDM_BYM2_GH_v2] add_dataset start: nObs=1442 Kint=100 fe.size=144200 w.rows=1442 w.cols=100 lchoose=1442 areaidx.len=1442 areaidx.range=0..37
[modMDM_BYM2_GH_v2] add_dataset start: nObs=572 Kint=16 fe.size=9152 w.rows=572 w.cols=16 lchoose=572 areaidx.len=572 areaidx.range=0..40
[modMDM_BYM2_GH_v2] add_dataset start: nObs=806 Kint=21 fe.size=16926 w.rows=806 w.cols=21 lchoose=806 areaidx.len=806 areaidx.range=0..37
[modMDM_BYM2_GH_v2] sizes: nUrbM=741 nRurM=1442 nUrbD=572 nRurD=806 nAreas=41 KUrbM=100 KRurM=100 KUrbD=16 KRurD=21 Q=10
[modMDM_BYM2_GH_v2] about to multiply Q_bym2 by u_bym2 (nAreas=41)
[modMDM_BYM2_GH_v2] completed Q_bym2 * u_bym2 multiply
[modMDM_BYM2_GH_v2] add_dataset start: nObs=741 Kint=100 fe.size=74100 w.rows=741 w.cols=100 lchoose=741 areaidx.len=741 areaidx.range=0..40
[modMDM_BYM2_GH_v2] add_dataset start: nObs=1442 Kint=100 fe.size=144200 w.rows=1442 w.cols=100 lchoose=1442 areaidx.len=1442 areaidx.range=0..37
[modMDM_BYM2_GH_v2] add_dataset start: nObs=572 Kint=16 fe.size=9152 w.rows=572 w.cols=16 lchoose=572 areaidx.len=572 areaidx.range=0..40
[modMDM_BYM2_GH_v2] add_dataset start: nObs=806 Kint=21 fe.size=16926 w.rows=806 w.cols=21 lchoose=806 areaidx.len=806 areaidx.range=0..37
[modMDM_BYM2_GH_v2] sizes: nUrbM=741 nRurM=1442 nUrbD=572 nRurD=806 nAreas=41 KUrbM=100 KRurM=100 KUrbD=16 KRurD=21 Q=10
[modMDM_BYM2_GH_v2] about to multiply Q_bym2 by u_bym2 (nAreas=41)
[modMDM_BYM2_GH_v2] completed Q_bym2 * u_bym2 multiply
[modMDM_BYM2_GH_v2] add_dataset start: nObs=741 Kint=100 fe.size=74100 w.rows=741 w.cols=100 lchoose=741 areaidx.len=741 areaidx.range=0..40
[modMDM_BYM2_GH_v2] add_dataset start: nObs=1442 Kint=100 fe.size=144200 w.rows=1442 w.cols=100 lchoose=1442 areaidx.len=1442 areaidx.range=0..37
[modMDM_BYM2_GH_v2] add_dataset start: nObs=572 Kint=16 fe.size=9152 w.rows=572 w.cols=16 lchoose=572 areaidx.len=572 areaidx.range=0..40
[modMDM_BYM2_GH_v2] add_dataset start: nObs=806 Kint=21 fe.size=16926 w.rows=806 w.cols=21 lchoose=806 areaidx.len=806 areaidx.range=0..37
[modMDM_BYM2_GH_v2] sizes: nUrbM=741 nRurM=1442 nUrbD=572 nRurD=806 nAreas=41 KUrbM=100 KRurM=100 KUrbD=16 KRurD=21 Q=10
[modMDM_BYM2_GH_v2] about to multiply Q_bym2 by u_bym2 (nAreas=41)
[modMDM_BYM2_GH_v2] completed Q_bym2 * u_bym2 multiply
[modMDM_BYM2_GH_v2] add_dataset start: nObs=741 Kint=100 fe.size=74100 w.rows=741 w.cols=100 lchoose=741 areaidx.len=741 areaidx.range=0..40

    FIT ERROR: Caught exception 'std::bad_alloc' in function 'MakeADFunObject'

    -> no score file written

##### [SPDE] sim 7 #####
  [Md_FE] fitting ... Warning in Matrix.DeprecatedCoerce(cd1, cd2) :
  'as(<dgTMatrix>, "dgCMatrix")' is deprecated.
Use 'as(., "CsparseMatrix")' instead.
See help("Deprecated") and help("Matrix-deprecated").
Warning in eigen.spam(tempQ, symmetric = TRUE) : 
 The eigenvalues are calculated with the function 'eigen' from the base package.
[1] "dyn.unload(dynlib('code/'))"
[1] "dyn.unload(dynlib('code/'))"
Warning in TMB::sdreport(obj, getJointPrecision = TRUE, bias.correct = TRUE,  :
  'bias.correct' does nothing without random effects
fit 0.1 min
  [Md] fitting ... Warning in Matrix.DeprecatedCoerce(cd1, cd2) :
  'as(<dgTMatrix>, "dgCMatrix")' is deprecated.
Use 'as(., "CsparseMatrix")' instead.
See help("Deprecated") and help("Matrix-deprecated").
Warning in eigen.spam(tempQ, symmetric = TRUE) : 
 The eigenvalues are calculated with the function 'eigen' from the base package.
[1] "dyn.unload(dynlib('code/'))"
[1] "compiling code/modM_DSepRepar.cpp..."
using C++ compiler: 'G__~1.EXE (GCC) 13.3.0'
make: Nothing to be done for 'all'.
[1] "optimizing for tol = 1e-06."
par:
   log_tau  logit_phi log_tauEps 
         0          0          0 
iter: 1  value: 3837.559 mgc: 1014.821 ustep: 1 
iter: 2  value: 3782.993 mgc: 106.857 ustep: 1 
iter: 3  value: 3782.017 mgc: 10.27909 ustep: 1 
iter: 4  value: 3782.015 mgc: 0.3038266 ustep: 1 
iter: 5  value: 3782.015 mgc: 0.0008267352 ustep: 1 
iter: 6  value: 3782.015 mgc: 1.018018e-08 ustep: 1 
mgc: 1.250964e-13 
iter: 1  mgc: 1.250964e-13 
Matching hessian patterns... Done
outer mgc:  124.3703 
par:
   log_tau  logit_phi log_tauEps 
 0.4443071  0.0368219 -4.9748139 
iter: 1  value: 6347.007 mgc: 2.923673 ustep: 1 
iter: 2  value: 6287.647 mgc: 33.70415 ustep: 1 
iter: 3  value: 6271.847 mgc: 11.10987 ustep: 1 
iter: 4  value: 6268.759 mgc: 3.463185 ustep: 1 
iter: 5  value: 6268.522 mgc: 0.7562935 ustep: 1 
iter: 6  value: 6268.519 mgc: 0.06508867 ustep: 1 
iter: 7  value: 6268.519 mgc: 0.0006105047 ustep: 1 
iter: 8  value: 6268.519 mgc: 3.067478e-07 ustep: 1 
iter: 9  mgc: 7.458907e-13 
par:
    log_tau   logit_phi  log_tauEps 
 0.08886142  0.00736438 -0.99496279 
iter: 1  value: 4039.2 mgc: 1.855503 ustep: 1 
iter: 2  value: 4037.581 mgc: 9.148018 ustep: 1 
iter: 3  value: 4037.579 mgc: 0.2638637 ustep: 1 
iter: 4  value: 4037.579 mgc: 0.0002058266 ustep: 1 
iter: 5  mgc: 7.32683e-09 
par:
     log_tau    logit_phi   log_tauEps 
 0.017772284  0.001472876 -0.198992557 
iter: 1  value: 3819.222 mgc: 0.5312299 ustep: 1 
iter: 2  value: 3819.219 mgc: 0.5023632 ustep: 1 
iter: 3  value: 3819.219 mgc: 0.0003793689 ustep: 1 
iter: 4  mgc: 1.003816e-09 
iter: 1  mgc: 1.003816e-09 
outer mgc:  73.20959 
par:
   log_tau  logit_phi log_tauEps 
 2.0277200  0.1669351 -0.2380160 
iter: 1  value: 3816.619 mgc: 27.49835 ustep: 1 
iter: 2  value: 3816.617 mgc: 0.2896419 ustep: 1 
iter: 3  value: 3816.617 mgc: 0.0004903608 ustep: 1 
iter: 4  mgc: 2.476554e-09 
par:
    log_tau   logit_phi  log_tauEps 
 0.41976182  0.03456532 -0.20679725 
iter: 1  value: 3815.778 mgc: 1.658706 ustep: 1 
iter: 2  value: 3815.778 mgc: 0.003826821 ustep: 1 
iter: 3  value: 3815.778 mgc: 5.621821e-08 ustep: 1 
mgc: 4.808767e-13 
iter: 1  mgc: 4.808767e-13 
outer mgc:  70.4567 
par:
   log_tau  logit_phi log_tauEps 
 1.0337010  0.0471693 -0.5231525 
iter: 1  value: 3884.642 mgc: 4.325185 ustep: 1 
iter: 2  value: 3884.622 mgc: 1.225183 ustep: 1 
iter: 3  value: 3884.622 mgc: 0.00337257 ustep: 1 
iter: 4  value: 3884.622 mgc: 3.041804e-08 ustep: 1 
iter: 5  mgc: 4.416008e-13 
iter: 1  mgc: 4.416008e-13 
outer mgc:  14.28356 
par:
    log_tau   logit_phi  log_tauEps 
 0.93910053  0.07996137 -0.46956781 
iter: 1  value: 3871.14 mgc: 0.7662648 ustep: 1 
iter: 2  value: 3871.14 mgc: 0.03746248 ustep: 1 
iter: 3  value: 3871.14 mgc: 3.17264e-06 ustep: 1 
iter: 4  mgc: 7.720037e-14 
iter: 1  mgc: 7.720037e-14 
outer mgc:  0.02129143 
par:
    log_tau   logit_phi  log_tauEps 
 0.94074216  0.07463612 -0.46961861 
iter: 1  value: 3871.193 mgc: 0.01915579 ustep: 1 
iter: 2  value: 3871.193 mgc: 1.395169e-07 ustep: 1 
iter: 3  mgc: 1.216295e-13 
par:
    log_tau   logit_phi  log_tauEps 
 0.95336623  0.07021621 -0.49091004 
iter: 1  value: 3876.551 mgc: 0.1002611 ustep: 1 
iter: 2  value: 3876.551 mgc: 0.005590219 ustep: 1 
iter: 3  value: 3876.551 mgc: 7.046488e-08 ustep: 1 
iter: 4  mgc: 2.38164e-13 
par:
    log_tau   logit_phi  log_tauEps 
 0.94326698  0.07375213 -0.47387690 
iter: 1  value: 3872.258 mgc: 0.01995094 ustep: 1 
iter: 2  value: 3872.258 mgc: 0.0002250817 ustep: 1 
iter: 3  mgc: 1.121273e-10 
par:
    log_tau   logit_phi  log_tauEps 
 0.94124712  0.07445932 -0.47047027 
iter: 1  value: 3871.405 mgc: 0.003986152 ustep: 1 
iter: 2  value: 3871.405 mgc: 9.015013e-06 ustep: 1 
iter: 3  mgc: 2.331764e-13 
par:
    log_tau   logit_phi  log_tauEps 
 0.94084315  0.07460076 -0.46978894 
iter: 1  value: 3871.235 mgc: 0.000797069 ustep: 1 
iter: 2  value: 3871.235 mgc: 3.606944e-07 ustep: 1 
iter: 3  mgc: 1.693836e-13 
par:
    log_tau   logit_phi  log_tauEps 
 0.94076236  0.07462904 -0.46965268 
iter: 1  value: 3871.201 mgc: 0.0001594074 ustep: 1 
iter: 2  value: 3871.201 mgc: 1.442846e-08 ustep: 1 
mgc: 1.204405e-13 
par:
   log_tau  logit_phi log_tauEps 
 0.9407462  0.0746347 -0.4696254 
iter: 1  value: 3871.194 mgc: 3.188121e-05 ustep: 1 
iter: 2  mgc: 5.771667e-10 
[1] "completed optimization for tol = 1e-06"
iter: 1  mgc: 5.771667e-10 
outer mgc:  0.004554764 
iter: 1  value: 3871.188 mgc: 0.007755663 ustep: 1 
iter: 2  value: 3871.188 mgc: 5.512299e-08 ustep: 1 
iter: 3  mgc: 9.25743e-14 
outer mgc:  0.01683453 
iter: 1  value: 3871.2 mgc: 0.007745701 ustep: 1 
iter: 2  value: 3871.2 mgc: 5.505563e-08 ustep: 1 
iter: 3  mgc: 1.469176e-13 
outer mgc:  0.009207273 
iter: 1  value: 3871.185 mgc: 0.003161487 ustep: 1 
iter: 2  mgc: 2.649722e-09 
outer mgc:  0.004755451 
iter: 1  value: 3871.204 mgc: 0.003158686 ustep: 1 
iter: 2  mgc: 2.648489e-09 
outer mgc:  0.004551638 
iter: 1  value: 3870.943 mgc: 0.002065438 ustep: 1 
iter: 2  value: 3870.943 mgc: 1.220611e-05 ustep: 1 
iter: 3  mgc: 2.828431e-13 
outer mgc:  0.270592 
iter: 1  value: 3871.446 mgc: 0.002063374 ustep: 1 
iter: 2  value: 3871.446 mgc: 1.219676e-05 ustep: 1 
iter: 3  mgc: 2.698584e-13 
outer mgc:  0.2614773 
Re-using symbolic Cholesky
iter: 1  mgc: 5.771667e-10 
Matching hessian patterns... Done
outer mgc:  0.004554764 
iter: 1  mgc: 5.771667e-10 
outer mgc:  0.004554764 
iter: 1  value: 3871.194 mgc: 0.0007291864 ustep: 1 
iter: 2  mgc: 4.87495e-10 
outer mgc:  0.005037003 
iter: 1  value: 3871.195 mgc: 0.0007290983 ustep: 1 
iter: 2  mgc: 4.872049e-10 
outer mgc:  0.004634269 
iter: 1  value: 3871.194 mgc: 2.358527e-05 ustep: 1 
iter: 2  mgc: 1.378696e-13 
outer mgc:  0.004554788 
iter: 1  value: 3871.194 mgc: 2.358515e-05 ustep: 1 
iter: 2  mgc: 2.378457e-13 
outer mgc:  0.004554741 
iter: 1  value: 3871.182 mgc: 9.695197e-05 ustep: 1 
iter: 2  value: 3871.182 mgc: 2.691051e-08 ustep: 1 
mgc: 2.967384e-13 
outer mgc:  0.01704844 
iter: 1  value: 3871.206 mgc: 9.694747e-05 ustep: 1 
iter: 2  value: 3871.206 mgc: 2.690958e-08 ustep: 1 
mgc: 4.563221e-13 
outer mgc:  0.007938896 
iter: 1  value: 3871.194 mgc: 0.0003645821 ustep: 1 
iter: 2  mgc: 1.217878e-10 
outer mgc:  0.004515022 
iter: 1  value: 3871.195 mgc: 0.0003645602 ustep: 1 
iter: 2  mgc: 1.218068e-10 
outer mgc:  0.004594513 
iter: 1  value: 3871.194 mgc: 1.179261e-05 ustep: 1 
iter: 2  mgc: 2.316036e-13 
outer mgc:  0.004554776 
iter: 1  value: 3871.194 mgc: 1.17926e-05 ustep: 1 
iter: 2  mgc: 1.822733e-13 
outer mgc:  0.004554753 
iter: 1  value: 3871.188 mgc: 4.84754e-05 ustep: 1 
iter: 2  mgc: 6.727513e-09 
outer mgc:  0.01080159 
iter: 1  value: 3871.2 mgc: 4.847432e-05 ustep: 1 
iter: 2  mgc: 6.727406e-09 
outer mgc:  0.003831894 
iter: 1  value: 3871.194 mgc: 0.0001822883 ustep: 1 
iter: 2  mgc: 3.035074e-11 
outer mgc:  0.004534893 
iter: 1  value: 3871.194 mgc: 0.0001822829 ustep: 1 
iter: 2  mgc: 3.023035e-11 
outer mgc:  0.004574638 
iter: 1  value: 3871.194 mgc: 5.896289e-06 ustep: 1 
iter: 2  mgc: 1.197932e-13 
outer mgc:  0.00455477 
iter: 1  value: 3871.194 mgc: 5.896315e-06 ustep: 1 
iter: 2  mgc: 1.819838e-13 
outer mgc:  0.004554759 
iter: 1  value: 3871.191 mgc: 2.423755e-05 ustep: 1 
iter: 2  mgc: 1.681773e-09 
outer mgc:  0.00767818 
iter: 1  value: 3871.197 mgc: 2.423732e-05 ustep: 1 
iter: 2  mgc: 1.681847e-09 
outer mgc:  0.003821973 
iter: 1  value: 3871.194 mgc: 9.114344e-05 ustep: 1 
iter: 2  mgc: 7.533529e-12 
outer mgc:  0.004544828 
iter: 1  value: 3871.194 mgc: 9.114214e-05 ustep: 1 
iter: 2  mgc: 7.66976e-12 
outer mgc:  0.004564701 
iter: 1  value: 3871.194 mgc: 2.948134e-06 ustep: 1 
iter: 2  mgc: 6.998242e-13 
outer mgc:  0.004554767 
iter: 1  value: 3871.194 mgc: 2.948168e-06 ustep: 1 
iter: 2  mgc: 2.397668e-13 
outer mgc:  0.004554761 
iter: 1  value: 3871.193 mgc: 1.211872e-05 ustep: 1 
iter: 2  mgc: 4.20446e-10 
outer mgc:  0.006116472 
iter: 1  value: 3871.196 mgc: 1.211871e-05 ustep: 1 
iter: 2  mgc: 4.204278e-10 
outer mgc:  0.003817013 
  elapsed 
0.4018333 
[1] "optimization took 0.875499999999981 minutes"
fit 0.9 min
Warning in sweep(gridDraws_tmb, 2, alpha_tmb_draws, "+") :
  length(STATS) or dim(STATS) do not match dim(x)[MARGIN]
Warning in sweep(gridDraws_tmb, 2, alpha_tmb_draws, "+") :
  length(STATS) or dim(STATS) do not match dim(x)[MARGIN]
  [M_D_FE] fitting ... Warning in Matrix.DeprecatedCoerce(cd1, cd2) :
  'as(<dgTMatrix>, "dgCMatrix")' is deprecated.
Use 'as(., "CsparseMatrix")' instead.
See help("Deprecated") and help("Matrix-deprecated").
Warning in eigen.spam(tempQ, symmetric = TRUE) : 
 The eigenvalues are calculated with the function 'eigen' from the base package.
[1] "dyn.unload(dynlib('code/'))"
Warning: 4 external pointers will be removed
[1] "dyn.unload(dynlib('code/'))"
Warning in TMB::sdreport(obj, getJointPrecision = TRUE, bias.correct = TRUE,  :
  'bias.correct' does nothing without random effects
fit 0.4 min
  [M_M_FE] fitting ... [1] "dyn.unload(dynlib('code/'))"
Warning in TMB::sdreport(obj, getJointPrecision = TRUE, bias.correct = TRUE,  :
  'bias.correct' does nothing without random effects
fit 0.4 min
  [M_DM_FE] fitting ... Warning in Matrix.DeprecatedCoerce(cd1, cd2) :
  'as(<dgTMatrix>, "dgCMatrix")' is deprecated.
Use 'as(., "CsparseMatrix")' instead.
See help("Deprecated") and help("Matrix-deprecated").
Warning in eigen.spam(tempQ, symmetric = TRUE) : 
 The eigenvalues are calculated with the function 'eigen' from the base package.
[1] "dyn.unload(dynlib('code/'))"
Warning: 2 external pointers will be removed
[1] "dyn.unload(dynlib('code/'))"
[modMDM_BYM2_GH_v2] sizes: nUrbM=741 nRurM=1442 nUrbD=572 nRurD=806 nAreas=41 KUrbM=100 KRurM=100 KUrbD=16 KRurD=21 Q=10
[modMDM_BYM2_GH_v2] about to multiply Q_bym2 by u_bym2 (nAreas=41)
[modMDM_BYM2_GH_v2] completed Q_bym2 * u_bym2 multiply
[modMDM_BYM2_GH_v2] add_dataset start: nObs=741 Kint=100 fe.size=74100 w.rows=741 w.cols=100 lchoose=741 areaidx.len=741 areaidx.range=0..40
[modMDM_BYM2_GH_v2] add_dataset start: nObs=1442 Kint=100 fe.size=144200 w.rows=1442 w.cols=100 lchoose=1442 areaidx.len=1442 areaidx.range=0..37
[modMDM_BYM2_GH_v2] add_dataset start: nObs=572 Kint=16 fe.size=9152 w.rows=572 w.cols=16 lchoose=572 areaidx.len=572 areaidx.range=0..40
[modMDM_BYM2_GH_v2] add_dataset start: nObs=806 Kint=21 fe.size=16926 w.rows=806 w.cols=21 lchoose=806 areaidx.len=806 areaidx.range=0..37
[modMDM_BYM2_GH_v2] sizes: nUrbM=741 nRurM=1442 nUrbD=572 nRurD=806 nAreas=41 KUrbM=100 KRurM=100 KUrbD=16 KRurD=21 Q=10
[modMDM_BYM2_GH_v2] about to multiply Q_bym2 by u_bym2 (nAreas=41)
[modMDM_BYM2_GH_v2] completed Q_bym2 * u_bym2 multiply
[modMDM_BYM2_GH_v2] add_dataset start: nObs=741 Kint=100 fe.size=74100 w.rows=741 w.cols=100 lchoose=741 areaidx.len=741 areaidx.range=0..40
[modMDM_BYM2_GH_v2] add_dataset start: nObs=1442 Kint=100 fe.size=144200 w.rows=1442 w.cols=100 lchoose=1442 areaidx.len=1442 areaidx.range=0..37
[modMDM_BYM2_GH_v2] add_dataset start: nObs=572 Kint=16 fe.size=9152 w.rows=572 w.cols=16 lchoose=572 areaidx.len=572 areaidx.range=0..40
[modMDM_BYM2_GH_v2] add_dataset start: nObs=806 Kint=21 fe.size=16926 w.rows=806 w.cols=21 lchoose=806 areaidx.len=806 areaidx.range=0..37
[modMDM_BYM2_GH_v2] sizes: nUrbM=741 nRurM=1442 nUrbD=572 nRurD=806 nAreas=41 KUrbM=100 KRurM=100 KUrbD=16 KRurD=21 Q=10
[modMDM_BYM2_GH_v2] about to multiply Q_bym2 by u_bym2 (nAreas=41)
[modMDM_BYM2_GH_v2] completed Q_bym2 * u_bym2 multiply
[modMDM_BYM2_GH_v2] add_dataset start: nObs=741 Kint=100 fe.size=74100 w.rows=741 w.cols=100 lchoose=741 areaidx.len=741 areaidx.range=0..40
[modMDM_BYM2_GH_v2] add_dataset start: nObs=1442 Kint=100 fe.size=144200 w.rows=1442 w.cols=100 lchoose=1442 areaidx.len=1442 areaidx.range=0..37
[modMDM_BYM2_GH_v2] add_dataset start: nObs=572 Kint=16 fe.size=9152 w.rows=572 w.cols=16 lchoose=572 areaidx.len=572 areaidx.range=0..40
[modMDM_BYM2_GH_v2] add_dataset start: nObs=806 Kint=21 fe.size=16926 w.rows=806 w.cols=21 lchoose=806 areaidx.len=806 areaidx.range=0..37
[modMDM_BYM2_GH_v2] sizes: nUrbM=741 nRurM=1442 nUrbD=572 nRurD=806 nAreas=41 KUrbM=100 KRurM=100 KUrbD=16 KRurD=21 Q=10
[modMDM_BYM2_GH_v2] about to multiply Q_bym2 by u_bym2 (nAreas=41)
[modMDM_BYM2_GH_v2] completed Q_bym2 * u_bym2 multiply
[modMDM_BYM2_GH_v2] add_dataset start: nObs=741 Kint=100 fe.size=74100 w.rows=741 w.cols=100 lchoose=741 areaidx.len=741 areaidx.range=0..40
[modMDM_BYM2_GH_v2] add_dataset start: nObs=1442 Kint=100 fe.size=144200 w.rows=1442 w.cols=100 lchoose=1442 areaidx.len=1442 areaidx.range=0..37
[modMDM_BYM2_GH_v2] add_dataset start: nObs=572 Kint=16 fe.size=9152 w.rows=572 w.cols=16 lchoose=572 areaidx.len=572 areaidx.range=0..40
[modMDM_BYM2_GH_v2] add_dataset start: nObs=806 Kint=21 fe.size=16926 w.rows=806 w.cols=21 lchoose=806 areaidx.len=806 areaidx.range=0..37
[modMDM_BYM2_GH_v2] sizes: nUrbM=741 nRurM=1442 nUrbD=572 nRurD=806 nAreas=41 KUrbM=100 KRurM=100 KUrbD=16 KRurD=21 Q=10
[modMDM_BYM2_GH_v2] about to multiply Q_bym2 by u_bym2 (nAreas=41)
[modMDM_BYM2_GH_v2] completed Q_bym2 * u_bym2 multiply
[modMDM_BYM2_GH_v2] add_dataset start: nObs=741 Kint=100 fe.size=74100 w.rows=741 w.cols=100 lchoose=741 areaidx.len=741 areaidx.range=0..40
[modMDM_BYM2_GH_v2] add_dataset start: nObs=1442 Kint=100 fe.size=144200 w.rows=1442 w.cols=100 lchoose=1442 areaidx.len=1442 areaidx.range=0..37
[modMDM_BYM2_GH_v2] add_dataset start: nObs=572 Kint=16 fe.size=9152 w.rows=572 w.cols=16 lchoose=572 areaidx.len=572 areaidx.range=0..40
[modMDM_BYM2_GH_v2] add_dataset start: nObs=806 Kint=21 fe.size=16926 w.rows=806 w.cols=21 lchoose=806 areaidx.len=806 areaidx.range=0..37
[modMDM_BYM2_GH_v2] sizes: nUrbM=741 nRurM=1442 nUrbD=572 nRurD=806 nAreas=41 KUrbM=100 KRurM=100 KUrbD=16 KRurD=21 Q=10
[modMDM_BYM2_GH_v2] about to multiply Q_bym2 by u_bym2 (nAreas=41)
[modMDM_BYM2_GH_v2] completed Q_bym2 * u_bym2 multiply
[modMDM_BYM2_GH_v2] add_dataset start: nObs=741 Kint=100 fe.size=74100 w.rows=741 w.cols=100 lchoose=741 areaidx.len=741 areaidx.range=0..40
[modMDM_BYM2_GH_v2] add_dataset start: nObs=1442 Kint=100 fe.size=144200 w.rows=1442 w.cols=100 lchoose=1442 areaidx.len=1442 areaidx.range=0..37
[modMDM_BYM2_GH_v2] add_dataset start: nObs=572 Kint=16 fe.size=9152 w.rows=572 w.cols=16 lchoose=572 areaidx.len=572 areaidx.range=0..40
[modMDM_BYM2_GH_v2] add_dataset start: nObs=806 Kint=21 fe.size=16926 w.rows=806 w.cols=21 lchoose=806 areaidx.len=806 areaidx.range=0..37
[modMDM_BYM2_GH_v2] sizes: nUrbM=741 nRurM=1442 nUrbD=572 nRurD=806 nAreas=41 KUrbM=100 KRurM=100 KUrbD=16 KRurD=21 Q=10
[modMDM_BYM2_GH_v2] about to multiply Q_bym2 by u_bym2 (nAreas=41)
[modMDM_BYM2_GH_v2] completed Q_bym2 * u_bym2 multiply
[modMDM_BYM2_GH_v2] add_dataset start: nObs=741 Kint=100 fe.size=74100 w.rows=741 w.cols=100 lchoose=741 areaidx.len=741 areaidx.range=0..40
[modMDM_BYM2_GH_v2] add_dataset start: nObs=1442 Kint=100 fe.size=144200 w.rows=1442 w.cols=100 lchoose=1442 areaidx.len=1442 areaidx.range=0..37
[modMDM_BYM2_GH_v2] add_dataset start: nObs=572 Kint=16 fe.size=9152 w.rows=572 w.cols=16 lchoose=572 areaidx.len=572 areaidx.range=0..40
[modMDM_BYM2_GH_v2] add_dataset start: nObs=806 Kint=21 fe.size=16926 w.rows=806 w.cols=21 lchoose=806 areaidx.len=806 areaidx.range=0..37
Warning in TMB::sdreport(obj, getJointPrecision = TRUE, bias.correct = TRUE,  :
  'bias.correct' does nothing without random effects
fit 4.1 min
  [M_D_BYM2] fitting ... Warning in Matrix.DeprecatedCoerce(cd1, cd2) :
  'as(<dgTMatrix>, "dgCMatrix")' is deprecated.
Use 'as(., "CsparseMatrix")' instead.
See help("Deprecated") and help("Matrix-deprecated").
Warning in eigen.spam(tempQ, symmetric = TRUE) : 
 The eigenvalues are calculated with the function 'eigen' from the base package.
Warning in Matrix.DeprecatedCoerce(cd1, cd2) :
  'as(<dgTMatrix>, "dgCMatrix")' is deprecated.
Use 'as(., "CsparseMatrix")' instead.
See help("Deprecated") and help("Matrix-deprecated").
Warning in eigen.spam(tempQ, symmetric = TRUE) : 
 The eigenvalues are calculated with the function 'eigen' from the base package.
[1] "dyn.unload(dynlib('code/'))"
Warning: 2 external pointers will be removed
[1] "dyn.unload(dynlib('code/'))"
[1] "dyn.unload(dynlib('code/'))"
fit 1.7 min
Warning in .local(A, ...) :
  CHOLMOD warning 'matrix not positive definite' at file 'Supernodal/t_cholmod_super_numeric_worker.c', line 1114
